ISO-10303-21;
HEADER;
FILE_DESCRIPTION(('Open CASCADE Model'),'2;1');
FILE_NAME('Open CASCADE Shape Model','2026-10-07T11:03:32',('Author'),(
    'Open CASCADE'),'Open CASCADE STEP processor 8.0','build123d',
  'Unknown');
FILE_SCHEMA(('AUTOMOTIVE_DESIGN { 1 0 10303 214 1 1 1 1 }'));
ENDSEC;
DATA;
#1 = APPLICATION_PROTOCOL_DEFINITION('international standard',
  'automotive_design',2000,#2);
#2 = APPLICATION_CONTEXT(
  'core data for automotive mechanical design processes');
#3 = SHAPE_DEFINITION_REPRESENTATION(#4,#10);
#4 = PRODUCT_DEFINITION_SHAPE('','',#5);
#5 = PRODUCT_DEFINITION('design','',#6,#9);
#6 = PRODUCT_DEFINITION_FORMATION('','',#7);
#7 = PRODUCT('COMPOUND','COMPOUND','',(#8));
#8 = PRODUCT_CONTEXT('',#2,'mechanical');
#9 = PRODUCT_DEFINITION_CONTEXT('part definition',#2,'design');
#10 = ADVANCED_BREP_SHAPE_REPRESENTATION('',(#11,#15),#11733);
#11 = AXIS2_PLACEMENT_3D('',#12,#13,#14);
#12 = CARTESIAN_POINT('',(0.,0.,0.));
#13 = DIRECTION('',(0.,0.,1.));
#14 = DIRECTION('',(1.,0.,-0.));
#15 = MANIFOLD_SOLID_BREP('',#16);
#16 = CLOSED_SHELL('',(#17,#240,#396,#499,#552,#703,#911,#959,#1105,
    #1188,#1241,#1269,#1318,#1406,#1460,#1508,#1654,#1715,#1861,#2154,
    #2310,#2374,#2427,#2521,#2627,#2654,#2803,#3297,#3349,#3419,#3553,
    #3739,#3787,#3839,#4321,#4379,#4455,#4509,#4558,#4590,#4661,#4715,
    #4769,#4776,#4802,#4850,#4936,#4993,#5042,#5100,#5127,#5134,#5183,
    #5244,#5299,#5354,#5409,#5464,#5519,#5574,#5629,#5684,#5739,#5794,
    #5820,#5872,#5879,#5912,#5961,#5994,#6058,#6065,#6141,#6195,#6244,
    #6298,#6347,#6401,#6450,#6482,#7849,#7856,#7863,#7867,#7902,#7937,
    #7972,#8007,#8042,#8077,#8081,#8116,#8151,#8410,#8486,#8541,#8590,
    #8639,#8688,#8751,#8800,#8827,#8903,#8952,#9001,#9050,#9099,#9148,
    #9197,#9246,#9295,#9344,#9393,#9420,#9475,#9551,#9626,#9675,#9750,
    #9801,#9850,#9877,#9953,#10002,#10051,#10100,#10149,#10198,#10247,
    #10296,#10345,#10394,#10443,#10470,#10554,#10609,#10664,#10719,
    #10774,#10829,#10884,#10939,#10994,#11049,#11099,#11149,#11199,
    #11249,#11299,#11349,#11399,#11449,#11460,#11475,#11479,#11489,
    #11504,#11585,#11589,#11596,#11603,#11610,#11617,#11624,#11631,
    #11638,#11645,#11729));
#17 = ADVANCED_FACE('',(#18),#33,.T.);
#18 = FACE_BOUND('',#19,.F.);
#19 = EDGE_LOOP('',(#20,#72,#99,#128,#155,#188));
#20 = ORIENTED_EDGE('',*,*,#21,.F.);
#21 = EDGE_CURVE('',#22,#24,#26,.T.);
#22 = VERTEX_POINT('',#23);
#23 = CARTESIAN_POINT('',(-144.95,34.675,10.6));
#24 = VERTEX_POINT('',#25);
#25 = CARTESIAN_POINT('',(-144.4317068787,37.005793121222,10.6));
#26 = SURFACE_CURVE('',#27,(#32,#56),.PCURVE_S1.);
#27 = CIRCLE('',#28,5.5);
#28 = AXIS2_PLACEMENT_3D('',#29,#30,#31);
#29 = CARTESIAN_POINT('',(-139.45,34.675,10.6));
#30 = DIRECTION('',(-0.,0.,-1.));
#31 = DIRECTION('',(-1.,0.,0.));
#32 = PCURVE('',#33,#50);
#33 = SURFACE_OF_REVOLUTION('',#34,#47);
#34 = B_SPLINE_CURVE_WITH_KNOTS('',6,(#35,#36,#37,#38,#39,#40,#41,#42,
    #43,#44,#45,#46),.UNSPECIFIED.,.F.,.F.,(7,5,7),(0.,0.785398163397,
    1.570796326795),.UNSPECIFIED.);
#35 = CARTESIAN_POINT('',(-151.45,34.675,4.1));
#36 = CARTESIAN_POINT('',(-151.45,34.675,4.950848010347));
#37 = CARTESIAN_POINT('',(-151.3163496313,34.675,5.801694599545));
#38 = CARTESIAN_POINT('',(-151.0490454121,34.675000000001,6.626307327236
    ));
#39 = CARTESIAN_POINT('',(-150.6549687865,34.675,7.398409204864));
#40 = CARTESIAN_POINT('',(-150.1478344755,34.675,8.094553679837));
#41 = CARTESIAN_POINT('',(-148.9445536798,34.675,9.297834475588));
#42 = CARTESIAN_POINT('',(-148.2484092048,34.675,9.804968786558));
#43 = CARTESIAN_POINT('',(-147.4763073272,34.675000000001,
    10.199045412135));
#44 = CARTESIAN_POINT('',(-146.6516945995,34.675,10.466349631321));
#45 = CARTESIAN_POINT('',(-145.8008480103,34.675,10.6));
#46 = CARTESIAN_POINT('',(-144.95,34.675,10.6));
#47 = AXIS1_PLACEMENT('',#48,#49);
#48 = CARTESIAN_POINT('',(-139.45,34.675,4.1));
#49 = DIRECTION('',(0.,0.,1.));
#50 = DEFINITIONAL_REPRESENTATION('',(#51),#55);
#51 = LINE('',#52,#53);
#52 = CARTESIAN_POINT('',(-0.,1.570796326795));
#53 = VECTOR('',#54,1.);
#54 = DIRECTION('',(-1.,0.));
#55 = ( GEOMETRIC_REPRESENTATION_CONTEXT(2) 
PARAMETRIC_REPRESENTATION_CONTEXT() REPRESENTATION_CONTEXT('2D SPACE',''
  ) );
#56 = PCURVE('',#57,#62);
#57 = PLANE('',#58);
#58 = AXIS2_PLACEMENT_3D('',#59,#60,#61);
#59 = CARTESIAN_POINT('',(6.929967537268E-15,-2.137968708306E-15,10.6));
#60 = DIRECTION('',(0.,0.,1.));
#61 = DIRECTION('',(1.,0.,0.));
#62 = DEFINITIONAL_REPRESENTATION('',(#63),#71);
#63 = ( BOUNDED_CURVE() B_SPLINE_CURVE(2,(#64,#65,#66,#67,#68,#69,#70),
.UNSPECIFIED.,.T.,.F.) B_SPLINE_CURVE_WITH_KNOTS((1,2,2,2,2,1),(
    -2.094395102393,0.,2.094395102393,4.188790204786,6.28318530718,
8.377580409573),.UNSPECIFIED.) CURVE() GEOMETRIC_REPRESENTATION_ITEM() 
RATIONAL_B_SPLINE_CURVE((1.,0.5,1.,0.5,1.,0.5,1.)) REPRESENTATION_ITEM(
  '') );
#64 = CARTESIAN_POINT('',(-144.95,34.675));
#65 = CARTESIAN_POINT('',(-144.95,44.201279441629));
#66 = CARTESIAN_POINT('',(-136.7,39.438139720814));
#67 = CARTESIAN_POINT('',(-128.45,34.675));
#68 = CARTESIAN_POINT('',(-136.7,29.911860279186));
#69 = CARTESIAN_POINT('',(-144.95,25.148720558371));
#70 = CARTESIAN_POINT('',(-144.95,34.675));
#71 = ( GEOMETRIC_REPRESENTATION_CONTEXT(2) 
PARAMETRIC_REPRESENTATION_CONTEXT() REPRESENTATION_CONTEXT('2D SPACE',''
  ) );
#72 = ORIENTED_EDGE('',*,*,#73,.F.);
#73 = EDGE_CURVE('',#74,#22,#76,.T.);
#74 = VERTEX_POINT('',#75);
#75 = CARTESIAN_POINT('',(-151.45,34.675,4.1));
#76 = SURFACE_CURVE('',#77,(#82,#88),.PCURVE_S1.);
#77 = CIRCLE('',#78,6.5);
#78 = AXIS2_PLACEMENT_3D('',#79,#80,#81);
#79 = CARTESIAN_POINT('',(-144.95,34.675,4.1));
#80 = DIRECTION('',(0.,1.,0.));
#81 = DIRECTION('',(-1.,0.,0.));
#82 = PCURVE('',#33,#83);
#83 = DEFINITIONAL_REPRESENTATION('',(#84),#87);
#84 = B_SPLINE_CURVE_WITH_KNOTS('',1,(#85,#86),.UNSPECIFIED.,.F.,.F.,(2,
    2),(0.,1.570796326795),.PIECEWISE_BEZIER_KNOTS.);
#85 = CARTESIAN_POINT('',(0.,0.));
#86 = CARTESIAN_POINT('',(0.,1.570796326795));
#87 = ( GEOMETRIC_REPRESENTATION_CONTEXT(2) 
PARAMETRIC_REPRESENTATION_CONTEXT() REPRESENTATION_CONTEXT('2D SPACE',''
  ) );
#88 = PCURVE('',#89,#94);
#89 = CYLINDRICAL_SURFACE('',#90,6.5);
#90 = AXIS2_PLACEMENT_3D('',#91,#92,#93);
#91 = CARTESIAN_POINT('',(-144.95,-34.675,4.1));
#92 = DIRECTION('',(0.,1.,0.));
#93 = DIRECTION('',(-1.,0.,0.));
#94 = DEFINITIONAL_REPRESENTATION('',(#95),#98);
#95 = B_SPLINE_CURVE_WITH_KNOTS('',1,(#96,#97),.UNSPECIFIED.,.F.,.F.,(2,
    2),(0.,1.570796326795),.PIECEWISE_BEZIER_KNOTS.);
#96 = CARTESIAN_POINT('',(0.,69.35));
#97 = CARTESIAN_POINT('',(1.570796326795,69.35));
#98 = ( GEOMETRIC_REPRESENTATION_CONTEXT(2) 
PARAMETRIC_REPRESENTATION_CONTEXT() REPRESENTATION_CONTEXT('2D SPACE',''
  ) );
#99 = ORIENTED_EDGE('',*,*,#100,.T.);
#100 = EDGE_CURVE('',#74,#101,#103,.T.);
#101 = VERTEX_POINT('',#102);
#102 = CARTESIAN_POINT('',(-139.45,46.675,4.1));
#103 = SURFACE_CURVE('',#104,(#109,#116),.PCURVE_S1.);
#104 = CIRCLE('',#105,12.);
#105 = AXIS2_PLACEMENT_3D('',#106,#107,#108);
#106 = CARTESIAN_POINT('',(-139.45,34.675,4.1));
#107 = DIRECTION('',(-0.,0.,-1.));
#108 = DIRECTION('',(-1.,0.,0.));
#109 = PCURVE('',#33,#110);
#110 = DEFINITIONAL_REPRESENTATION('',(#111),#115);
#111 = LINE('',#112,#113);
#112 = CARTESIAN_POINT('',(-0.,0.));
#113 = VECTOR('',#114,1.);
#114 = DIRECTION('',(-1.,0.));
#115 = ( GEOMETRIC_REPRESENTATION_CONTEXT(2) 
PARAMETRIC_REPRESENTATION_CONTEXT() REPRESENTATION_CONTEXT('2D SPACE',''
  ) );
#116 = PCURVE('',#117,#122);
#117 = CYLINDRICAL_SURFACE('',#118,12.);
#118 = AXIS2_PLACEMENT_3D('',#119,#120,#121);
#119 = CARTESIAN_POINT('',(-139.45,34.675,-20.81148036205));
#120 = DIRECTION('',(-0.,-0.,-1.));
#121 = DIRECTION('',(1.,0.,0.));
#122 = DEFINITIONAL_REPRESENTATION('',(#123),#127);
#123 = LINE('',#124,#125);
#124 = CARTESIAN_POINT('',(-3.14159265359,-24.91148036205));
#125 = VECTOR('',#126,1.);
#126 = DIRECTION('',(1.,-0.));
#127 = ( GEOMETRIC_REPRESENTATION_CONTEXT(2) 
PARAMETRIC_REPRESENTATION_CONTEXT() REPRESENTATION_CONTEXT('2D SPACE',''
  ) );
#128 = ORIENTED_EDGE('',*,*,#129,.T.);
#129 = EDGE_CURVE('',#101,#130,#132,.T.);
#130 = VERTEX_POINT('',#131);
#131 = CARTESIAN_POINT('',(-139.45,40.175,10.6));
#132 = SURFACE_CURVE('',#133,(#138,#144),.PCURVE_S1.);
#133 = CIRCLE('',#134,6.5);
#134 = AXIS2_PLACEMENT_3D('',#135,#136,#137);
#135 = CARTESIAN_POINT('',(-139.45,40.175,4.1));
#136 = DIRECTION('',(1.,6.123233995737E-17,-0.));
#137 = DIRECTION('',(-6.123233995737E-17,1.,0.));
#138 = PCURVE('',#33,#139);
#139 = DEFINITIONAL_REPRESENTATION('',(#140),#143);
#140 = B_SPLINE_CURVE_WITH_KNOTS('',1,(#141,#142),.UNSPECIFIED.,.F.,.F.,
  (2,2),(0.,1.570796326795),.PIECEWISE_BEZIER_KNOTS.);
#141 = CARTESIAN_POINT('',(-1.570796326795,0.));
#142 = CARTESIAN_POINT('',(-1.570796326795,1.570796326795));
#143 = ( GEOMETRIC_REPRESENTATION_CONTEXT(2) 
PARAMETRIC_REPRESENTATION_CONTEXT() REPRESENTATION_CONTEXT('2D SPACE',''
  ) );
#144 = PCURVE('',#145,#150);
#145 = CYLINDRICAL_SURFACE('',#146,6.5);
#146 = AXIS2_PLACEMENT_3D('',#147,#148,#149);
#147 = CARTESIAN_POINT('',(-139.45,40.175,4.1));
#148 = DIRECTION('',(1.,0.,0.));
#149 = DIRECTION('',(-0.,1.,0.));
#150 = DEFINITIONAL_REPRESENTATION('',(#151),#154);
#151 = B_SPLINE_CURVE_WITH_KNOTS('',1,(#152,#153),.UNSPECIFIED.,.F.,.F.,
  (2,2),(0.,1.570796326795),.PIECEWISE_BEZIER_KNOTS.);
#152 = CARTESIAN_POINT('',(0.,0.));
#153 = CARTESIAN_POINT('',(1.570796326795,0.));
#154 = ( GEOMETRIC_REPRESENTATION_CONTEXT(2) 
PARAMETRIC_REPRESENTATION_CONTEXT() REPRESENTATION_CONTEXT('2D SPACE',''
  ) );
#155 = ORIENTED_EDGE('',*,*,#156,.F.);
#156 = EDGE_CURVE('',#157,#130,#159,.T.);
#157 = VERTEX_POINT('',#158);
#158 = CARTESIAN_POINT('',(-141.7807931212,39.656706878778,10.6));
#159 = SURFACE_CURVE('',#160,(#165,#172),.PCURVE_S1.);
#160 = CIRCLE('',#161,5.5);
#161 = AXIS2_PLACEMENT_3D('',#162,#163,#164);
#162 = CARTESIAN_POINT('',(-139.45,34.675,10.6));
#163 = DIRECTION('',(-0.,0.,-1.));
#164 = DIRECTION('',(-1.,0.,0.));
#165 = PCURVE('',#33,#166);
#166 = DEFINITIONAL_REPRESENTATION('',(#167),#171);
#167 = LINE('',#168,#169);
#168 = CARTESIAN_POINT('',(-0.,1.570796326795));
#169 = VECTOR('',#170,1.);
#170 = DIRECTION('',(-1.,0.));
#171 = ( GEOMETRIC_REPRESENTATION_CONTEXT(2) 
PARAMETRIC_REPRESENTATION_CONTEXT() REPRESENTATION_CONTEXT('2D SPACE',''
  ) );
#172 = PCURVE('',#173,#178);
#173 = PLANE('',#174);
#174 = AXIS2_PLACEMENT_3D('',#175,#176,#177);
#175 = CARTESIAN_POINT('',(6.929967537268E-15,-2.137968708306E-15,10.6)
  );
#176 = DIRECTION('',(0.,0.,1.));
#177 = DIRECTION('',(1.,0.,0.));
#178 = DEFINITIONAL_REPRESENTATION('',(#179),#187);
#179 = ( BOUNDED_CURVE() B_SPLINE_CURVE(2,(#180,#181,#182,#183,#184,#185
,#186),.UNSPECIFIED.,.T.,.F.) B_SPLINE_CURVE_WITH_KNOTS((1,2,2,2,2,1),(
    -2.094395102393,0.,2.094395102393,4.188790204786,6.28318530718,
8.377580409573),.UNSPECIFIED.) CURVE() GEOMETRIC_REPRESENTATION_ITEM() 
RATIONAL_B_SPLINE_CURVE((1.,0.5,1.,0.5,1.,0.5,1.)) REPRESENTATION_ITEM(
  '') );
#180 = CARTESIAN_POINT('',(-144.95,34.675));
#181 = CARTESIAN_POINT('',(-144.95,44.201279441629));
#182 = CARTESIAN_POINT('',(-136.7,39.438139720814));
#183 = CARTESIAN_POINT('',(-128.45,34.675));
#184 = CARTESIAN_POINT('',(-136.7,29.911860279186));
#185 = CARTESIAN_POINT('',(-144.95,25.148720558371));
#186 = CARTESIAN_POINT('',(-144.95,34.675));
#187 = ( GEOMETRIC_REPRESENTATION_CONTEXT(2) 
PARAMETRIC_REPRESENTATION_CONTEXT() REPRESENTATION_CONTEXT('2D SPACE',''
  ) );
#188 = ORIENTED_EDGE('',*,*,#189,.T.);
#189 = EDGE_CURVE('',#157,#24,#190,.T.);
#190 = SURFACE_CURVE('',#191,(#199,#211),.PCURVE_S1.);
#191 = ( BOUNDED_CURVE() B_SPLINE_CURVE(6,(#192,#193,#194,#195,#196,#197
,#198),.UNSPECIFIED.,.F.,.F.) B_SPLINE_CURVE_WITH_KNOTS((7,7),(
722.14575604431,724.84539253081),.PIECEWISE_BEZIER_KNOTS.) CURVE() 
GEOMETRIC_REPRESENTATION_ITEM() RATIONAL_B_SPLINE_CURVE((1.,1.,1.,1.,1.,
1.,1.)) REPRESENTATION_ITEM('') );
#192 = CARTESIAN_POINT('',(-141.7807931212,39.656706878778,10.6));
#193 = CARTESIAN_POINT('',(-142.4556268698,39.618715806165,10.6));
#194 = CARTESIAN_POINT('',(-143.1287014854,39.387987663695,
    10.588343826284));
#195 = CARTESIAN_POINT('',(-143.7291456411,38.954145641197,
    10.580369322313));
#196 = CARTESIAN_POINT('',(-144.1629876636,38.353701485447,
    10.588343826284));
#197 = CARTESIAN_POINT('',(-144.3937158061,37.68062686989,10.6));
#198 = CARTESIAN_POINT('',(-144.4317068787,37.005793121222,10.6));
#199 = PCURVE('',#33,#200);
#200 = DEFINITIONAL_REPRESENTATION('',(#201),#210);
#201 = B_SPLINE_CURVE_WITH_KNOTS('',7,(#202,#203,#204,#205,#206,#207,
    #208,#209),.UNSPECIFIED.,.F.,.F.,(8,8),(722.14575604431,
    724.84539253081),.PIECEWISE_BEZIER_KNOTS.);
#202 = CARTESIAN_POINT('',(-1.13318116724,1.570796326795));
#203 = CARTESIAN_POINT('',(-1.035413802183,1.537622201602));
#204 = CARTESIAN_POINT('',(-0.936184376032,1.514289862147));
#205 = CARTESIAN_POINT('',(-0.835680601218,1.502078077896));
#206 = CARTESIAN_POINT('',(-0.735115725577,1.502078077896));
#207 = CARTESIAN_POINT('',(-0.634611950763,1.514289862147));
#208 = CARTESIAN_POINT('',(-0.535382524612,1.537622201602));
#209 = CARTESIAN_POINT('',(-0.437615159555,1.570796326795));
#210 = ( GEOMETRIC_REPRESENTATION_CONTEXT(2) 
PARAMETRIC_REPRESENTATION_CONTEXT() REPRESENTATION_CONTEXT('2D SPACE',''
  ) );
#211 = PCURVE('',#212,#234);
#212 = ( BOUNDED_SURFACE() B_SPLINE_SURFACE(2,6,(
    (#213,#214,#215,#216,#217,#218,#219)
    ,(#220,#221,#222,#223,#224,#225,#226)
    ,(#227,#228,#229,#230,#231,#232,#233
)),.UNSPECIFIED.,.F.,.F.,.F.) B_SPLINE_SURFACE_WITH_KNOTS((3,3),(7,7),(
    0.,2.699636486507),(722.14575604431,724.84539253081),
.PIECEWISE_BEZIER_KNOTS.) GEOMETRIC_REPRESENTATION_ITEM() 
RATIONAL_B_SPLINE_SURFACE((
    (1.,1.,1.,1.,1.,1.,1.)
    ,(0.707106781187,0.694148799638,0.684347883939,0.680421428004
      ,0.684347883939,0.694148799638,0.707106781187)
,(1.,1.,1.,1.,1.,1.,1.))) REPRESENTATION_ITEM('') SURFACE() );
#213 = CARTESIAN_POINT('',(-141.7807931212,39.656706878778,10.6));
#214 = CARTESIAN_POINT('',(-142.4556268698,39.618715806165,10.6));
#215 = CARTESIAN_POINT('',(-143.1287014854,39.387987663695,
    10.588343826284));
#216 = CARTESIAN_POINT('',(-143.7291456411,38.954145641197,
    10.580369322313));
#217 = CARTESIAN_POINT('',(-144.1629876636,38.353701485447,
    10.588343826284));
#218 = CARTESIAN_POINT('',(-144.3937158061,37.68062686989,10.6));
#219 = CARTESIAN_POINT('',(-144.4317068787,37.005793121222,10.6));
#220 = CARTESIAN_POINT('',(-141.6705287474,38.662804585852,10.6));
#221 = CARTESIAN_POINT('',(-142.126071721,38.612266257237,
    10.637334881385));
#222 = CARTESIAN_POINT('',(-142.5608563335,38.437551769259,
    10.655268013806));
#223 = CARTESIAN_POINT('',(-142.9283365638,38.153336563815,
    10.660784768659));
#224 = CARTESIAN_POINT('',(-143.2125517692,37.785856333572,
    10.655268013807));
#225 = CARTESIAN_POINT('',(-143.3872662572,37.351071721037,
    10.637334881385));
#226 = CARTESIAN_POINT('',(-143.4378045858,36.895528747481,10.6));
#227 = CARTESIAN_POINT('',(-141.6705287474,38.662804585852,9.6));
#228 = CARTESIAN_POINT('',(-142.1177237351,38.613192389961,9.6));
#229 = CARTESIAN_POINT('',(-142.5515128262,38.442867097372,
    9.589942922921));
#230 = CARTESIAN_POINT('',(-142.9312568537,38.156256853715,
    9.583680023657));
#231 = CARTESIAN_POINT('',(-143.2178670973,37.776512826225,
    9.589942922921));
#232 = CARTESIAN_POINT('',(-143.3881923899,37.342723735127,9.6));
#233 = CARTESIAN_POINT('',(-143.4378045858,36.895528747481,9.6));
#234 = DEFINITIONAL_REPRESENTATION('',(#235),#239);
#235 = LINE('',#236,#237);
#236 = CARTESIAN_POINT('',(0.,0.));
#237 = VECTOR('',#238,1.);
#238 = DIRECTION('',(0.,1.));
#239 = ( GEOMETRIC_REPRESENTATION_CONTEXT(2) 
PARAMETRIC_REPRESENTATION_CONTEXT() REPRESENTATION_CONTEXT('2D SPACE',''
  ) );
#240 = ADVANCED_FACE('',(#241),#57,.T.);
#241 = FACE_BOUND('',#242,.T.);
#242 = EDGE_LOOP('',(#243,#290,#319,#347,#374,#375));
#243 = ORIENTED_EDGE('',*,*,#244,.F.);
#244 = EDGE_CURVE('',#245,#247,#249,.T.);
#245 = VERTEX_POINT('',#246);
#246 = CARTESIAN_POINT('',(-144.4317068787,-37.00579312122,10.6));
#247 = VERTEX_POINT('',#248);
#248 = CARTESIAN_POINT('',(-144.95,-34.675,10.6));
#249 = SURFACE_CURVE('',#250,(#255,#266),.PCURVE_S1.);
#250 = CIRCLE('',#251,5.5);
#251 = AXIS2_PLACEMENT_3D('',#252,#253,#254);
#252 = CARTESIAN_POINT('',(-139.45,-34.675,10.6));
#253 = DIRECTION('',(-0.,-0.,-1.));
#254 = DIRECTION('',(0.,-1.,0.));
#255 = PCURVE('',#57,#256);
#256 = DEFINITIONAL_REPRESENTATION('',(#257),#265);
#257 = ( BOUNDED_CURVE() B_SPLINE_CURVE(2,(#258,#259,#260,#261,#262,#263
,#264),.UNSPECIFIED.,.T.,.F.) B_SPLINE_CURVE_WITH_KNOTS((1,2,2,2,2,1),(
    -2.094395102393,0.,2.094395102393,4.188790204786,6.28318530718,
8.377580409573),.UNSPECIFIED.) CURVE() GEOMETRIC_REPRESENTATION_ITEM() 
RATIONAL_B_SPLINE_CURVE((1.,0.5,1.,0.5,1.,0.5,1.)) REPRESENTATION_ITEM(
  '') );
#258 = CARTESIAN_POINT('',(-139.45,-40.175));
#259 = CARTESIAN_POINT('',(-148.9762794416,-40.175));
#260 = CARTESIAN_POINT('',(-144.2131397208,-31.925));
#261 = CARTESIAN_POINT('',(-139.45,-23.675));
#262 = CARTESIAN_POINT('',(-134.6868602791,-31.925));
#263 = CARTESIAN_POINT('',(-129.9237205583,-40.175));
#264 = CARTESIAN_POINT('',(-139.45,-40.175));
#265 = ( GEOMETRIC_REPRESENTATION_CONTEXT(2) 
PARAMETRIC_REPRESENTATION_CONTEXT() REPRESENTATION_CONTEXT('2D SPACE',''
  ) );
#266 = PCURVE('',#267,#284);
#267 = SURFACE_OF_REVOLUTION('',#268,#281);
#268 = B_SPLINE_CURVE_WITH_KNOTS('',6,(#269,#270,#271,#272,#273,#274,
    #275,#276,#277,#278,#279,#280),.UNSPECIFIED.,.F.,.F.,(7,5,7),(0.,
    0.785398163397,1.570796326795),.UNSPECIFIED.);
#269 = CARTESIAN_POINT('',(-139.45,-46.675,4.1));
#270 = CARTESIAN_POINT('',(-139.45,-46.675,4.950848010347));
#271 = CARTESIAN_POINT('',(-139.45,-46.54134963132,5.801694599545));
#272 = CARTESIAN_POINT('',(-139.45,-46.27404541213,6.626307327236));
#273 = CARTESIAN_POINT('',(-139.45,-45.87996878655,7.398409204865));
#274 = CARTESIAN_POINT('',(-139.45,-45.37283447558,8.094553679837));
#275 = CARTESIAN_POINT('',(-139.45,-44.16955367983,9.297834475588));
#276 = CARTESIAN_POINT('',(-139.45,-43.47340920486,9.804968786558));
#277 = CARTESIAN_POINT('',(-139.4499999999,-42.70130732723,
    10.199045412135));
#278 = CARTESIAN_POINT('',(-139.45,-41.87669459954,10.466349631321));
#279 = CARTESIAN_POINT('',(-139.45,-41.02584801034,10.6));
#280 = CARTESIAN_POINT('',(-139.45,-40.175,10.6));
#281 = AXIS1_PLACEMENT('',#282,#283);
#282 = CARTESIAN_POINT('',(-139.45,-34.675,4.1));
#283 = DIRECTION('',(0.,0.,1.));
#284 = DEFINITIONAL_REPRESENTATION('',(#285),#289);
#285 = LINE('',#286,#287);
#286 = CARTESIAN_POINT('',(-0.,1.570796326795));
#287 = VECTOR('',#288,1.);
#288 = DIRECTION('',(-1.,0.));
#289 = ( GEOMETRIC_REPRESENTATION_CONTEXT(2) 
PARAMETRIC_REPRESENTATION_CONTEXT() REPRESENTATION_CONTEXT('2D SPACE',''
  ) );
#290 = ORIENTED_EDGE('',*,*,#291,.F.);
#291 = EDGE_CURVE('',#292,#245,#294,.T.);
#292 = VERTEX_POINT('',#293);
#293 = CARTESIAN_POINT('',(-144.45,-36.675,10.6));
#294 = SURFACE_CURVE('',#295,(#300,#307),.PCURVE_S1.);
#295 = CIRCLE('',#296,3.);
#296 = AXIS2_PLACEMENT_3D('',#297,#298,#299);
#297 = CARTESIAN_POINT('',(-141.45,-36.675,10.6));
#298 = DIRECTION('',(0.,0.,1.));
#299 = DIRECTION('',(-1.,0.,0.));
#300 = PCURVE('',#57,#301);
#301 = DEFINITIONAL_REPRESENTATION('',(#302),#306);
#302 = CIRCLE('',#303,3.);
#303 = AXIS2_PLACEMENT_2D('',#304,#305);
#304 = CARTESIAN_POINT('',(-141.45,-36.675));
#305 = DIRECTION('',(-1.,0.));
#306 = ( GEOMETRIC_REPRESENTATION_CONTEXT(2) 
PARAMETRIC_REPRESENTATION_CONTEXT() REPRESENTATION_CONTEXT('2D SPACE',''
  ) );
#307 = PCURVE('',#308,#313);
#308 = TOROIDAL_SURFACE('',#309,3.,1.);
#309 = AXIS2_PLACEMENT_3D('',#310,#311,#312);
#310 = CARTESIAN_POINT('',(-141.45,-36.675,9.6));
#311 = DIRECTION('',(0.,0.,1.));
#312 = DIRECTION('',(-1.,0.,0.));
#313 = DEFINITIONAL_REPRESENTATION('',(#314),#318);
#314 = LINE('',#315,#316);
#315 = CARTESIAN_POINT('',(0.,1.570796326795));
#316 = VECTOR('',#317,1.);
#317 = DIRECTION('',(1.,0.));
#318 = ( GEOMETRIC_REPRESENTATION_CONTEXT(2) 
PARAMETRIC_REPRESENTATION_CONTEXT() REPRESENTATION_CONTEXT('2D SPACE',''
  ) );
#319 = ORIENTED_EDGE('',*,*,#320,.F.);
#320 = EDGE_CURVE('',#321,#292,#323,.T.);
#321 = VERTEX_POINT('',#322);
#322 = CARTESIAN_POINT('',(-144.45,36.675,10.6));
#323 = SURFACE_CURVE('',#324,(#328,#335),.PCURVE_S1.);
#324 = LINE('',#325,#326);
#325 = CARTESIAN_POINT('',(-144.45,36.675,10.6));
#326 = VECTOR('',#327,1.);
#327 = DIRECTION('',(0.,-1.,0.));
#328 = PCURVE('',#57,#329);
#329 = DEFINITIONAL_REPRESENTATION('',(#330),#334);
#330 = LINE('',#331,#332);
#331 = CARTESIAN_POINT('',(-144.45,36.675));
#332 = VECTOR('',#333,1.);
#333 = DIRECTION('',(0.,-1.));
#334 = ( GEOMETRIC_REPRESENTATION_CONTEXT(2) 
PARAMETRIC_REPRESENTATION_CONTEXT() REPRESENTATION_CONTEXT('2D SPACE',''
  ) );
#335 = PCURVE('',#336,#341);
#336 = CYLINDRICAL_SURFACE('',#337,1.);
#337 = AXIS2_PLACEMENT_3D('',#338,#339,#340);
#338 = CARTESIAN_POINT('',(-144.45,36.675,9.6));
#339 = DIRECTION('',(0.,-1.,0.));
#340 = DIRECTION('',(0.,0.,1.));
#341 = DEFINITIONAL_REPRESENTATION('',(#342),#346);
#342 = LINE('',#343,#344);
#343 = CARTESIAN_POINT('',(-0.,0.));
#344 = VECTOR('',#345,1.);
#345 = DIRECTION('',(-0.,1.));
#346 = ( GEOMETRIC_REPRESENTATION_CONTEXT(2) 
PARAMETRIC_REPRESENTATION_CONTEXT() REPRESENTATION_CONTEXT('2D SPACE',''
  ) );
#347 = ORIENTED_EDGE('',*,*,#348,.F.);
#348 = EDGE_CURVE('',#24,#321,#349,.T.);
#349 = SURFACE_CURVE('',#350,(#355,#362),.PCURVE_S1.);
#350 = CIRCLE('',#351,3.);
#351 = AXIS2_PLACEMENT_3D('',#352,#353,#354);
#352 = CARTESIAN_POINT('',(-141.45,36.675,10.6));
#353 = DIRECTION('',(0.,0.,1.));
#354 = DIRECTION('',(0.,1.,-0.));
#355 = PCURVE('',#57,#356);
#356 = DEFINITIONAL_REPRESENTATION('',(#357),#361);
#357 = CIRCLE('',#358,3.);
#358 = AXIS2_PLACEMENT_2D('',#359,#360);
#359 = CARTESIAN_POINT('',(-141.45,36.675));
#360 = DIRECTION('',(0.,1.));
#361 = ( GEOMETRIC_REPRESENTATION_CONTEXT(2) 
PARAMETRIC_REPRESENTATION_CONTEXT() REPRESENTATION_CONTEXT('2D SPACE',''
  ) );
#362 = PCURVE('',#363,#368);
#363 = TOROIDAL_SURFACE('',#364,3.,1.);
#364 = AXIS2_PLACEMENT_3D('',#365,#366,#367);
#365 = CARTESIAN_POINT('',(-141.45,36.675,9.6));
#366 = DIRECTION('',(0.,0.,1.));
#367 = DIRECTION('',(0.,1.,-0.));
#368 = DEFINITIONAL_REPRESENTATION('',(#369),#373);
#369 = LINE('',#370,#371);
#370 = CARTESIAN_POINT('',(0.,1.570796326795));
#371 = VECTOR('',#372,1.);
#372 = DIRECTION('',(1.,0.));
#373 = ( GEOMETRIC_REPRESENTATION_CONTEXT(2) 
PARAMETRIC_REPRESENTATION_CONTEXT() REPRESENTATION_CONTEXT('2D SPACE',''
  ) );
#374 = ORIENTED_EDGE('',*,*,#21,.F.);
#375 = ORIENTED_EDGE('',*,*,#376,.F.);
#376 = EDGE_CURVE('',#247,#22,#377,.T.);
#377 = SURFACE_CURVE('',#378,(#382,#389),.PCURVE_S1.);
#378 = LINE('',#379,#380);
#379 = CARTESIAN_POINT('',(-144.95,-34.675,10.6));
#380 = VECTOR('',#381,1.);
#381 = DIRECTION('',(0.,1.,0.));
#382 = PCURVE('',#57,#383);
#383 = DEFINITIONAL_REPRESENTATION('',(#384),#388);
#384 = LINE('',#385,#386);
#385 = CARTESIAN_POINT('',(-144.95,-34.675));
#386 = VECTOR('',#387,1.);
#387 = DIRECTION('',(0.,1.));
#388 = ( GEOMETRIC_REPRESENTATION_CONTEXT(2) 
PARAMETRIC_REPRESENTATION_CONTEXT() REPRESENTATION_CONTEXT('2D SPACE',''
  ) );
#389 = PCURVE('',#89,#390);
#390 = DEFINITIONAL_REPRESENTATION('',(#391),#395);
#391 = LINE('',#392,#393);
#392 = CARTESIAN_POINT('',(1.570796326795,0.));
#393 = VECTOR('',#394,1.);
#394 = DIRECTION('',(0.,1.));
#395 = ( GEOMETRIC_REPRESENTATION_CONTEXT(2) 
PARAMETRIC_REPRESENTATION_CONTEXT() REPRESENTATION_CONTEXT('2D SPACE',''
  ) );
#396 = ADVANCED_FACE('',(#397),#212,.F.);
#397 = FACE_BOUND('',#398,.F.);
#398 = EDGE_LOOP('',(#399,#434,#471,#498));
#399 = ORIENTED_EDGE('',*,*,#400,.T.);
#400 = EDGE_CURVE('',#157,#401,#403,.T.);
#401 = VERTEX_POINT('',#402);
#402 = CARTESIAN_POINT('',(-141.6705287474,38.662804585852,9.6));
#403 = SURFACE_CURVE('',#404,(#409,#423),.PCURVE_S1.);
#404 = CIRCLE('',#405,1.);
#405 = AXIS2_PLACEMENT_3D('',#406,#407,#408);
#406 = CARTESIAN_POINT('',(-141.7807931212,39.656706878778,9.6));
#407 = DIRECTION('',(0.993902292926,0.110264373741,-0.));
#408 = DIRECTION('',(-0.110264373741,0.993902292926,0.));
#409 = PCURVE('',#212,#410);
#410 = DEFINITIONAL_REPRESENTATION('',(#411),#422);
#411 = B_SPLINE_CURVE_WITH_KNOTS('',9,(#412,#413,#414,#415,#416,#417,
    #418,#419,#420,#421),.UNSPECIFIED.,.F.,.F.,(10,10),(1.570796326795,
    3.14159265359),.PIECEWISE_BEZIER_KNOTS.);
#412 = CARTESIAN_POINT('',(-2.22044604925E-16,722.14575604431));
#413 = CARTESIAN_POINT('',(0.33317135792,722.1457560443));
#414 = CARTESIAN_POINT('',(0.639245936724,722.14575604433));
#415 = CARTESIAN_POINT('',(0.929339374253,722.14575604426));
#416 = CARTESIAN_POINT('',(1.210576756787,722.14575604436));
#417 = CARTESIAN_POINT('',(1.489059729719,722.14575604426));
#418 = CARTESIAN_POINT('',(1.770297112254,722.14575604433));
#419 = CARTESIAN_POINT('',(2.060390549783,722.14575604429));
#420 = CARTESIAN_POINT('',(2.366465128586,722.14575604431));
#421 = CARTESIAN_POINT('',(2.699636486507,722.14575604431));
#422 = ( GEOMETRIC_REPRESENTATION_CONTEXT(2) 
PARAMETRIC_REPRESENTATION_CONTEXT() REPRESENTATION_CONTEXT('2D SPACE',''
  ) );
#423 = PCURVE('',#424,#429);
#424 = TOROIDAL_SURFACE('',#425,3.,1.);
#425 = AXIS2_PLACEMENT_3D('',#426,#427,#428);
#426 = CARTESIAN_POINT('',(-141.45,36.675,9.6));
#427 = DIRECTION('',(0.,0.,1.));
#428 = DIRECTION('',(0.,1.,-0.));
#429 = DEFINITIONAL_REPRESENTATION('',(#430),#433);
#430 = B_SPLINE_CURVE_WITH_KNOTS('',1,(#431,#432),.UNSPECIFIED.,.F.,.F.,
  (2,2),(1.570796326795,3.14159265359),.PIECEWISE_BEZIER_KNOTS.);
#431 = CARTESIAN_POINT('',(0.110489041771,1.570796326795));
#432 = CARTESIAN_POINT('',(0.110489041771,3.14159265359));
#433 = ( GEOMETRIC_REPRESENTATION_CONTEXT(2) 
PARAMETRIC_REPRESENTATION_CONTEXT() REPRESENTATION_CONTEXT('2D SPACE',''
  ) );
#434 = ORIENTED_EDGE('',*,*,#435,.T.);
#435 = EDGE_CURVE('',#401,#436,#438,.T.);
#436 = VERTEX_POINT('',#437);
#437 = CARTESIAN_POINT('',(-143.4378045858,36.895528747481,9.6));
#438 = SURFACE_CURVE('',#439,(#447,#454),.PCURVE_S1.);
#439 = ( BOUNDED_CURVE() B_SPLINE_CURVE(6,(#440,#441,#442,#443,#444,#445
,#446),.UNSPECIFIED.,.F.,.F.) B_SPLINE_CURVE_WITH_KNOTS((7,7),(
722.14575604431,724.84539253081),.PIECEWISE_BEZIER_KNOTS.) CURVE() 
GEOMETRIC_REPRESENTATION_ITEM() RATIONAL_B_SPLINE_CURVE((1.,1.,1.,1.,1.,
1.,1.)) REPRESENTATION_ITEM('') );
#440 = CARTESIAN_POINT('',(-141.6705287474,38.662804585852,9.6));
#441 = CARTESIAN_POINT('',(-142.1177237351,38.613192389961,9.6));
#442 = CARTESIAN_POINT('',(-142.5515128262,38.442867097372,
    9.589942922921));
#443 = CARTESIAN_POINT('',(-142.9312568537,38.156256853715,
    9.583680023657));
#444 = CARTESIAN_POINT('',(-143.2178670973,37.776512826225,
    9.589942922921));
#445 = CARTESIAN_POINT('',(-143.3881923899,37.342723735127,9.6));
#446 = CARTESIAN_POINT('',(-143.4378045858,36.895528747481,9.6));
#447 = PCURVE('',#212,#448);
#448 = DEFINITIONAL_REPRESENTATION('',(#449),#453);
#449 = LINE('',#450,#451);
#450 = CARTESIAN_POINT('',(2.699636486507,0.));
#451 = VECTOR('',#452,1.);
#452 = DIRECTION('',(0.,1.));
#453 = ( GEOMETRIC_REPRESENTATION_CONTEXT(2) 
PARAMETRIC_REPRESENTATION_CONTEXT() REPRESENTATION_CONTEXT('2D SPACE',''
  ) );
#454 = PCURVE('',#455,#460);
#455 = CYLINDRICAL_SURFACE('',#456,2.);
#456 = AXIS2_PLACEMENT_3D('',#457,#458,#459);
#457 = CARTESIAN_POINT('',(-141.45,36.675,-5.));
#458 = DIRECTION('',(0.,0.,-1.));
#459 = DIRECTION('',(-1.,0.,0.));
#460 = DEFINITIONAL_REPRESENTATION('',(#461),#470);
#461 = B_SPLINE_CURVE_WITH_KNOTS('',7,(#462,#463,#464,#465,#466,#467,
    #468,#469),.UNSPECIFIED.,.F.,.F.,(8,8),(722.14575604431,
    724.84539253081),.PIECEWISE_BEZIER_KNOTS.);
#462 = CARTESIAN_POINT('',(1.460307285024,-14.6));
#463 = CARTESIAN_POINT('',(1.26747646446,-14.6));
#464 = CARTESIAN_POINT('',(1.074651320559,-14.59281640983));
#465 = CARTESIAN_POINT('',(0.881796702178,-14.58636408928));
#466 = CARTESIAN_POINT('',(0.688999624616,-14.58636408928));
#467 = CARTESIAN_POINT('',(0.496145006237,-14.59281640983));
#468 = CARTESIAN_POINT('',(0.303319862335,-14.6));
#469 = CARTESIAN_POINT('',(0.110489041771,-14.6));
#470 = ( GEOMETRIC_REPRESENTATION_CONTEXT(2) 
PARAMETRIC_REPRESENTATION_CONTEXT() REPRESENTATION_CONTEXT('2D SPACE',''
  ) );
#471 = ORIENTED_EDGE('',*,*,#472,.F.);
#472 = EDGE_CURVE('',#24,#436,#473,.T.);
#473 = SURFACE_CURVE('',#474,(#478,#484),.PCURVE_S1.);
#474 = ( BOUNDED_CURVE() B_SPLINE_CURVE(2,(#475,#476,#477),
.UNSPECIFIED.,.F.,.F.) B_SPLINE_CURVE_WITH_KNOTS((3,3),(0.,
2.699636486507),.PIECEWISE_BEZIER_KNOTS.) CURVE() 
GEOMETRIC_REPRESENTATION_ITEM() RATIONAL_B_SPLINE_CURVE((1.,
0.707106781187,1.)) REPRESENTATION_ITEM('') );
#475 = CARTESIAN_POINT('',(-144.4317068787,37.005793121222,10.6));
#476 = CARTESIAN_POINT('',(-143.4378045858,36.895528747481,10.6));
#477 = CARTESIAN_POINT('',(-143.4378045858,36.895528747481,9.6));
#478 = PCURVE('',#212,#479);
#479 = DEFINITIONAL_REPRESENTATION('',(#480),#483);
#480 = B_SPLINE_CURVE_WITH_KNOTS('',1,(#481,#482),.UNSPECIFIED.,.F.,.F.,
  (2,2),(0.,2.699636486507),.PIECEWISE_BEZIER_KNOTS.);
#481 = CARTESIAN_POINT('',(0.,724.84539253081));
#482 = CARTESIAN_POINT('',(2.699636486507,724.84539253081));
#483 = ( GEOMETRIC_REPRESENTATION_CONTEXT(2) 
PARAMETRIC_REPRESENTATION_CONTEXT() REPRESENTATION_CONTEXT('2D SPACE',''
  ) );
#484 = PCURVE('',#363,#485);
#485 = DEFINITIONAL_REPRESENTATION('',(#486),#497);
#486 = B_SPLINE_CURVE_WITH_KNOTS('',9,(#487,#488,#489,#490,#491,#492,
    #493,#494,#495,#496),.UNSPECIFIED.,.F.,.F.,(10,10),(0.,
    2.699636486507),.PIECEWISE_BEZIER_KNOTS.);
#487 = CARTESIAN_POINT('',(1.460307285024,1.570796326795));
#488 = CARTESIAN_POINT('',(1.460307285024,1.727931167059));
#489 = CARTESIAN_POINT('',(1.460307285024,1.896571043615));
#490 = CARTESIAN_POINT('',(1.460307285024,2.075362713666));
#491 = CARTESIAN_POINT('',(1.460307285024,2.261541178406));
#492 = CARTESIAN_POINT('',(1.460307285024,2.450847801978));
#493 = CARTESIAN_POINT('',(1.460307285024,2.63702626672));
#494 = CARTESIAN_POINT('',(1.460307285024,2.815817936769));
#495 = CARTESIAN_POINT('',(1.460307285024,2.984457813326));
#496 = CARTESIAN_POINT('',(1.460307285024,3.14159265359));
#497 = ( GEOMETRIC_REPRESENTATION_CONTEXT(2) 
PARAMETRIC_REPRESENTATION_CONTEXT() REPRESENTATION_CONTEXT('2D SPACE',''
  ) );
#498 = ORIENTED_EDGE('',*,*,#189,.F.);
#499 = ADVANCED_FACE('',(#500),#89,.T.);
#500 = FACE_BOUND('',#501,.T.);
#501 = EDGE_LOOP('',(#502,#524,#525,#526));
#502 = ORIENTED_EDGE('',*,*,#503,.T.);
#503 = EDGE_CURVE('',#504,#247,#506,.T.);
#504 = VERTEX_POINT('',#505);
#505 = CARTESIAN_POINT('',(-151.45,-34.675,4.1));
#506 = SURFACE_CURVE('',#507,(#512,#518),.PCURVE_S1.);
#507 = CIRCLE('',#508,6.5);
#508 = AXIS2_PLACEMENT_3D('',#509,#510,#511);
#509 = CARTESIAN_POINT('',(-144.95,-34.675,4.1));
#510 = DIRECTION('',(0.,1.,0.));
#511 = DIRECTION('',(-1.,0.,0.));
#512 = PCURVE('',#89,#513);
#513 = DEFINITIONAL_REPRESENTATION('',(#514),#517);
#514 = B_SPLINE_CURVE_WITH_KNOTS('',1,(#515,#516),.UNSPECIFIED.,.F.,.F.,
  (2,2),(0.,1.570796326795),.PIECEWISE_BEZIER_KNOTS.);
#515 = CARTESIAN_POINT('',(0.,0.));
#516 = CARTESIAN_POINT('',(1.570796326795,0.));
#517 = ( GEOMETRIC_REPRESENTATION_CONTEXT(2) 
PARAMETRIC_REPRESENTATION_CONTEXT() REPRESENTATION_CONTEXT('2D SPACE',''
  ) );
#518 = PCURVE('',#267,#519);
#519 = DEFINITIONAL_REPRESENTATION('',(#520),#523);
#520 = B_SPLINE_CURVE_WITH_KNOTS('',1,(#521,#522),.UNSPECIFIED.,.F.,.F.,
  (2,2),(0.,1.570796326795),.PIECEWISE_BEZIER_KNOTS.);
#521 = CARTESIAN_POINT('',(-1.570796326795,0.));
#522 = CARTESIAN_POINT('',(-1.570796326795,1.570796326795));
#523 = ( GEOMETRIC_REPRESENTATION_CONTEXT(2) 
PARAMETRIC_REPRESENTATION_CONTEXT() REPRESENTATION_CONTEXT('2D SPACE',''
  ) );
#524 = ORIENTED_EDGE('',*,*,#376,.T.);
#525 = ORIENTED_EDGE('',*,*,#73,.F.);
#526 = ORIENTED_EDGE('',*,*,#527,.F.);
#527 = EDGE_CURVE('',#504,#74,#528,.T.);
#528 = SURFACE_CURVE('',#529,(#533,#540),.PCURVE_S1.);
#529 = LINE('',#530,#531);
#530 = CARTESIAN_POINT('',(-151.45,-34.675,4.1));
#531 = VECTOR('',#532,1.);
#532 = DIRECTION('',(0.,1.,0.));
#533 = PCURVE('',#89,#534);
#534 = DEFINITIONAL_REPRESENTATION('',(#535),#539);
#535 = LINE('',#536,#537);
#536 = CARTESIAN_POINT('',(0.,0.));
#537 = VECTOR('',#538,1.);
#538 = DIRECTION('',(0.,1.));
#539 = ( GEOMETRIC_REPRESENTATION_CONTEXT(2) 
PARAMETRIC_REPRESENTATION_CONTEXT() REPRESENTATION_CONTEXT('2D SPACE',''
  ) );
#540 = PCURVE('',#541,#546);
#541 = PLANE('',#542);
#542 = AXIS2_PLACEMENT_3D('',#543,#544,#545);
#543 = CARTESIAN_POINT('',(-151.45,-34.675,-20.81148036205));
#544 = DIRECTION('',(-1.,0.,0.));
#545 = DIRECTION('',(0.,1.,0.));
#546 = DEFINITIONAL_REPRESENTATION('',(#547),#551);
#547 = LINE('',#548,#549);
#548 = CARTESIAN_POINT('',(0.,-24.91148036205));
#549 = VECTOR('',#550,1.);
#550 = DIRECTION('',(1.,0.));
#551 = ( GEOMETRIC_REPRESENTATION_CONTEXT(2) 
PARAMETRIC_REPRESENTATION_CONTEXT() REPRESENTATION_CONTEXT('2D SPACE',''
  ) );
#552 = ADVANCED_FACE('',(#553),#173,.T.);
#553 = FACE_BOUND('',#554,.T.);
#554 = EDGE_LOOP('',(#555,#556,#580,#608,#637,#682));
#555 = ORIENTED_EDGE('',*,*,#156,.F.);
#556 = ORIENTED_EDGE('',*,*,#557,.F.);
#557 = EDGE_CURVE('',#558,#157,#560,.T.);
#558 = VERTEX_POINT('',#559);
#559 = CARTESIAN_POINT('',(-141.45,39.675,10.6));
#560 = SURFACE_CURVE('',#561,(#566,#573),.PCURVE_S1.);
#561 = CIRCLE('',#562,3.);
#562 = AXIS2_PLACEMENT_3D('',#563,#564,#565);
#563 = CARTESIAN_POINT('',(-141.45,36.675,10.6));
#564 = DIRECTION('',(0.,0.,1.));
#565 = DIRECTION('',(0.,1.,-0.));
#566 = PCURVE('',#173,#567);
#567 = DEFINITIONAL_REPRESENTATION('',(#568),#572);
#568 = CIRCLE('',#569,3.);
#569 = AXIS2_PLACEMENT_2D('',#570,#571);
#570 = CARTESIAN_POINT('',(-141.45,36.675));
#571 = DIRECTION('',(0.,1.));
#572 = ( GEOMETRIC_REPRESENTATION_CONTEXT(2) 
PARAMETRIC_REPRESENTATION_CONTEXT() REPRESENTATION_CONTEXT('2D SPACE',''
  ) );
#573 = PCURVE('',#424,#574);
#574 = DEFINITIONAL_REPRESENTATION('',(#575),#579);
#575 = LINE('',#576,#577);
#576 = CARTESIAN_POINT('',(0.,1.570796326795));
#577 = VECTOR('',#578,1.);
#578 = DIRECTION('',(1.,0.));
#579 = ( GEOMETRIC_REPRESENTATION_CONTEXT(2) 
PARAMETRIC_REPRESENTATION_CONTEXT() REPRESENTATION_CONTEXT('2D SPACE',''
  ) );
#580 = ORIENTED_EDGE('',*,*,#581,.F.);
#581 = EDGE_CURVE('',#582,#558,#584,.T.);
#582 = VERTEX_POINT('',#583);
#583 = CARTESIAN_POINT('',(141.45,39.675,10.6));
#584 = SURFACE_CURVE('',#585,(#589,#596),.PCURVE_S1.);
#585 = LINE('',#586,#587);
#586 = CARTESIAN_POINT('',(141.45,39.675,10.6));
#587 = VECTOR('',#588,1.);
#588 = DIRECTION('',(-1.,0.,0.));
#589 = PCURVE('',#173,#590);
#590 = DEFINITIONAL_REPRESENTATION('',(#591),#595);
#591 = LINE('',#592,#593);
#592 = CARTESIAN_POINT('',(141.45,39.675));
#593 = VECTOR('',#594,1.);
#594 = DIRECTION('',(-1.,0.));
#595 = ( GEOMETRIC_REPRESENTATION_CONTEXT(2) 
PARAMETRIC_REPRESENTATION_CONTEXT() REPRESENTATION_CONTEXT('2D SPACE',''
  ) );
#596 = PCURVE('',#597,#602);
#597 = CYLINDRICAL_SURFACE('',#598,1.);
#598 = AXIS2_PLACEMENT_3D('',#599,#600,#601);
#599 = CARTESIAN_POINT('',(141.45,39.675,9.6));
#600 = DIRECTION('',(-1.,0.,0.));
#601 = DIRECTION('',(0.,0.,1.));
#602 = DEFINITIONAL_REPRESENTATION('',(#603),#607);
#603 = LINE('',#604,#605);
#604 = CARTESIAN_POINT('',(-0.,0.));
#605 = VECTOR('',#606,1.);
#606 = DIRECTION('',(-0.,1.));
#607 = ( GEOMETRIC_REPRESENTATION_CONTEXT(2) 
PARAMETRIC_REPRESENTATION_CONTEXT() REPRESENTATION_CONTEXT('2D SPACE',''
  ) );
#608 = ORIENTED_EDGE('',*,*,#609,.F.);
#609 = EDGE_CURVE('',#610,#582,#612,.T.);
#610 = VERTEX_POINT('',#611);
#611 = CARTESIAN_POINT('',(141.78079312122,39.656706878778,10.6));
#612 = SURFACE_CURVE('',#613,(#618,#625),.PCURVE_S1.);
#613 = CIRCLE('',#614,3.);
#614 = AXIS2_PLACEMENT_3D('',#615,#616,#617);
#615 = CARTESIAN_POINT('',(141.45,36.675,10.6));
#616 = DIRECTION('',(0.,0.,1.));
#617 = DIRECTION('',(1.,0.,-0.));
#618 = PCURVE('',#173,#619);
#619 = DEFINITIONAL_REPRESENTATION('',(#620),#624);
#620 = CIRCLE('',#621,3.);
#621 = AXIS2_PLACEMENT_2D('',#622,#623);
#622 = CARTESIAN_POINT('',(141.45,36.675));
#623 = DIRECTION('',(1.,0.));
#624 = ( GEOMETRIC_REPRESENTATION_CONTEXT(2) 
PARAMETRIC_REPRESENTATION_CONTEXT() REPRESENTATION_CONTEXT('2D SPACE',''
  ) );
#625 = PCURVE('',#626,#631);
#626 = TOROIDAL_SURFACE('',#627,3.,1.);
#627 = AXIS2_PLACEMENT_3D('',#628,#629,#630);
#628 = CARTESIAN_POINT('',(141.45,36.675,9.6));
#629 = DIRECTION('',(0.,0.,1.));
#630 = DIRECTION('',(1.,0.,-0.));
#631 = DEFINITIONAL_REPRESENTATION('',(#632),#636);
#632 = LINE('',#633,#634);
#633 = CARTESIAN_POINT('',(0.,1.570796326795));
#634 = VECTOR('',#635,1.);
#635 = DIRECTION('',(1.,0.));
#636 = ( GEOMETRIC_REPRESENTATION_CONTEXT(2) 
PARAMETRIC_REPRESENTATION_CONTEXT() REPRESENTATION_CONTEXT('2D SPACE',''
  ) );
#637 = ORIENTED_EDGE('',*,*,#638,.F.);
#638 = EDGE_CURVE('',#639,#610,#641,.T.);
#639 = VERTEX_POINT('',#640);
#640 = CARTESIAN_POINT('',(139.45,40.175,10.6));
#641 = SURFACE_CURVE('',#642,(#647,#658),.PCURVE_S1.);
#642 = CIRCLE('',#643,5.5);
#643 = AXIS2_PLACEMENT_3D('',#644,#645,#646);
#644 = CARTESIAN_POINT('',(139.45,34.675,10.6));
#645 = DIRECTION('',(0.,-0.,-1.));
#646 = DIRECTION('',(0.,1.,-0.));
#647 = PCURVE('',#173,#648);
#648 = DEFINITIONAL_REPRESENTATION('',(#649),#657);
#649 = ( BOUNDED_CURVE() B_SPLINE_CURVE(2,(#650,#651,#652,#653,#654,#655
,#656),.UNSPECIFIED.,.T.,.F.) B_SPLINE_CURVE_WITH_KNOTS((1,2,2,2,2,1),(
    -2.094395102393,0.,2.094395102393,4.188790204786,6.28318530718,
8.377580409573),.UNSPECIFIED.) CURVE() GEOMETRIC_REPRESENTATION_ITEM() 
RATIONAL_B_SPLINE_CURVE((1.,0.5,1.,0.5,1.,0.5,1.)) REPRESENTATION_ITEM(
  '') );
#650 = CARTESIAN_POINT('',(139.45,40.175));
#651 = CARTESIAN_POINT('',(148.97627944162,40.175));
#652 = CARTESIAN_POINT('',(144.21313972081,31.925));
#653 = CARTESIAN_POINT('',(139.45,23.675));
#654 = CARTESIAN_POINT('',(134.68686027918,31.925));
#655 = CARTESIAN_POINT('',(129.92372055837,40.175));
#656 = CARTESIAN_POINT('',(139.45,40.175));
#657 = ( GEOMETRIC_REPRESENTATION_CONTEXT(2) 
PARAMETRIC_REPRESENTATION_CONTEXT() REPRESENTATION_CONTEXT('2D SPACE',''
  ) );
#658 = PCURVE('',#659,#676);
#659 = SURFACE_OF_REVOLUTION('',#660,#673);
#660 = B_SPLINE_CURVE_WITH_KNOTS('',6,(#661,#662,#663,#664,#665,#666,
    #667,#668,#669,#670,#671,#672),.UNSPECIFIED.,.F.,.F.,(7,5,7),(0.,
    0.785398163397,1.570796326795),.UNSPECIFIED.);
#661 = CARTESIAN_POINT('',(139.45,46.675,4.1));
#662 = CARTESIAN_POINT('',(139.45,46.675,4.950848010347));
#663 = CARTESIAN_POINT('',(139.45,46.54134963132,5.801694599545));
#664 = CARTESIAN_POINT('',(139.45,46.274045412136,6.626307327236));
#665 = CARTESIAN_POINT('',(139.45,45.879968786558,7.398409204864));
#666 = CARTESIAN_POINT('',(139.45,45.372834475588,8.094553679837));
#667 = CARTESIAN_POINT('',(139.45,44.169553679837,9.297834475588));
#668 = CARTESIAN_POINT('',(139.45,43.473409204865,9.804968786558));
#669 = CARTESIAN_POINT('',(139.44999999999,42.701307327236,
    10.199045412135));
#670 = CARTESIAN_POINT('',(139.45,41.876694599545,10.466349631321));
#671 = CARTESIAN_POINT('',(139.45,41.025848010347,10.6));
#672 = CARTESIAN_POINT('',(139.45,40.175,10.6));
#673 = AXIS1_PLACEMENT('',#674,#675);
#674 = CARTESIAN_POINT('',(139.45,34.675,4.1));
#675 = DIRECTION('',(0.,0.,1.));
#676 = DEFINITIONAL_REPRESENTATION('',(#677),#681);
#677 = LINE('',#678,#679);
#678 = CARTESIAN_POINT('',(-0.,1.570796326795));
#679 = VECTOR('',#680,1.);
#680 = DIRECTION('',(-1.,0.));
#681 = ( GEOMETRIC_REPRESENTATION_CONTEXT(2) 
PARAMETRIC_REPRESENTATION_CONTEXT() REPRESENTATION_CONTEXT('2D SPACE',''
  ) );
#682 = ORIENTED_EDGE('',*,*,#683,.F.);
#683 = EDGE_CURVE('',#130,#639,#684,.T.);
#684 = SURFACE_CURVE('',#685,(#689,#696),.PCURVE_S1.);
#685 = LINE('',#686,#687);
#686 = CARTESIAN_POINT('',(-139.45,40.175,10.6));
#687 = VECTOR('',#688,1.);
#688 = DIRECTION('',(1.,0.,0.));
#689 = PCURVE('',#173,#690);
#690 = DEFINITIONAL_REPRESENTATION('',(#691),#695);
#691 = LINE('',#692,#693);
#692 = CARTESIAN_POINT('',(-139.45,40.175));
#693 = VECTOR('',#694,1.);
#694 = DIRECTION('',(1.,0.));
#695 = ( GEOMETRIC_REPRESENTATION_CONTEXT(2) 
PARAMETRIC_REPRESENTATION_CONTEXT() REPRESENTATION_CONTEXT('2D SPACE',''
  ) );
#696 = PCURVE('',#145,#697);
#697 = DEFINITIONAL_REPRESENTATION('',(#698),#702);
#698 = LINE('',#699,#700);
#699 = CARTESIAN_POINT('',(1.570796326795,0.));
#700 = VECTOR('',#701,1.);
#701 = DIRECTION('',(0.,1.));
#702 = ( GEOMETRIC_REPRESENTATION_CONTEXT(2) 
PARAMETRIC_REPRESENTATION_CONTEXT() REPRESENTATION_CONTEXT('2D SPACE',''
  ) );
#703 = ADVANCED_FACE('',(#704),#117,.T.);
#704 = FACE_BOUND('',#705,.F.);
#705 = EDGE_LOOP('',(#706,#729,#884,#910));
#706 = ORIENTED_EDGE('',*,*,#707,.F.);
#707 = EDGE_CURVE('',#708,#74,#710,.T.);
#708 = VERTEX_POINT('',#709);
#709 = CARTESIAN_POINT('',(-151.45,34.675,-14.02544228082));
#710 = SURFACE_CURVE('',#711,(#715,#722),.PCURVE_S1.);
#711 = LINE('',#712,#713);
#712 = CARTESIAN_POINT('',(-151.45,34.675,-20.81148036205));
#713 = VECTOR('',#714,1.);
#714 = DIRECTION('',(0.,0.,1.));
#715 = PCURVE('',#117,#716);
#716 = DEFINITIONAL_REPRESENTATION('',(#717),#721);
#717 = LINE('',#718,#719);
#718 = CARTESIAN_POINT('',(-3.14159265359,0.));
#719 = VECTOR('',#720,1.);
#720 = DIRECTION('',(-0.,-1.));
#721 = ( GEOMETRIC_REPRESENTATION_CONTEXT(2) 
PARAMETRIC_REPRESENTATION_CONTEXT() REPRESENTATION_CONTEXT('2D SPACE',''
  ) );
#722 = PCURVE('',#541,#723);
#723 = DEFINITIONAL_REPRESENTATION('',(#724),#728);
#724 = LINE('',#725,#726);
#725 = CARTESIAN_POINT('',(69.35,0.));
#726 = VECTOR('',#727,1.);
#727 = DIRECTION('',(0.,-1.));
#728 = ( GEOMETRIC_REPRESENTATION_CONTEXT(2) 
PARAMETRIC_REPRESENTATION_CONTEXT() REPRESENTATION_CONTEXT('2D SPACE',''
  ) );
#729 = ORIENTED_EDGE('',*,*,#730,.T.);
#730 = EDGE_CURVE('',#708,#731,#733,.T.);
#731 = VERTEX_POINT('',#732);
#732 = CARTESIAN_POINT('',(-139.45,46.675,-14.81372404532));
#733 = SURFACE_CURVE('',#734,(#753,#822),.PCURVE_S1.);
#734 = ( BOUNDED_CURVE() B_SPLINE_CURVE(9,(#735,#736,#737,#738,#739,#740
    ,#741,#742,#743,#744,#745,#746,#747,#748,#749,#750,#751,#752),
.UNSPECIFIED.,.F.,.F.) B_SPLINE_CURVE_WITH_KNOTS((10,8,10),(
    842.12905202461,842.60076011196,861.50352696334),.UNSPECIFIED.) 
CURVE() GEOMETRIC_REPRESENTATION_ITEM() RATIONAL_B_SPLINE_CURVE((1.,1.,
    1.,1.,1.,1.,1.,1.,1.,1.,1.,1.,1.,1.,1.,1.,1.,1.)) 
REPRESENTATION_ITEM('') );
#735 = CARTESIAN_POINT('',(-151.45,34.675,-14.02544228082));
#736 = CARTESIAN_POINT('',(-151.45,34.727479256195,-14.02888965088));
#737 = CARTESIAN_POINT('',(-151.4497417222,34.779959758967,
    -14.03233703735));
#738 = CARTESIAN_POINT('',(-151.4492255802,34.832435216641,
    -14.03578420082));
#739 = CARTESIAN_POINT('',(-151.4484507874,34.884917688444,
    -14.03923106879));
#740 = CARTESIAN_POINT('',(-151.4474176956,34.937399684531,
    -14.04267747781));
#741 = CARTESIAN_POINT('',(-151.4461267884,34.989872832798,
    -14.0461231637));
#742 = CARTESIAN_POINT('',(-151.4445771925,35.04235240246,
    -14.04956789382));
#743 = CARTESIAN_POINT('',(-151.4427675653,35.094856974486,
    -14.05301163529));
#744 = CARTESIAN_POINT('',(-151.357937632,37.248544285731,
    -14.19442677552));
#745 = CARTESIAN_POINT('',(-150.8613935693,39.320218102819,
    -14.33042558703));
#746 = CARTESIAN_POINT('',(-149.9645518782,41.259192654107,
    -14.45775962738));
#747 = CARTESIAN_POINT('',(-148.7125615954,42.989287905727,
    -14.57140796822));
#748 = CARTESIAN_POINT('',(-147.1587246205,44.433783785756,
    -14.66632420011));
#749 = CARTESIAN_POINT('',(-145.3830815582,45.546886405344,
    -14.73952813516));
#750 = CARTESIAN_POINT('',(-143.4553849467,46.298998150171,
    -14.78899271611));
#751 = CARTESIAN_POINT('',(-141.4527063445,46.675,-14.81372404532));
#752 = CARTESIAN_POINT('',(-139.45,46.675,-14.81372404532));
#753 = PCURVE('',#117,#754);
#754 = DEFINITIONAL_REPRESENTATION('',(#755),#821);
#755 = B_SPLINE_CURVE_WITH_KNOTS('',10,(#756,#757,#758,#759,#760,#761,
    #762,#763,#764,#765,#766,#767,#768,#769,#770,#771,#772,#773,#774,
    #775,#776,#777,#778,#779,#780,#781,#782,#783,#784,#785,#786,#787,
    #788,#789,#790,#791,#792,#793,#794,#795,#796,#797,#798,#799,#800,
    #801,#802,#803,#804,#805,#806,#807,#808,#809,#810,#811,#812,#813,
    #814,#815,#816,#817,#818,#819,#820),.UNSPECIFIED.,.F.,.F.,(11,9,9,9,
    9,9,9,11),(842.12905202461,842.43177819553,842.73450436644,
    843.33995670828,844.55086139195,846.97267075929,851.81628949398,
    861.50352696334),.UNSPECIFIED.);
#756 = CARTESIAN_POINT('',(-3.14159265359,-6.786038081224));
#757 = CARTESIAN_POINT('',(-3.139066698761,-6.784046917094));
#758 = CARTESIAN_POINT('',(-3.136540748759,-6.782055751593));
#759 = CARTESIAN_POINT('',(-3.134014778518,-6.780064616551));
#760 = CARTESIAN_POINT('',(-3.131488762981,-6.778073543818));
#761 = CARTESIAN_POINT('',(-3.128962677078,-6.776082565212));
#762 = CARTESIAN_POINT('',(-3.126436495755,-6.774091712595));
#763 = CARTESIAN_POINT('',(-3.12391019394,-6.772101017779));
#764 = CARTESIAN_POINT('',(-3.121383746578,-6.77011051262));
#765 = CARTESIAN_POINT('',(-3.118857128602,-6.768120228946));
#766 = CARTESIAN_POINT('',(-3.113803501299,-6.764140168246));
#767 = CARTESIAN_POINT('',(-3.111276992783,-6.762150346897));
#768 = CARTESIAN_POINT('',(-3.108746222486,-6.760161178316));
#769 = CARTESIAN_POINT('',(-3.10623015308,-6.758170852231));
#770 = CARTESIAN_POINT('',(-3.103680833919,-6.756184281591));
#771 = CARTESIAN_POINT('',(-3.101177850218,-6.754192830042));
#772 = CARTESIAN_POINT('',(-3.098639859468,-6.752206181882));
#773 = CARTESIAN_POINT('',(-3.096118346749,-6.750217817337));
#774 = CARTESIAN_POINT('',(-3.09359266596,-6.74823051783));
#775 = CARTESIAN_POINT('',(-3.08601799413,-6.742269795292));
#776 = CARTESIAN_POINT('',(-3.080969157867,-6.738297874011));
#777 = CARTESIAN_POINT('',(-3.07592128105,-6.734327995543));
#778 = CARTESIAN_POINT('',(-3.07087437816,-6.730360308942));
#779 = CARTESIAN_POINT('',(-3.065828463694,-6.72639496329));
#780 = CARTESIAN_POINT('',(-3.060783552127,-6.72243210763));
#781 = CARTESIAN_POINT('',(-3.055739657958,-6.718471891044));
#782 = CARTESIAN_POINT('',(-3.050696795664,-6.714514462586));
#783 = CARTESIAN_POINT('',(-3.045654979738,-6.710559971324));
#784 = CARTESIAN_POINT('',(-3.03053271452,-6.698705756318));
#785 = CARTESIAN_POINT('',(-3.020455437215,-6.6908152765));
#786 = CARTESIAN_POINT('',(-3.010382482143,-6.682938290651));
#787 = CARTESIAN_POINT('',(-3.000313930277,-6.67507594987));
#788 = CARTESIAN_POINT('',(-2.990249854204,-6.667229392663));
#789 = CARTESIAN_POINT('',(-2.980190318067,-6.659399744792));
#790 = CARTESIAN_POINT('',(-2.970135377639,-6.651588119465));
#791 = CARTESIAN_POINT('',(-2.960085080251,-6.643795617148));
#792 = CARTESIAN_POINT('',(-2.950039464847,-6.636023325713));
#793 = CARTESIAN_POINT('',(-2.919916756163,-6.612770309611));
#794 = CARTESIAN_POINT('',(-2.899853846655,-6.597353457651));
#795 = CARTESIAN_POINT('',(-2.879810048751,-6.582030364342));
#796 = CARTESIAN_POINT('',(-2.859785531389,-6.566809463569));
#797 = CARTESIAN_POINT('',(-2.839780417126,-6.551699023213));
#798 = CARTESIAN_POINT('',(-2.819794782135,-6.536707145163));
#799 = CARTESIAN_POINT('',(-2.79982865621,-6.521841765307));
#800 = CARTESIAN_POINT('',(-2.779882022757,-6.507110653538));
#801 = CARTESIAN_POINT('',(-2.759954818806,-6.492521413751));
#802 = CARTESIAN_POINT('',(-2.700231167388,-6.449201624023));
#803 = CARTESIAN_POINT('',(-2.66049281726,-6.420918790413));
#804 = CARTESIAN_POINT('',(-2.620831256477,-6.393292873881));
#805 = CARTESIAN_POINT('',(-2.581245636068,-6.366380879217));
#806 = CARTESIAN_POINT('',(-2.541734886198,-6.340236925023));
#807 = CARTESIAN_POINT('',(-2.502297716221,-6.314912243877));
#808 = CARTESIAN_POINT('',(-2.462932614611,-6.290455182138));
#809 = CARTESIAN_POINT('',(-2.423637849033,-6.266911200134));
#810 = CARTESIAN_POINT('',(-2.384411466285,-6.244322872018));
#811 = CARTESIAN_POINT('',(-2.266930944436,-6.179543913517));
#812 = CARTESIAN_POINT('',(-2.188875479092,-6.140338465555));
#813 = CARTESIAN_POINT('',(-2.111066152079,-6.105428955913));
#814 = CARTESIAN_POINT('',(-2.033481778486,-6.075081721213));
#815 = CARTESIAN_POINT('',(-1.956094205074,-6.049513456891));
#816 = CARTESIAN_POINT('',(-1.87886859394,-6.028893175207));
#817 = CARTESIAN_POINT('',(-1.801766194459,-6.01334528176));
#818 = CARTESIAN_POINT('',(-1.72474728063,-6.002952368063));
#819 = CARTESIAN_POINT('',(-1.64777193079,-5.997756316731));
#820 = CARTESIAN_POINT('',(-1.570796326795,-5.997756316731));
#821 = ( GEOMETRIC_REPRESENTATION_CONTEXT(2) 
PARAMETRIC_REPRESENTATION_CONTEXT() REPRESENTATION_CONTEXT('2D SPACE',''
  ) );
#822 = PCURVE('',#823,#878);
#823 = ( BOUNDED_SURFACE() B_SPLINE_SURFACE(2,9,(
    (#824,#825,#826,#827,#828,#829,#830,#831,#832,#833,#834,#835,#836
      ,#837,#838,#839,#840,#841)
    ,(#842,#843,#844,#845,#846,#847,#848,#849,#850,#851,#852,#853,#854
      ,#855,#856,#857,#858,#859)
    ,(#860,#861,#862,#863,#864,#865,#866,#867,#868,#869,#870,#871,#872
      ,#873,#874,#875,#876,#877
)),.UNSPECIFIED.,.F.,.F.,.F.) B_SPLINE_SURFACE_WITH_KNOTS((3,3),(10,8,10
    ),(0.,19.374474938735),(842.12905202461,842.60076011196,
861.50352696334),.UNSPECIFIED.) GEOMETRIC_REPRESENTATION_ITEM() 
RATIONAL_B_SPLINE_SURFACE((
    (1.,1.,1.,1.,1.,1.,1.,1.,1.,1.,1.,1.,1.,1.,1.,1.,1.,1.)
    ,(0.707106781187,0.706945160854,0.706783489972,0.706621801643
      ,0.706459990787,0.706298106253,0.706136196301,0.705974116902
      ,0.705811712249,0.699160539696,0.692693058808,0.686572912445
      ,0.681052240672,0.676398565597,0.672794679714,0.670351668256
      ,0.669130606359,0.669130606359)
    ,(1.,1.,1.,1.,1.,1.,1.,1.,1.,1.,1.,1.,1.,1.,1.,1.,1.,1.
))) REPRESENTATION_ITEM('') SURFACE() );
#824 = CARTESIAN_POINT('',(-151.45,34.675,-14.02544228082));
#825 = CARTESIAN_POINT('',(-151.45,34.727479256195,-14.02888965088));
#826 = CARTESIAN_POINT('',(-151.4497417222,34.779959758967,
    -14.03233703735));
#827 = CARTESIAN_POINT('',(-151.4492255802,34.832435216641,
    -14.03578420082));
#828 = CARTESIAN_POINT('',(-151.4484507874,34.884917688444,
    -14.03923106879));
#829 = CARTESIAN_POINT('',(-151.4474176956,34.937399684531,
    -14.04267747781));
#830 = CARTESIAN_POINT('',(-151.4461267884,34.989872832798,
    -14.0461231637));
#831 = CARTESIAN_POINT('',(-151.4445771925,35.04235240246,
    -14.04956789382));
#832 = CARTESIAN_POINT('',(-151.4427675653,35.094856974486,
    -14.05301163529));
#833 = CARTESIAN_POINT('',(-151.357937632,37.248544285731,
    -14.19442677552));
#834 = CARTESIAN_POINT('',(-150.8613935693,39.320218102819,
    -14.33042558703));
#835 = CARTESIAN_POINT('',(-149.9645518782,41.259192654107,
    -14.45775962738));
#836 = CARTESIAN_POINT('',(-148.7125615954,42.989287905727,
    -14.57140796822));
#837 = CARTESIAN_POINT('',(-147.1587246205,44.433783785756,
    -14.66632420011));
#838 = CARTESIAN_POINT('',(-145.3830815582,45.546886405344,
    -14.73952813516));
#839 = CARTESIAN_POINT('',(-143.4553849467,46.298998150171,
    -14.78899271611));
#840 = CARTESIAN_POINT('',(-141.4527063445,46.675,-14.81372404532));
#841 = CARTESIAN_POINT('',(-139.45,46.675,-14.81372404532));
#842 = CARTESIAN_POINT('',(-151.45,34.204621915295,-18.50079080998));
#843 = CARTESIAN_POINT('',(-151.4520575612,34.256898095469,
    -18.50628525792));
#844 = CARTESIAN_POINT('',(-151.4538588851,34.309171157375,
    -18.51177937812));
#845 = CARTESIAN_POINT('',(-151.4554038081,34.361441913907,
    -18.51727325601));
#846 = CARTESIAN_POINT('',(-151.456693273,34.413708366025,
    -18.52276668149));
#847 = CARTESIAN_POINT('',(-151.4577269433,34.465972991084,
    -18.52825991494));
#848 = CARTESIAN_POINT('',(-151.4585044651,34.518235440908,
    -18.53375291976));
#849 = CARTESIAN_POINT('',(-151.4590270226,34.570487924264,
    -18.53924487706));
#850 = CARTESIAN_POINT('',(-151.4592958205,34.6227303375,-18.54473577595
    ));
#851 = CARTESIAN_POINT('',(-151.4596399705,36.790441111026,
    -18.77257135908));
#852 = CARTESIAN_POINT('',(-151.0400864035,38.903337157303,
    -18.99464568222));
#853 = CARTESIAN_POINT('',(-150.2033220306,40.90831269068,
    -19.20537710238));
#854 = CARTESIAN_POINT('',(-148.9845346242,42.721116802557,
    -19.39591049225));
#855 = CARTESIAN_POINT('',(-147.4322280026,44.254410422445,
    -19.55706614561));
#856 = CARTESIAN_POINT('',(-145.6226316917,45.45038446265,-19.6827680825
    ));
#857 = CARTESIAN_POINT('',(-143.631119409,46.265305382426,
    -19.76841972257));
#858 = CARTESIAN_POINT('',(-141.5443855145,46.675,-19.81148036205));
#859 = CARTESIAN_POINT('',(-139.45,46.675,-19.81148036205));
#860 = CARTESIAN_POINT('',(-146.95,34.204621915295,-18.50079080998));
#861 = CARTESIAN_POINT('',(-146.95,34.256886146929,-18.50628400208));
#862 = CARTESIAN_POINT('',(-146.9497330128,34.309253850966,
    -18.51178806956));
#863 = CARTESIAN_POINT('',(-146.9492450467,34.361175421325,
    -18.51724524651));
#864 = CARTESIAN_POINT('',(-146.9484605118,34.413819734737,
    -18.52277838681));
#865 = CARTESIAN_POINT('',(-146.9474059353,34.466086433439,
    -18.52827183821));
#866 = CARTESIAN_POINT('',(-146.9461427637,34.517967548494,
    -18.53372476313));
#867 = CARTESIAN_POINT('',(-146.9446334142,34.572935142266,
    -18.53950209004));
#868 = CARTESIAN_POINT('',(-146.942764739,34.631031648607,
    -18.54560827891));
#869 = CARTESIAN_POINT('',(-146.8601393351,35.999089307965,-18.689396933
    ));
#870 = CARTESIAN_POINT('',(-146.5125993082,37.280333521954,
    -18.8240611263));
#871 = CARTESIAN_POINT('',(-145.9281857648,38.463372594995,
    -18.94840354336));
#872 = CARTESIAN_POINT('',(-145.1303664043,39.51675673327,
    -19.05911867765));
#873 = CARTESIAN_POINT('',(-144.1553552228,40.378801701026,
    -19.14972325475));
#874 = CARTESIAN_POINT('',(-143.0618479987,41.039381791479,
    -19.21915301999));
#875 = CARTESIAN_POINT('',(-141.884534219,41.482790866658,
    -19.26575719175));
#876 = CARTESIAN_POINT('',(-140.6673117765,41.704621915296,
    -19.28907257447));
#877 = CARTESIAN_POINT('',(-139.4499999999,41.704621915296,
    -19.28907257447));
#878 = DEFINITIONAL_REPRESENTATION('',(#879),#883);
#879 = LINE('',#880,#881);
#880 = CARTESIAN_POINT('',(0.,0.));
#881 = VECTOR('',#882,1.);
#882 = DIRECTION('',(0.,1.));
#883 = ( GEOMETRIC_REPRESENTATION_CONTEXT(2) 
PARAMETRIC_REPRESENTATION_CONTEXT() REPRESENTATION_CONTEXT('2D SPACE',''
  ) );
#884 = ORIENTED_EDGE('',*,*,#885,.T.);
#885 = EDGE_CURVE('',#731,#101,#886,.T.);
#886 = SURFACE_CURVE('',#887,(#891,#898),.PCURVE_S1.);
#887 = LINE('',#888,#889);
#888 = CARTESIAN_POINT('',(-139.45,46.675,-20.81148036205));
#889 = VECTOR('',#890,1.);
#890 = DIRECTION('',(0.,0.,1.));
#891 = PCURVE('',#117,#892);
#892 = DEFINITIONAL_REPRESENTATION('',(#893),#897);
#893 = LINE('',#894,#895);
#894 = CARTESIAN_POINT('',(-1.570796326795,0.));
#895 = VECTOR('',#896,1.);
#896 = DIRECTION('',(-0.,-1.));
#897 = ( GEOMETRIC_REPRESENTATION_CONTEXT(2) 
PARAMETRIC_REPRESENTATION_CONTEXT() REPRESENTATION_CONTEXT('2D SPACE',''
  ) );
#898 = PCURVE('',#899,#904);
#899 = PLANE('',#900);
#900 = AXIS2_PLACEMENT_3D('',#901,#902,#903);
#901 = CARTESIAN_POINT('',(-139.45,46.675,-20.81148036205));
#902 = DIRECTION('',(0.,1.,0.));
#903 = DIRECTION('',(1.,0.,0.));
#904 = DEFINITIONAL_REPRESENTATION('',(#905),#909);
#905 = LINE('',#906,#907);
#906 = CARTESIAN_POINT('',(0.,0.));
#907 = VECTOR('',#908,1.);
#908 = DIRECTION('',(0.,-1.));
#909 = ( GEOMETRIC_REPRESENTATION_CONTEXT(2) 
PARAMETRIC_REPRESENTATION_CONTEXT() REPRESENTATION_CONTEXT('2D SPACE',''
  ) );
#910 = ORIENTED_EDGE('',*,*,#100,.F.);
#911 = ADVANCED_FACE('',(#912),#145,.T.);
#912 = FACE_BOUND('',#913,.T.);
#913 = EDGE_LOOP('',(#914,#915,#916,#938));
#914 = ORIENTED_EDGE('',*,*,#129,.T.);
#915 = ORIENTED_EDGE('',*,*,#683,.T.);
#916 = ORIENTED_EDGE('',*,*,#917,.F.);
#917 = EDGE_CURVE('',#918,#639,#920,.T.);
#918 = VERTEX_POINT('',#919);
#919 = CARTESIAN_POINT('',(139.45,46.675,4.1));
#920 = SURFACE_CURVE('',#921,(#926,#932),.PCURVE_S1.);
#921 = CIRCLE('',#922,6.5);
#922 = AXIS2_PLACEMENT_3D('',#923,#924,#925);
#923 = CARTESIAN_POINT('',(139.45,40.175,4.1));
#924 = DIRECTION('',(1.,0.,0.));
#925 = DIRECTION('',(-0.,1.,0.));
#926 = PCURVE('',#145,#927);
#927 = DEFINITIONAL_REPRESENTATION('',(#928),#931);
#928 = B_SPLINE_CURVE_WITH_KNOTS('',1,(#929,#930),.UNSPECIFIED.,.F.,.F.,
  (2,2),(0.,1.570796326795),.PIECEWISE_BEZIER_KNOTS.);
#929 = CARTESIAN_POINT('',(0.,278.9));
#930 = CARTESIAN_POINT('',(1.570796326795,278.9));
#931 = ( GEOMETRIC_REPRESENTATION_CONTEXT(2) 
PARAMETRIC_REPRESENTATION_CONTEXT() REPRESENTATION_CONTEXT('2D SPACE',''
  ) );
#932 = PCURVE('',#659,#933);
#933 = DEFINITIONAL_REPRESENTATION('',(#934),#937);
#934 = B_SPLINE_CURVE_WITH_KNOTS('',1,(#935,#936),.UNSPECIFIED.,.F.,.F.,
  (2,2),(0.,1.570796326795),.PIECEWISE_BEZIER_KNOTS.);
#935 = CARTESIAN_POINT('',(0.,0.));
#936 = CARTESIAN_POINT('',(0.,1.570796326795));
#937 = ( GEOMETRIC_REPRESENTATION_CONTEXT(2) 
PARAMETRIC_REPRESENTATION_CONTEXT() REPRESENTATION_CONTEXT('2D SPACE',''
  ) );
#938 = ORIENTED_EDGE('',*,*,#939,.F.);
#939 = EDGE_CURVE('',#101,#918,#940,.T.);
#940 = SURFACE_CURVE('',#941,(#945,#952),.PCURVE_S1.);
#941 = LINE('',#942,#943);
#942 = CARTESIAN_POINT('',(-139.45,46.675,4.1));
#943 = VECTOR('',#944,1.);
#944 = DIRECTION('',(1.,0.,0.));
#945 = PCURVE('',#145,#946);
#946 = DEFINITIONAL_REPRESENTATION('',(#947),#951);
#947 = LINE('',#948,#949);
#948 = CARTESIAN_POINT('',(0.,0.));
#949 = VECTOR('',#950,1.);
#950 = DIRECTION('',(0.,1.));
#951 = ( GEOMETRIC_REPRESENTATION_CONTEXT(2) 
PARAMETRIC_REPRESENTATION_CONTEXT() REPRESENTATION_CONTEXT('2D SPACE',''
  ) );
#952 = PCURVE('',#899,#953);
#953 = DEFINITIONAL_REPRESENTATION('',(#954),#958);
#954 = LINE('',#955,#956);
#955 = CARTESIAN_POINT('',(0.,-24.91148036205));
#956 = VECTOR('',#957,1.);
#957 = DIRECTION('',(1.,0.));
#958 = ( GEOMETRIC_REPRESENTATION_CONTEXT(2) 
PARAMETRIC_REPRESENTATION_CONTEXT() REPRESENTATION_CONTEXT('2D SPACE',''
  ) );
#959 = ADVANCED_FACE('',(#960),#267,.T.);
#960 = FACE_BOUND('',#961,.F.);
#961 = EDGE_LOOP('',(#962,#997,#1024,#1051,#1052,#1053));
#962 = ORIENTED_EDGE('',*,*,#963,.F.);
#963 = EDGE_CURVE('',#964,#966,#968,.T.);
#964 = VERTEX_POINT('',#965);
#965 = CARTESIAN_POINT('',(-139.45,-40.175,10.6));
#966 = VERTEX_POINT('',#967);
#967 = CARTESIAN_POINT('',(-141.7807931212,-39.65670687877,10.6));
#968 = SURFACE_CURVE('',#969,(#974,#981),.PCURVE_S1.);
#969 = CIRCLE('',#970,5.5);
#970 = AXIS2_PLACEMENT_3D('',#971,#972,#973);
#971 = CARTESIAN_POINT('',(-139.45,-34.675,10.6));
#972 = DIRECTION('',(-0.,-0.,-1.));
#973 = DIRECTION('',(0.,-1.,0.));
#974 = PCURVE('',#267,#975);
#975 = DEFINITIONAL_REPRESENTATION('',(#976),#980);
#976 = LINE('',#977,#978);
#977 = CARTESIAN_POINT('',(-0.,1.570796326795));
#978 = VECTOR('',#979,1.);
#979 = DIRECTION('',(-1.,0.));
#980 = ( GEOMETRIC_REPRESENTATION_CONTEXT(2) 
PARAMETRIC_REPRESENTATION_CONTEXT() REPRESENTATION_CONTEXT('2D SPACE',''
  ) );
#981 = PCURVE('',#982,#987);
#982 = PLANE('',#983);
#983 = AXIS2_PLACEMENT_3D('',#984,#985,#986);
#984 = CARTESIAN_POINT('',(6.929967537268E-15,-2.137968708306E-15,10.6)
  );
#985 = DIRECTION('',(0.,0.,1.));
#986 = DIRECTION('',(1.,0.,0.));
#987 = DEFINITIONAL_REPRESENTATION('',(#988),#996);
#988 = ( BOUNDED_CURVE() B_SPLINE_CURVE(2,(#989,#990,#991,#992,#993,#994
,#995),.UNSPECIFIED.,.T.,.F.) B_SPLINE_CURVE_WITH_KNOTS((1,2,2,2,2,1),(
    -2.094395102393,0.,2.094395102393,4.188790204786,6.28318530718,
8.377580409573),.UNSPECIFIED.) CURVE() GEOMETRIC_REPRESENTATION_ITEM() 
RATIONAL_B_SPLINE_CURVE((1.,0.5,1.,0.5,1.,0.5,1.)) REPRESENTATION_ITEM(
  '') );
#989 = CARTESIAN_POINT('',(-139.45,-40.175));
#990 = CARTESIAN_POINT('',(-148.9762794416,-40.175));
#991 = CARTESIAN_POINT('',(-144.2131397208,-31.925));
#992 = CARTESIAN_POINT('',(-139.45,-23.675));
#993 = CARTESIAN_POINT('',(-134.6868602791,-31.925));
#994 = CARTESIAN_POINT('',(-129.9237205583,-40.175));
#995 = CARTESIAN_POINT('',(-139.45,-40.175));
#996 = ( GEOMETRIC_REPRESENTATION_CONTEXT(2) 
PARAMETRIC_REPRESENTATION_CONTEXT() REPRESENTATION_CONTEXT('2D SPACE',''
  ) );
#997 = ORIENTED_EDGE('',*,*,#998,.F.);
#998 = EDGE_CURVE('',#999,#964,#1001,.T.);
#999 = VERTEX_POINT('',#1000);
#1000 = CARTESIAN_POINT('',(-139.45,-46.675,4.1));
#1001 = SURFACE_CURVE('',#1002,(#1007,#1013),.PCURVE_S1.);
#1002 = CIRCLE('',#1003,6.5);
#1003 = AXIS2_PLACEMENT_3D('',#1004,#1005,#1006);
#1004 = CARTESIAN_POINT('',(-139.45,-40.175,4.1));
#1005 = DIRECTION('',(-1.,-0.,0.));
#1006 = DIRECTION('',(0.,-1.,0.));
#1007 = PCURVE('',#267,#1008);
#1008 = DEFINITIONAL_REPRESENTATION('',(#1009),#1012);
#1009 = B_SPLINE_CURVE_WITH_KNOTS('',1,(#1010,#1011),.UNSPECIFIED.,.F.,
  .F.,(2,2),(0.,1.570796326795),.PIECEWISE_BEZIER_KNOTS.);
#1010 = CARTESIAN_POINT('',(0.,0.));
#1011 = CARTESIAN_POINT('',(0.,1.570796326795));
#1012 = ( GEOMETRIC_REPRESENTATION_CONTEXT(2) 
PARAMETRIC_REPRESENTATION_CONTEXT() REPRESENTATION_CONTEXT('2D SPACE',''
  ) );
#1013 = PCURVE('',#1014,#1019);
#1014 = CYLINDRICAL_SURFACE('',#1015,6.5);
#1015 = AXIS2_PLACEMENT_3D('',#1016,#1017,#1018);
#1016 = CARTESIAN_POINT('',(139.45,-40.175,4.1));
#1017 = DIRECTION('',(-1.,-0.,-0.));
#1018 = DIRECTION('',(0.,-1.,0.));
#1019 = DEFINITIONAL_REPRESENTATION('',(#1020),#1023);
#1020 = B_SPLINE_CURVE_WITH_KNOTS('',1,(#1021,#1022),.UNSPECIFIED.,.F.,
  .F.,(2,2),(0.,1.570796326795),.PIECEWISE_BEZIER_KNOTS.);
#1021 = CARTESIAN_POINT('',(0.,278.9));
#1022 = CARTESIAN_POINT('',(1.570796326795,278.9));
#1023 = ( GEOMETRIC_REPRESENTATION_CONTEXT(2) 
PARAMETRIC_REPRESENTATION_CONTEXT() REPRESENTATION_CONTEXT('2D SPACE',''
  ) );
#1024 = ORIENTED_EDGE('',*,*,#1025,.T.);
#1025 = EDGE_CURVE('',#999,#504,#1026,.T.);
#1026 = SURFACE_CURVE('',#1027,(#1032,#1039),.PCURVE_S1.);
#1027 = CIRCLE('',#1028,12.);
#1028 = AXIS2_PLACEMENT_3D('',#1029,#1030,#1031);
#1029 = CARTESIAN_POINT('',(-139.45,-34.675,4.1));
#1030 = DIRECTION('',(-0.,-0.,-1.));
#1031 = DIRECTION('',(0.,-1.,0.));
#1032 = PCURVE('',#267,#1033);
#1033 = DEFINITIONAL_REPRESENTATION('',(#1034),#1038);
#1034 = LINE('',#1035,#1036);
#1035 = CARTESIAN_POINT('',(-0.,0.));
#1036 = VECTOR('',#1037,1.);
#1037 = DIRECTION('',(-1.,0.));
#1038 = ( GEOMETRIC_REPRESENTATION_CONTEXT(2) 
PARAMETRIC_REPRESENTATION_CONTEXT() REPRESENTATION_CONTEXT('2D SPACE',''
  ) );
#1039 = PCURVE('',#1040,#1045);
#1040 = CYLINDRICAL_SURFACE('',#1041,12.);
#1041 = AXIS2_PLACEMENT_3D('',#1042,#1043,#1044);
#1042 = CARTESIAN_POINT('',(-139.45,-34.675,-20.81148036205));
#1043 = DIRECTION('',(-0.,-0.,-1.));
#1044 = DIRECTION('',(1.,0.,0.));
#1045 = DEFINITIONAL_REPRESENTATION('',(#1046),#1050);
#1046 = LINE('',#1047,#1048);
#1047 = CARTESIAN_POINT('',(-4.712388980385,-24.91148036205));
#1048 = VECTOR('',#1049,1.);
#1049 = DIRECTION('',(1.,-0.));
#1050 = ( GEOMETRIC_REPRESENTATION_CONTEXT(2) 
PARAMETRIC_REPRESENTATION_CONTEXT() REPRESENTATION_CONTEXT('2D SPACE',''
  ) );
#1051 = ORIENTED_EDGE('',*,*,#503,.T.);
#1052 = ORIENTED_EDGE('',*,*,#244,.F.);
#1053 = ORIENTED_EDGE('',*,*,#1054,.T.);
#1054 = EDGE_CURVE('',#245,#966,#1055,.T.);
#1055 = SURFACE_CURVE('',#1056,(#1064,#1076),.PCURVE_S1.);
#1056 = ( BOUNDED_CURVE() B_SPLINE_CURVE(6,(#1057,#1058,#1059,#1060,
#1061,#1062,#1063),.UNSPECIFIED.,.F.,.F.) B_SPLINE_CURVE_WITH_KNOTS((7,7
),(73.570978083542,76.270614570048),.PIECEWISE_BEZIER_KNOTS.) CURVE() 
GEOMETRIC_REPRESENTATION_ITEM() RATIONAL_B_SPLINE_CURVE((1.,1.,1.,1.,1.,
1.,1.)) REPRESENTATION_ITEM('') );
#1057 = CARTESIAN_POINT('',(-144.4317068787,-37.00579312122,10.6));
#1058 = CARTESIAN_POINT('',(-144.3937158061,-37.68062686989,10.6));
#1059 = CARTESIAN_POINT('',(-144.1629876636,-38.35370148544,
    10.588343826284));
#1060 = CARTESIAN_POINT('',(-143.7291456411,-38.95414564119,
    10.580369322313));
#1061 = CARTESIAN_POINT('',(-143.1287014854,-39.38798766369,
    10.588343826284));
#1062 = CARTESIAN_POINT('',(-142.4556268698,-39.61871580616,10.6));
#1063 = CARTESIAN_POINT('',(-141.7807931212,-39.65670687877,10.6));
#1064 = PCURVE('',#267,#1065);
#1065 = DEFINITIONAL_REPRESENTATION('',(#1066),#1075);
#1066 = B_SPLINE_CURVE_WITH_KNOTS('',7,(#1067,#1068,#1069,#1070,#1071,
    #1072,#1073,#1074),.UNSPECIFIED.,.F.,.F.,(8,8),(73.570978083542,
    76.270614570048),.PIECEWISE_BEZIER_KNOTS.);
#1067 = CARTESIAN_POINT('',(-1.13318116724,1.570796326795));
#1068 = CARTESIAN_POINT('',(-1.035413802183,1.537622201602));
#1069 = CARTESIAN_POINT('',(-0.936184376031,1.514289862147));
#1070 = CARTESIAN_POINT('',(-0.835680601218,1.502078077896));
#1071 = CARTESIAN_POINT('',(-0.735115725576,1.502078077896));
#1072 = CARTESIAN_POINT('',(-0.634611950763,1.514289862147));
#1073 = CARTESIAN_POINT('',(-0.535382524612,1.537622201602));
#1074 = CARTESIAN_POINT('',(-0.437615159555,1.570796326795));
#1075 = ( GEOMETRIC_REPRESENTATION_CONTEXT(2) 
PARAMETRIC_REPRESENTATION_CONTEXT() REPRESENTATION_CONTEXT('2D SPACE',''
  ) );
#1076 = PCURVE('',#1077,#1099);
#1077 = ( BOUNDED_SURFACE() B_SPLINE_SURFACE(2,6,(
    (#1078,#1079,#1080,#1081,#1082,#1083,#1084)
    ,(#1085,#1086,#1087,#1088,#1089,#1090,#1091)
    ,(#1092,#1093,#1094,#1095,#1096,#1097,#1098
)),.UNSPECIFIED.,.F.,.F.,.F.) B_SPLINE_SURFACE_WITH_KNOTS((3,3),(7,7),(
    0.,2.699636486507),(73.570978083542,76.270614570048),
.PIECEWISE_BEZIER_KNOTS.) GEOMETRIC_REPRESENTATION_ITEM() 
RATIONAL_B_SPLINE_SURFACE((
    (1.,1.,1.,1.,1.,1.,1.)
    ,(0.707106781187,0.694148799638,0.684347883939,0.680421428004
      ,0.684347883939,0.694148799638,0.707106781187)
,(1.,1.,1.,1.,1.,1.,1.))) REPRESENTATION_ITEM('') SURFACE() );
#1078 = CARTESIAN_POINT('',(-144.4317068787,-37.00579312122,10.6));
#1079 = CARTESIAN_POINT('',(-144.3937158061,-37.68062686989,10.6));
#1080 = CARTESIAN_POINT('',(-144.1629876636,-38.35370148544,
    10.588343826284));
#1081 = CARTESIAN_POINT('',(-143.7291456411,-38.95414564119,
    10.580369322313));
#1082 = CARTESIAN_POINT('',(-143.1287014854,-39.38798766369,
    10.588343826284));
#1083 = CARTESIAN_POINT('',(-142.4556268698,-39.61871580616,10.6));
#1084 = CARTESIAN_POINT('',(-141.7807931212,-39.65670687877,10.6));
#1085 = CARTESIAN_POINT('',(-143.4378045858,-36.89552874748,10.6));
#1086 = CARTESIAN_POINT('',(-143.3872662572,-37.35107172103,
    10.637334881385));
#1087 = CARTESIAN_POINT('',(-143.2125517692,-37.78585633357,
    10.655268013806));
#1088 = CARTESIAN_POINT('',(-142.9283365638,-38.15333656381,
    10.660784768659));
#1089 = CARTESIAN_POINT('',(-142.5608563335,-38.43755176925,
    10.655268013806));
#1090 = CARTESIAN_POINT('',(-142.126071721,-38.61226625723,
    10.637334881385));
#1091 = CARTESIAN_POINT('',(-141.6705287474,-38.66280458585,10.6));
#1092 = CARTESIAN_POINT('',(-143.4378045858,-36.89552874748,9.6));
#1093 = CARTESIAN_POINT('',(-143.3881923899,-37.34272373512,9.6));
#1094 = CARTESIAN_POINT('',(-143.2178670973,-37.77651282622,
    9.589942922921));
#1095 = CARTESIAN_POINT('',(-142.9312568537,-38.15625685371,
    9.583680023657));
#1096 = CARTESIAN_POINT('',(-142.5515128262,-38.44286709737,
    9.589942922921));
#1097 = CARTESIAN_POINT('',(-142.1177237351,-38.61319238996,9.6));
#1098 = CARTESIAN_POINT('',(-141.6705287474,-38.66280458585,9.6));
#1099 = DEFINITIONAL_REPRESENTATION('',(#1100),#1104);
#1100 = LINE('',#1101,#1102);
#1101 = CARTESIAN_POINT('',(0.,0.));
#1102 = VECTOR('',#1103,1.);
#1103 = DIRECTION('',(0.,1.));
#1104 = ( GEOMETRIC_REPRESENTATION_CONTEXT(2) 
PARAMETRIC_REPRESENTATION_CONTEXT() REPRESENTATION_CONTEXT('2D SPACE',''
  ) );
#1105 = ADVANCED_FACE('',(#1106),#308,.T.);
#1106 = FACE_BOUND('',#1107,.T.);
#1107 = EDGE_LOOP('',(#1108,#1130,#1131,#1161));
#1108 = ORIENTED_EDGE('',*,*,#1109,.F.);
#1109 = EDGE_CURVE('',#292,#1110,#1112,.T.);
#1110 = VERTEX_POINT('',#1111);
#1111 = CARTESIAN_POINT('',(-143.45,-36.675,9.6));
#1112 = SURFACE_CURVE('',#1113,(#1118,#1124),.PCURVE_S1.);
#1113 = CIRCLE('',#1114,1.);
#1114 = AXIS2_PLACEMENT_3D('',#1115,#1116,#1117);
#1115 = CARTESIAN_POINT('',(-144.45,-36.675,9.6));
#1116 = DIRECTION('',(-0.,1.,0.));
#1117 = DIRECTION('',(0.,0.,1.));
#1118 = PCURVE('',#308,#1119);
#1119 = DEFINITIONAL_REPRESENTATION('',(#1120),#1123);
#1120 = B_SPLINE_CURVE_WITH_KNOTS('',1,(#1121,#1122),.UNSPECIFIED.,.F.,
  .F.,(2,2),(0.,1.570796326795),.PIECEWISE_BEZIER_KNOTS.);
#1121 = CARTESIAN_POINT('',(0.,1.570796326795));
#1122 = CARTESIAN_POINT('',(0.,3.14159265359));
#1123 = ( GEOMETRIC_REPRESENTATION_CONTEXT(2) 
PARAMETRIC_REPRESENTATION_CONTEXT() REPRESENTATION_CONTEXT('2D SPACE',''
  ) );
#1124 = PCURVE('',#336,#1125);
#1125 = DEFINITIONAL_REPRESENTATION('',(#1126),#1129);
#1126 = B_SPLINE_CURVE_WITH_KNOTS('',1,(#1127,#1128),.UNSPECIFIED.,.F.,
  .F.,(2,2),(0.,1.570796326795),.PIECEWISE_BEZIER_KNOTS.);
#1127 = CARTESIAN_POINT('',(0.,73.35));
#1128 = CARTESIAN_POINT('',(-1.570796326795,73.35));
#1129 = ( GEOMETRIC_REPRESENTATION_CONTEXT(2) 
PARAMETRIC_REPRESENTATION_CONTEXT() REPRESENTATION_CONTEXT('2D SPACE',''
  ) );
#1130 = ORIENTED_EDGE('',*,*,#291,.T.);
#1131 = ORIENTED_EDGE('',*,*,#1132,.T.);
#1132 = EDGE_CURVE('',#245,#1133,#1135,.T.);
#1133 = VERTEX_POINT('',#1134);
#1134 = CARTESIAN_POINT('',(-143.4378045858,-36.89552874748,9.6));
#1135 = SURFACE_CURVE('',#1136,(#1141,#1147),.PCURVE_S1.);
#1136 = CIRCLE('',#1137,1.);
#1137 = AXIS2_PLACEMENT_3D('',#1138,#1139,#1140);
#1138 = CARTESIAN_POINT('',(-144.4317068787,-37.00579312122,9.6));
#1139 = DIRECTION('',(-0.110264373741,0.993902292926,0.));
#1140 = DIRECTION('',(-0.993902292926,-0.110264373741,0.));
#1141 = PCURVE('',#308,#1142);
#1142 = DEFINITIONAL_REPRESENTATION('',(#1143),#1146);
#1143 = B_SPLINE_CURVE_WITH_KNOTS('',1,(#1144,#1145),.UNSPECIFIED.,.F.,
  .F.,(2,2),(1.570796326795,3.14159265359),.PIECEWISE_BEZIER_KNOTS.);
#1144 = CARTESIAN_POINT('',(0.110489041771,1.570796326795));
#1145 = CARTESIAN_POINT('',(0.110489041771,3.14159265359));
#1146 = ( GEOMETRIC_REPRESENTATION_CONTEXT(2) 
PARAMETRIC_REPRESENTATION_CONTEXT() REPRESENTATION_CONTEXT('2D SPACE',''
  ) );
#1147 = PCURVE('',#1077,#1148);
#1148 = DEFINITIONAL_REPRESENTATION('',(#1149),#1160);
#1149 = B_SPLINE_CURVE_WITH_KNOTS('',9,(#1150,#1151,#1152,#1153,#1154,
    #1155,#1156,#1157,#1158,#1159),.UNSPECIFIED.,.F.,.F.,(10,10),(
    1.570796326795,3.14159265359),.PIECEWISE_BEZIER_KNOTS.);
#1150 = CARTESIAN_POINT('',(2.22044604925E-16,73.570978083542));
#1151 = CARTESIAN_POINT('',(0.33317135792,73.57097808354));
#1152 = CARTESIAN_POINT('',(0.639245936724,73.570978083545));
#1153 = CARTESIAN_POINT('',(0.929339374253,73.570978083535));
#1154 = CARTESIAN_POINT('',(1.210576756787,73.570978083549));
#1155 = CARTESIAN_POINT('',(1.48905972972,73.570978083536));
#1156 = CARTESIAN_POINT('',(1.770297112253,73.570978083544));
#1157 = CARTESIAN_POINT('',(2.060390549783,73.570978083541));
#1158 = CARTESIAN_POINT('',(2.366465128586,73.570978083542));
#1159 = CARTESIAN_POINT('',(2.699636486507,73.570978083542));
#1160 = ( GEOMETRIC_REPRESENTATION_CONTEXT(2) 
PARAMETRIC_REPRESENTATION_CONTEXT() REPRESENTATION_CONTEXT('2D SPACE',''
  ) );
#1161 = ORIENTED_EDGE('',*,*,#1162,.F.);
#1162 = EDGE_CURVE('',#1110,#1133,#1163,.T.);
#1163 = SURFACE_CURVE('',#1164,(#1169,#1176),.PCURVE_S1.);
#1164 = CIRCLE('',#1165,2.);
#1165 = AXIS2_PLACEMENT_3D('',#1166,#1167,#1168);
#1166 = CARTESIAN_POINT('',(-141.45,-36.675,9.6));
#1167 = DIRECTION('',(0.,0.,1.));
#1168 = DIRECTION('',(-1.,0.,0.));
#1169 = PCURVE('',#308,#1170);
#1170 = DEFINITIONAL_REPRESENTATION('',(#1171),#1175);
#1171 = LINE('',#1172,#1173);
#1172 = CARTESIAN_POINT('',(0.,3.14159265359));
#1173 = VECTOR('',#1174,1.);
#1174 = DIRECTION('',(1.,0.));
#1175 = ( GEOMETRIC_REPRESENTATION_CONTEXT(2) 
PARAMETRIC_REPRESENTATION_CONTEXT() REPRESENTATION_CONTEXT('2D SPACE',''
  ) );
#1176 = PCURVE('',#1177,#1182);
#1177 = CYLINDRICAL_SURFACE('',#1178,2.);
#1178 = AXIS2_PLACEMENT_3D('',#1179,#1180,#1181);
#1179 = CARTESIAN_POINT('',(-141.45,-36.675,-5.));
#1180 = DIRECTION('',(0.,0.,-1.));
#1181 = DIRECTION('',(-1.,0.,0.));
#1182 = DEFINITIONAL_REPRESENTATION('',(#1183),#1187);
#1183 = LINE('',#1184,#1185);
#1184 = CARTESIAN_POINT('',(6.28318530718,-14.6));
#1185 = VECTOR('',#1186,1.);
#1186 = DIRECTION('',(-1.,-0.));
#1187 = ( GEOMETRIC_REPRESENTATION_CONTEXT(2) 
PARAMETRIC_REPRESENTATION_CONTEXT() REPRESENTATION_CONTEXT('2D SPACE',''
  ) );
#1188 = ADVANCED_FACE('',(#1189),#336,.T.);
#1189 = FACE_BOUND('',#1190,.F.);
#1190 = EDGE_LOOP('',(#1191,#1213,#1239,#1240));
#1191 = ORIENTED_EDGE('',*,*,#1192,.T.);
#1192 = EDGE_CURVE('',#321,#1193,#1195,.T.);
#1193 = VERTEX_POINT('',#1194);
#1194 = CARTESIAN_POINT('',(-143.45,36.675,9.6));
#1195 = SURFACE_CURVE('',#1196,(#1201,#1207),.PCURVE_S1.);
#1196 = CIRCLE('',#1197,1.);
#1197 = AXIS2_PLACEMENT_3D('',#1198,#1199,#1200);
#1198 = CARTESIAN_POINT('',(-144.45,36.675,9.6));
#1199 = DIRECTION('',(-0.,1.,0.));
#1200 = DIRECTION('',(0.,0.,1.));
#1201 = PCURVE('',#336,#1202);
#1202 = DEFINITIONAL_REPRESENTATION('',(#1203),#1206);
#1203 = B_SPLINE_CURVE_WITH_KNOTS('',1,(#1204,#1205),.UNSPECIFIED.,.F.,
  .F.,(2,2),(0.,1.570796326795),.PIECEWISE_BEZIER_KNOTS.);
#1204 = CARTESIAN_POINT('',(0.,-1.42108547152E-14));
#1205 = CARTESIAN_POINT('',(-1.570796326795,-1.42108547152E-14));
#1206 = ( GEOMETRIC_REPRESENTATION_CONTEXT(2) 
PARAMETRIC_REPRESENTATION_CONTEXT() REPRESENTATION_CONTEXT('2D SPACE',''
  ) );
#1207 = PCURVE('',#363,#1208);
#1208 = DEFINITIONAL_REPRESENTATION('',(#1209),#1212);
#1209 = B_SPLINE_CURVE_WITH_KNOTS('',1,(#1210,#1211),.UNSPECIFIED.,.F.,
  .F.,(2,2),(0.,1.570796326795),.PIECEWISE_BEZIER_KNOTS.);
#1210 = CARTESIAN_POINT('',(1.570796326795,1.570796326795));
#1211 = CARTESIAN_POINT('',(1.570796326795,3.14159265359));
#1212 = ( GEOMETRIC_REPRESENTATION_CONTEXT(2) 
PARAMETRIC_REPRESENTATION_CONTEXT() REPRESENTATION_CONTEXT('2D SPACE',''
  ) );
#1213 = ORIENTED_EDGE('',*,*,#1214,.T.);
#1214 = EDGE_CURVE('',#1193,#1110,#1215,.T.);
#1215 = SURFACE_CURVE('',#1216,(#1220,#1227),.PCURVE_S1.);
#1216 = LINE('',#1217,#1218);
#1217 = CARTESIAN_POINT('',(-143.45,36.675,9.6));
#1218 = VECTOR('',#1219,1.);
#1219 = DIRECTION('',(0.,-1.,0.));
#1220 = PCURVE('',#336,#1221);
#1221 = DEFINITIONAL_REPRESENTATION('',(#1222),#1226);
#1222 = LINE('',#1223,#1224);
#1223 = CARTESIAN_POINT('',(-1.570796326795,0.));
#1224 = VECTOR('',#1225,1.);
#1225 = DIRECTION('',(-0.,1.));
#1226 = ( GEOMETRIC_REPRESENTATION_CONTEXT(2) 
PARAMETRIC_REPRESENTATION_CONTEXT() REPRESENTATION_CONTEXT('2D SPACE',''
  ) );
#1227 = PCURVE('',#1228,#1233);
#1228 = PLANE('',#1229);
#1229 = AXIS2_PLACEMENT_3D('',#1230,#1231,#1232);
#1230 = CARTESIAN_POINT('',(-143.45,-36.675,-5.));
#1231 = DIRECTION('',(-1.,0.,0.));
#1232 = DIRECTION('',(0.,1.,0.));
#1233 = DEFINITIONAL_REPRESENTATION('',(#1234),#1238);
#1234 = LINE('',#1235,#1236);
#1235 = CARTESIAN_POINT('',(73.35,-14.6));
#1236 = VECTOR('',#1237,1.);
#1237 = DIRECTION('',(-1.,0.));
#1238 = ( GEOMETRIC_REPRESENTATION_CONTEXT(2) 
PARAMETRIC_REPRESENTATION_CONTEXT() REPRESENTATION_CONTEXT('2D SPACE',''
  ) );
#1239 = ORIENTED_EDGE('',*,*,#1109,.F.);
#1240 = ORIENTED_EDGE('',*,*,#320,.F.);
#1241 = ADVANCED_FACE('',(#1242),#363,.T.);
#1242 = FACE_BOUND('',#1243,.T.);
#1243 = EDGE_LOOP('',(#1244,#1245,#1246,#1247));
#1244 = ORIENTED_EDGE('',*,*,#472,.F.);
#1245 = ORIENTED_EDGE('',*,*,#348,.T.);
#1246 = ORIENTED_EDGE('',*,*,#1192,.T.);
#1247 = ORIENTED_EDGE('',*,*,#1248,.F.);
#1248 = EDGE_CURVE('',#436,#1193,#1249,.T.);
#1249 = SURFACE_CURVE('',#1250,(#1255,#1262),.PCURVE_S1.);
#1250 = CIRCLE('',#1251,2.);
#1251 = AXIS2_PLACEMENT_3D('',#1252,#1253,#1254);
#1252 = CARTESIAN_POINT('',(-141.45,36.675,9.6));
#1253 = DIRECTION('',(0.,0.,1.));
#1254 = DIRECTION('',(0.,1.,-0.));
#1255 = PCURVE('',#363,#1256);
#1256 = DEFINITIONAL_REPRESENTATION('',(#1257),#1261);
#1257 = LINE('',#1258,#1259);
#1258 = CARTESIAN_POINT('',(0.,3.14159265359));
#1259 = VECTOR('',#1260,1.);
#1260 = DIRECTION('',(1.,0.));
#1261 = ( GEOMETRIC_REPRESENTATION_CONTEXT(2) 
PARAMETRIC_REPRESENTATION_CONTEXT() REPRESENTATION_CONTEXT('2D SPACE',''
  ) );
#1262 = PCURVE('',#455,#1263);
#1263 = DEFINITIONAL_REPRESENTATION('',(#1264),#1268);
#1264 = LINE('',#1265,#1266);
#1265 = CARTESIAN_POINT('',(1.570796326795,-14.6));
#1266 = VECTOR('',#1267,1.);
#1267 = DIRECTION('',(-1.,-0.));
#1268 = ( GEOMETRIC_REPRESENTATION_CONTEXT(2) 
PARAMETRIC_REPRESENTATION_CONTEXT() REPRESENTATION_CONTEXT('2D SPACE',''
  ) );
#1269 = ADVANCED_FACE('',(#1270),#424,.T.);
#1270 = FACE_BOUND('',#1271,.T.);
#1271 = EDGE_LOOP('',(#1272,#1294,#1295,#1296));
#1272 = ORIENTED_EDGE('',*,*,#1273,.F.);
#1273 = EDGE_CURVE('',#558,#1274,#1276,.T.);
#1274 = VERTEX_POINT('',#1275);
#1275 = CARTESIAN_POINT('',(-141.45,38.675,9.6));
#1276 = SURFACE_CURVE('',#1277,(#1282,#1288),.PCURVE_S1.);
#1277 = CIRCLE('',#1278,1.);
#1278 = AXIS2_PLACEMENT_3D('',#1279,#1280,#1281);
#1279 = CARTESIAN_POINT('',(-141.45,39.675,9.6));
#1280 = DIRECTION('',(1.,0.,-0.));
#1281 = DIRECTION('',(0.,0.,1.));
#1282 = PCURVE('',#424,#1283);
#1283 = DEFINITIONAL_REPRESENTATION('',(#1284),#1287);
#1284 = B_SPLINE_CURVE_WITH_KNOTS('',1,(#1285,#1286),.UNSPECIFIED.,.F.,
  .F.,(2,2),(0.,1.570796326795),.PIECEWISE_BEZIER_KNOTS.);
#1285 = CARTESIAN_POINT('',(0.,1.570796326795));
#1286 = CARTESIAN_POINT('',(0.,3.14159265359));
#1287 = ( GEOMETRIC_REPRESENTATION_CONTEXT(2) 
PARAMETRIC_REPRESENTATION_CONTEXT() REPRESENTATION_CONTEXT('2D SPACE',''
  ) );
#1288 = PCURVE('',#597,#1289);
#1289 = DEFINITIONAL_REPRESENTATION('',(#1290),#1293);
#1290 = B_SPLINE_CURVE_WITH_KNOTS('',1,(#1291,#1292),.UNSPECIFIED.,.F.,
  .F.,(2,2),(0.,1.570796326795),.PIECEWISE_BEZIER_KNOTS.);
#1291 = CARTESIAN_POINT('',(0.,282.9));
#1292 = CARTESIAN_POINT('',(-1.570796326795,282.9));
#1293 = ( GEOMETRIC_REPRESENTATION_CONTEXT(2) 
PARAMETRIC_REPRESENTATION_CONTEXT() REPRESENTATION_CONTEXT('2D SPACE',''
  ) );
#1294 = ORIENTED_EDGE('',*,*,#557,.T.);
#1295 = ORIENTED_EDGE('',*,*,#400,.T.);
#1296 = ORIENTED_EDGE('',*,*,#1297,.F.);
#1297 = EDGE_CURVE('',#1274,#401,#1298,.T.);
#1298 = SURFACE_CURVE('',#1299,(#1304,#1311),.PCURVE_S1.);
#1299 = CIRCLE('',#1300,2.);
#1300 = AXIS2_PLACEMENT_3D('',#1301,#1302,#1303);
#1301 = CARTESIAN_POINT('',(-141.45,36.675,9.6));
#1302 = DIRECTION('',(0.,0.,1.));
#1303 = DIRECTION('',(0.,1.,-0.));
#1304 = PCURVE('',#424,#1305);
#1305 = DEFINITIONAL_REPRESENTATION('',(#1306),#1310);
#1306 = LINE('',#1307,#1308);
#1307 = CARTESIAN_POINT('',(0.,3.14159265359));
#1308 = VECTOR('',#1309,1.);
#1309 = DIRECTION('',(1.,0.));
#1310 = ( GEOMETRIC_REPRESENTATION_CONTEXT(2) 
PARAMETRIC_REPRESENTATION_CONTEXT() REPRESENTATION_CONTEXT('2D SPACE',''
  ) );
#1311 = PCURVE('',#455,#1312);
#1312 = DEFINITIONAL_REPRESENTATION('',(#1313),#1317);
#1313 = LINE('',#1314,#1315);
#1314 = CARTESIAN_POINT('',(1.570796326795,-14.6));
#1315 = VECTOR('',#1316,1.);
#1316 = DIRECTION('',(-1.,-0.));
#1317 = ( GEOMETRIC_REPRESENTATION_CONTEXT(2) 
PARAMETRIC_REPRESENTATION_CONTEXT() REPRESENTATION_CONTEXT('2D SPACE',''
  ) );
#1318 = ADVANCED_FACE('',(#1319),#455,.F.);
#1319 = FACE_BOUND('',#1320,.F.);
#1320 = EDGE_LOOP('',(#1321,#1349,#1382,#1403,#1404,#1405));
#1321 = ORIENTED_EDGE('',*,*,#1322,.F.);
#1322 = EDGE_CURVE('',#1323,#1274,#1325,.T.);
#1323 = VERTEX_POINT('',#1324);
#1324 = CARTESIAN_POINT('',(-141.45,38.675,-5.));
#1325 = SURFACE_CURVE('',#1326,(#1330,#1337),.PCURVE_S1.);
#1326 = LINE('',#1327,#1328);
#1327 = CARTESIAN_POINT('',(-141.45,38.675,-5.));
#1328 = VECTOR('',#1329,1.);
#1329 = DIRECTION('',(0.,0.,1.));
#1330 = PCURVE('',#455,#1331);
#1331 = DEFINITIONAL_REPRESENTATION('',(#1332),#1336);
#1332 = LINE('',#1333,#1334);
#1333 = CARTESIAN_POINT('',(1.570796326795,0.));
#1334 = VECTOR('',#1335,1.);
#1335 = DIRECTION('',(0.,-1.));
#1336 = ( GEOMETRIC_REPRESENTATION_CONTEXT(2) 
PARAMETRIC_REPRESENTATION_CONTEXT() REPRESENTATION_CONTEXT('2D SPACE',''
  ) );
#1337 = PCURVE('',#1338,#1343);
#1338 = PLANE('',#1339);
#1339 = AXIS2_PLACEMENT_3D('',#1340,#1341,#1342);
#1340 = CARTESIAN_POINT('',(-141.45,38.675,-5.));
#1341 = DIRECTION('',(0.,1.,0.));
#1342 = DIRECTION('',(1.,0.,0.));
#1343 = DEFINITIONAL_REPRESENTATION('',(#1344),#1348);
#1344 = LINE('',#1345,#1346);
#1345 = CARTESIAN_POINT('',(0.,0.));
#1346 = VECTOR('',#1347,1.);
#1347 = DIRECTION('',(0.,-1.));
#1348 = ( GEOMETRIC_REPRESENTATION_CONTEXT(2) 
PARAMETRIC_REPRESENTATION_CONTEXT() REPRESENTATION_CONTEXT('2D SPACE',''
  ) );
#1349 = ORIENTED_EDGE('',*,*,#1350,.F.);
#1350 = EDGE_CURVE('',#1351,#1323,#1353,.T.);
#1351 = VERTEX_POINT('',#1352);
#1352 = CARTESIAN_POINT('',(-143.45,36.675,-5.));
#1353 = SURFACE_CURVE('',#1354,(#1359,#1366),.PCURVE_S1.);
#1354 = CIRCLE('',#1355,2.);
#1355 = AXIS2_PLACEMENT_3D('',#1356,#1357,#1358);
#1356 = CARTESIAN_POINT('',(-141.45,36.675,-5.));
#1357 = DIRECTION('',(0.,0.,-1.));
#1358 = DIRECTION('',(-1.,0.,0.));
#1359 = PCURVE('',#455,#1360);
#1360 = DEFINITIONAL_REPRESENTATION('',(#1361),#1365);
#1361 = LINE('',#1362,#1363);
#1362 = CARTESIAN_POINT('',(0.,0.));
#1363 = VECTOR('',#1364,1.);
#1364 = DIRECTION('',(1.,0.));
#1365 = ( GEOMETRIC_REPRESENTATION_CONTEXT(2) 
PARAMETRIC_REPRESENTATION_CONTEXT() REPRESENTATION_CONTEXT('2D SPACE',''
  ) );
#1366 = PCURVE('',#1367,#1372);
#1367 = PLANE('',#1368);
#1368 = AXIS2_PLACEMENT_3D('',#1369,#1370,#1371);
#1369 = CARTESIAN_POINT('',(-1.450640679334E-15,1.024269939124E-15,-5.)
  );
#1370 = DIRECTION('',(0.,0.,1.));
#1371 = DIRECTION('',(1.,0.,0.));
#1372 = DEFINITIONAL_REPRESENTATION('',(#1373),#1381);
#1373 = ( BOUNDED_CURVE() B_SPLINE_CURVE(2,(#1374,#1375,#1376,#1377,
#1378,#1379,#1380),.UNSPECIFIED.,.T.,.F.) B_SPLINE_CURVE_WITH_KNOTS((1,2
    ,2,2,2,1),(-2.094395102393,0.,2.094395102393,4.188790204786,
6.28318530718,8.377580409573),.UNSPECIFIED.) CURVE() 
GEOMETRIC_REPRESENTATION_ITEM() RATIONAL_B_SPLINE_CURVE((1.,0.5,1.,0.5,
1.,0.5,1.)) REPRESENTATION_ITEM('') );
#1374 = CARTESIAN_POINT('',(-143.45,36.675));
#1375 = CARTESIAN_POINT('',(-143.45,40.139101615138));
#1376 = CARTESIAN_POINT('',(-140.45,38.407050807569));
#1377 = CARTESIAN_POINT('',(-137.45,36.675));
#1378 = CARTESIAN_POINT('',(-140.45,34.942949192431));
#1379 = CARTESIAN_POINT('',(-143.45,33.210898384862));
#1380 = CARTESIAN_POINT('',(-143.45,36.675));
#1381 = ( GEOMETRIC_REPRESENTATION_CONTEXT(2) 
PARAMETRIC_REPRESENTATION_CONTEXT() REPRESENTATION_CONTEXT('2D SPACE',''
  ) );
#1382 = ORIENTED_EDGE('',*,*,#1383,.T.);
#1383 = EDGE_CURVE('',#1351,#1193,#1384,.T.);
#1384 = SURFACE_CURVE('',#1385,(#1389,#1396),.PCURVE_S1.);
#1385 = LINE('',#1386,#1387);
#1386 = CARTESIAN_POINT('',(-143.45,36.675,-5.));
#1387 = VECTOR('',#1388,1.);
#1388 = DIRECTION('',(0.,0.,1.));
#1389 = PCURVE('',#455,#1390);
#1390 = DEFINITIONAL_REPRESENTATION('',(#1391),#1395);
#1391 = LINE('',#1392,#1393);
#1392 = CARTESIAN_POINT('',(0.,0.));
#1393 = VECTOR('',#1394,1.);
#1394 = DIRECTION('',(0.,-1.));
#1395 = ( GEOMETRIC_REPRESENTATION_CONTEXT(2) 
PARAMETRIC_REPRESENTATION_CONTEXT() REPRESENTATION_CONTEXT('2D SPACE',''
  ) );
#1396 = PCURVE('',#1228,#1397);
#1397 = DEFINITIONAL_REPRESENTATION('',(#1398),#1402);
#1398 = LINE('',#1399,#1400);
#1399 = CARTESIAN_POINT('',(73.35,0.));
#1400 = VECTOR('',#1401,1.);
#1401 = DIRECTION('',(0.,-1.));
#1402 = ( GEOMETRIC_REPRESENTATION_CONTEXT(2) 
PARAMETRIC_REPRESENTATION_CONTEXT() REPRESENTATION_CONTEXT('2D SPACE',''
  ) );
#1403 = ORIENTED_EDGE('',*,*,#1248,.F.);
#1404 = ORIENTED_EDGE('',*,*,#435,.F.);
#1405 = ORIENTED_EDGE('',*,*,#1297,.F.);
#1406 = ADVANCED_FACE('',(#1407),#541,.T.);
#1407 = FACE_BOUND('',#1408,.T.);
#1408 = EDGE_LOOP('',(#1409,#1410,#1438,#1459));
#1409 = ORIENTED_EDGE('',*,*,#707,.F.);
#1410 = ORIENTED_EDGE('',*,*,#1411,.F.);
#1411 = EDGE_CURVE('',#1412,#708,#1414,.T.);
#1412 = VERTEX_POINT('',#1413);
#1413 = CARTESIAN_POINT('',(-151.45,-34.675,-6.736463565152));
#1414 = SURFACE_CURVE('',#1415,(#1419,#1426),.PCURVE_S1.);
#1415 = LINE('',#1416,#1417);
#1416 = CARTESIAN_POINT('',(-151.45,-34.20462191529,-6.785902294031));
#1417 = VECTOR('',#1418,1.);
#1418 = DIRECTION('',(0.,0.994521895368,-0.104528463268));
#1419 = PCURVE('',#541,#1420);
#1420 = DEFINITIONAL_REPRESENTATION('',(#1421),#1425);
#1421 = LINE('',#1422,#1423);
#1422 = CARTESIAN_POINT('',(0.470378084704,-14.02557806802));
#1423 = VECTOR('',#1424,1.);
#1424 = DIRECTION('',(0.994521895368,0.104528463268));
#1425 = ( GEOMETRIC_REPRESENTATION_CONTEXT(2) 
PARAMETRIC_REPRESENTATION_CONTEXT() REPRESENTATION_CONTEXT('2D SPACE',''
  ) );
#1426 = PCURVE('',#1427,#1432);
#1427 = CYLINDRICAL_SURFACE('',#1428,4.5);
#1428 = AXIS2_PLACEMENT_3D('',#1429,#1430,#1431);
#1429 = CARTESIAN_POINT('',(-146.95,-34.20462191529,-6.785902294031));
#1430 = DIRECTION('',(0.,0.994521895368,-0.104528463268));
#1431 = DIRECTION('',(-1.,0.,0.));
#1432 = DEFINITIONAL_REPRESENTATION('',(#1433),#1437);
#1433 = LINE('',#1434,#1435);
#1434 = CARTESIAN_POINT('',(-0.,0.));
#1435 = VECTOR('',#1436,1.);
#1436 = DIRECTION('',(-0.,1.));
#1437 = ( GEOMETRIC_REPRESENTATION_CONTEXT(2) 
PARAMETRIC_REPRESENTATION_CONTEXT() REPRESENTATION_CONTEXT('2D SPACE',''
  ) );
#1438 = ORIENTED_EDGE('',*,*,#1439,.T.);
#1439 = EDGE_CURVE('',#1412,#504,#1440,.T.);
#1440 = SURFACE_CURVE('',#1441,(#1445,#1452),.PCURVE_S1.);
#1441 = LINE('',#1442,#1443);
#1442 = CARTESIAN_POINT('',(-151.45,-34.675,-20.81148036205));
#1443 = VECTOR('',#1444,1.);
#1444 = DIRECTION('',(0.,0.,1.));
#1445 = PCURVE('',#541,#1446);
#1446 = DEFINITIONAL_REPRESENTATION('',(#1447),#1451);
#1447 = LINE('',#1448,#1449);
#1448 = CARTESIAN_POINT('',(0.,0.));
#1449 = VECTOR('',#1450,1.);
#1450 = DIRECTION('',(0.,-1.));
#1451 = ( GEOMETRIC_REPRESENTATION_CONTEXT(2) 
PARAMETRIC_REPRESENTATION_CONTEXT() REPRESENTATION_CONTEXT('2D SPACE',''
  ) );
#1452 = PCURVE('',#1040,#1453);
#1453 = DEFINITIONAL_REPRESENTATION('',(#1454),#1458);
#1454 = LINE('',#1455,#1456);
#1455 = CARTESIAN_POINT('',(-3.14159265359,0.));
#1456 = VECTOR('',#1457,1.);
#1457 = DIRECTION('',(-0.,-1.));
#1458 = ( GEOMETRIC_REPRESENTATION_CONTEXT(2) 
PARAMETRIC_REPRESENTATION_CONTEXT() REPRESENTATION_CONTEXT('2D SPACE',''
  ) );
#1459 = ORIENTED_EDGE('',*,*,#527,.T.);
#1460 = ADVANCED_FACE('',(#1461),#597,.T.);
#1461 = FACE_BOUND('',#1462,.F.);
#1462 = EDGE_LOOP('',(#1463,#1485,#1506,#1507));
#1463 = ORIENTED_EDGE('',*,*,#1464,.T.);
#1464 = EDGE_CURVE('',#582,#1465,#1467,.T.);
#1465 = VERTEX_POINT('',#1466);
#1466 = CARTESIAN_POINT('',(141.45,38.675,9.6));
#1467 = SURFACE_CURVE('',#1468,(#1473,#1479),.PCURVE_S1.);
#1468 = CIRCLE('',#1469,1.);
#1469 = AXIS2_PLACEMENT_3D('',#1470,#1471,#1472);
#1470 = CARTESIAN_POINT('',(141.45,39.675,9.6));
#1471 = DIRECTION('',(1.,-6.123233995737E-17,0.));
#1472 = DIRECTION('',(6.123233995737E-17,1.,0.));
#1473 = PCURVE('',#597,#1474);
#1474 = DEFINITIONAL_REPRESENTATION('',(#1475),#1478);
#1475 = B_SPLINE_CURVE_WITH_KNOTS('',1,(#1476,#1477),.UNSPECIFIED.,.F.,
  .F.,(2,2),(1.570796326795,3.14159265359),.PIECEWISE_BEZIER_KNOTS.);
#1476 = CARTESIAN_POINT('',(0.,-5.684341886081E-14));
#1477 = CARTESIAN_POINT('',(-1.570796326795,-5.684341886081E-14));
#1478 = ( GEOMETRIC_REPRESENTATION_CONTEXT(2) 
PARAMETRIC_REPRESENTATION_CONTEXT() REPRESENTATION_CONTEXT('2D SPACE',''
  ) );
#1479 = PCURVE('',#626,#1480);
#1480 = DEFINITIONAL_REPRESENTATION('',(#1481),#1484);
#1481 = B_SPLINE_CURVE_WITH_KNOTS('',1,(#1482,#1483),.UNSPECIFIED.,.F.,
  .F.,(2,2),(1.570796326795,3.14159265359),.PIECEWISE_BEZIER_KNOTS.);
#1482 = CARTESIAN_POINT('',(1.570796326795,1.570796326795));
#1483 = CARTESIAN_POINT('',(1.570796326795,3.14159265359));
#1484 = ( GEOMETRIC_REPRESENTATION_CONTEXT(2) 
PARAMETRIC_REPRESENTATION_CONTEXT() REPRESENTATION_CONTEXT('2D SPACE',''
  ) );
#1485 = ORIENTED_EDGE('',*,*,#1486,.T.);
#1486 = EDGE_CURVE('',#1465,#1274,#1487,.T.);
#1487 = SURFACE_CURVE('',#1488,(#1492,#1499),.PCURVE_S1.);
#1488 = LINE('',#1489,#1490);
#1489 = CARTESIAN_POINT('',(141.45,38.675,9.6));
#1490 = VECTOR('',#1491,1.);
#1491 = DIRECTION('',(-1.,0.,0.));
#1492 = PCURVE('',#597,#1493);
#1493 = DEFINITIONAL_REPRESENTATION('',(#1494),#1498);
#1494 = LINE('',#1495,#1496);
#1495 = CARTESIAN_POINT('',(-1.570796326795,0.));
#1496 = VECTOR('',#1497,1.);
#1497 = DIRECTION('',(-0.,1.));
#1498 = ( GEOMETRIC_REPRESENTATION_CONTEXT(2) 
PARAMETRIC_REPRESENTATION_CONTEXT() REPRESENTATION_CONTEXT('2D SPACE',''
  ) );
#1499 = PCURVE('',#1338,#1500);
#1500 = DEFINITIONAL_REPRESENTATION('',(#1501),#1505);
#1501 = LINE('',#1502,#1503);
#1502 = CARTESIAN_POINT('',(282.9,-14.6));
#1503 = VECTOR('',#1504,1.);
#1504 = DIRECTION('',(-1.,0.));
#1505 = ( GEOMETRIC_REPRESENTATION_CONTEXT(2) 
PARAMETRIC_REPRESENTATION_CONTEXT() REPRESENTATION_CONTEXT('2D SPACE',''
  ) );
#1506 = ORIENTED_EDGE('',*,*,#1273,.F.);
#1507 = ORIENTED_EDGE('',*,*,#581,.F.);
#1508 = ADVANCED_FACE('',(#1509),#659,.T.);
#1509 = FACE_BOUND('',#1510,.F.);
#1510 = EDGE_LOOP('',(#1511,#1512,#1513,#1542,#1569,#1602));
#1511 = ORIENTED_EDGE('',*,*,#638,.F.);
#1512 = ORIENTED_EDGE('',*,*,#917,.F.);
#1513 = ORIENTED_EDGE('',*,*,#1514,.T.);
#1514 = EDGE_CURVE('',#918,#1515,#1517,.T.);
#1515 = VERTEX_POINT('',#1516);
#1516 = CARTESIAN_POINT('',(151.45,34.675,4.1));
#1517 = SURFACE_CURVE('',#1518,(#1523,#1530),.PCURVE_S1.);
#1518 = CIRCLE('',#1519,12.);
#1519 = AXIS2_PLACEMENT_3D('',#1520,#1521,#1522);
#1520 = CARTESIAN_POINT('',(139.45,34.675,4.1));
#1521 = DIRECTION('',(0.,-0.,-1.));
#1522 = DIRECTION('',(0.,1.,-0.));
#1523 = PCURVE('',#659,#1524);
#1524 = DEFINITIONAL_REPRESENTATION('',(#1525),#1529);
#1525 = LINE('',#1526,#1527);
#1526 = CARTESIAN_POINT('',(-0.,0.));
#1527 = VECTOR('',#1528,1.);
#1528 = DIRECTION('',(-1.,0.));
#1529 = ( GEOMETRIC_REPRESENTATION_CONTEXT(2) 
PARAMETRIC_REPRESENTATION_CONTEXT() REPRESENTATION_CONTEXT('2D SPACE',''
  ) );
#1530 = PCURVE('',#1531,#1536);
#1531 = CYLINDRICAL_SURFACE('',#1532,12.);
#1532 = AXIS2_PLACEMENT_3D('',#1533,#1534,#1535);
#1533 = CARTESIAN_POINT('',(139.45,34.675,-20.81148036205));
#1534 = DIRECTION('',(-0.,-0.,-1.));
#1535 = DIRECTION('',(1.,0.,0.));
#1536 = DEFINITIONAL_REPRESENTATION('',(#1537),#1541);
#1537 = LINE('',#1538,#1539);
#1538 = CARTESIAN_POINT('',(-1.570796326795,-24.91148036205));
#1539 = VECTOR('',#1540,1.);
#1540 = DIRECTION('',(1.,-0.));
#1541 = ( GEOMETRIC_REPRESENTATION_CONTEXT(2) 
PARAMETRIC_REPRESENTATION_CONTEXT() REPRESENTATION_CONTEXT('2D SPACE',''
  ) );
#1542 = ORIENTED_EDGE('',*,*,#1543,.T.);
#1543 = EDGE_CURVE('',#1515,#1544,#1546,.T.);
#1544 = VERTEX_POINT('',#1545);
#1545 = CARTESIAN_POINT('',(144.95,34.675,10.6));
#1546 = SURFACE_CURVE('',#1547,(#1552,#1558),.PCURVE_S1.);
#1547 = CIRCLE('',#1548,6.5);
#1548 = AXIS2_PLACEMENT_3D('',#1549,#1550,#1551);
#1549 = CARTESIAN_POINT('',(144.95,34.675,4.1));
#1550 = DIRECTION('',(6.123233995737E-17,-1.,0.));
#1551 = DIRECTION('',(1.,6.123233995737E-17,0.));
#1552 = PCURVE('',#659,#1553);
#1553 = DEFINITIONAL_REPRESENTATION('',(#1554),#1557);
#1554 = B_SPLINE_CURVE_WITH_KNOTS('',1,(#1555,#1556),.UNSPECIFIED.,.F.,
  .F.,(2,2),(0.,1.570796326795),.PIECEWISE_BEZIER_KNOTS.);
#1555 = CARTESIAN_POINT('',(-1.570796326795,0.));
#1556 = CARTESIAN_POINT('',(-1.570796326795,1.570796326795));
#1557 = ( GEOMETRIC_REPRESENTATION_CONTEXT(2) 
PARAMETRIC_REPRESENTATION_CONTEXT() REPRESENTATION_CONTEXT('2D SPACE',''
  ) );
#1558 = PCURVE('',#1559,#1564);
#1559 = CYLINDRICAL_SURFACE('',#1560,6.5);
#1560 = AXIS2_PLACEMENT_3D('',#1561,#1562,#1563);
#1561 = CARTESIAN_POINT('',(144.95,34.675,4.1));
#1562 = DIRECTION('',(-0.,-1.,-0.));
#1563 = DIRECTION('',(1.,-0.,0.));
#1564 = DEFINITIONAL_REPRESENTATION('',(#1565),#1568);
#1565 = B_SPLINE_CURVE_WITH_KNOTS('',1,(#1566,#1567),.UNSPECIFIED.,.F.,
  .F.,(2,2),(0.,1.570796326795),.PIECEWISE_BEZIER_KNOTS.);
#1566 = CARTESIAN_POINT('',(0.,0.));
#1567 = CARTESIAN_POINT('',(1.570796326795,0.));
#1568 = ( GEOMETRIC_REPRESENTATION_CONTEXT(2) 
PARAMETRIC_REPRESENTATION_CONTEXT() REPRESENTATION_CONTEXT('2D SPACE',''
  ) );
#1569 = ORIENTED_EDGE('',*,*,#1570,.F.);
#1570 = EDGE_CURVE('',#1571,#1544,#1573,.T.);
#1571 = VERTEX_POINT('',#1572);
#1572 = CARTESIAN_POINT('',(144.43170687877,37.005793121222,10.6));
#1573 = SURFACE_CURVE('',#1574,(#1579,#1586),.PCURVE_S1.);
#1574 = CIRCLE('',#1575,5.5);
#1575 = AXIS2_PLACEMENT_3D('',#1576,#1577,#1578);
#1576 = CARTESIAN_POINT('',(139.45,34.675,10.6));
#1577 = DIRECTION('',(0.,-0.,-1.));
#1578 = DIRECTION('',(0.,1.,-0.));
#1579 = PCURVE('',#659,#1580);
#1580 = DEFINITIONAL_REPRESENTATION('',(#1581),#1585);
#1581 = LINE('',#1582,#1583);
#1582 = CARTESIAN_POINT('',(-0.,1.570796326795));
#1583 = VECTOR('',#1584,1.);
#1584 = DIRECTION('',(-1.,0.));
#1585 = ( GEOMETRIC_REPRESENTATION_CONTEXT(2) 
PARAMETRIC_REPRESENTATION_CONTEXT() REPRESENTATION_CONTEXT('2D SPACE',''
  ) );
#1586 = PCURVE('',#1587,#1592);
#1587 = PLANE('',#1588);
#1588 = AXIS2_PLACEMENT_3D('',#1589,#1590,#1591);
#1589 = CARTESIAN_POINT('',(6.929967537268E-15,-2.137968708306E-15,10.6)
  );
#1590 = DIRECTION('',(0.,0.,1.));
#1591 = DIRECTION('',(1.,0.,0.));
#1592 = DEFINITIONAL_REPRESENTATION('',(#1593),#1601);
#1593 = ( BOUNDED_CURVE() B_SPLINE_CURVE(2,(#1594,#1595,#1596,#1597,
#1598,#1599,#1600),.UNSPECIFIED.,.T.,.F.) B_SPLINE_CURVE_WITH_KNOTS((1,2
    ,2,2,2,1),(-2.094395102393,0.,2.094395102393,4.188790204786,
6.28318530718,8.377580409573),.UNSPECIFIED.) CURVE() 
GEOMETRIC_REPRESENTATION_ITEM() RATIONAL_B_SPLINE_CURVE((1.,0.5,1.,0.5,
1.,0.5,1.)) REPRESENTATION_ITEM('') );
#1594 = CARTESIAN_POINT('',(139.45,40.175));
#1595 = CARTESIAN_POINT('',(148.97627944162,40.175));
#1596 = CARTESIAN_POINT('',(144.21313972081,31.925));
#1597 = CARTESIAN_POINT('',(139.45,23.675));
#1598 = CARTESIAN_POINT('',(134.68686027918,31.925));
#1599 = CARTESIAN_POINT('',(129.92372055837,40.175));
#1600 = CARTESIAN_POINT('',(139.45,40.175));
#1601 = ( GEOMETRIC_REPRESENTATION_CONTEXT(2) 
PARAMETRIC_REPRESENTATION_CONTEXT() REPRESENTATION_CONTEXT('2D SPACE',''
  ) );
#1602 = ORIENTED_EDGE('',*,*,#1603,.T.);
#1603 = EDGE_CURVE('',#1571,#610,#1604,.T.);
#1604 = SURFACE_CURVE('',#1605,(#1613,#1625),.PCURVE_S1.);
#1605 = ( BOUNDED_CURVE() B_SPLINE_CURVE(6,(#1606,#1607,#1608,#1609,
#1610,#1611,#1612),.UNSPECIFIED.,.F.,.F.) B_SPLINE_CURVE_WITH_KNOTS((7,7
),(436.10416339072,438.80379987722),.PIECEWISE_BEZIER_KNOTS.) CURVE() 
GEOMETRIC_REPRESENTATION_ITEM() RATIONAL_B_SPLINE_CURVE((1.,1.,1.,1.,1.,
1.,1.)) REPRESENTATION_ITEM('') );
#1606 = CARTESIAN_POINT('',(144.43170687877,37.005793121222,10.6));
#1607 = CARTESIAN_POINT('',(144.39371580616,37.68062686989,10.6));
#1608 = CARTESIAN_POINT('',(144.16298766369,38.353701485446,
    10.588343826284));
#1609 = CARTESIAN_POINT('',(143.72914564119,38.954145641198,
    10.580369322313));
#1610 = CARTESIAN_POINT('',(143.12870148544,39.387987663695,
    10.588343826284));
#1611 = CARTESIAN_POINT('',(142.45562686989,39.618715806165,10.6));
#1612 = CARTESIAN_POINT('',(141.78079312122,39.656706878778,10.6));
#1613 = PCURVE('',#659,#1614);
#1614 = DEFINITIONAL_REPRESENTATION('',(#1615),#1624);
#1615 = B_SPLINE_CURVE_WITH_KNOTS('',7,(#1616,#1617,#1618,#1619,#1620,
    #1621,#1622,#1623),.UNSPECIFIED.,.F.,.F.,(8,8),(436.10416339072,
    438.80379987722),.PIECEWISE_BEZIER_KNOTS.);
#1616 = CARTESIAN_POINT('',(-1.13318116724,1.570796326795));
#1617 = CARTESIAN_POINT('',(-1.035413802182,1.537622201602));
#1618 = CARTESIAN_POINT('',(-0.936184376032,1.514289862147));
#1619 = CARTESIAN_POINT('',(-0.835680601218,1.502078077896));
#1620 = CARTESIAN_POINT('',(-0.735115725576,1.502078077897));
#1621 = CARTESIAN_POINT('',(-0.634611950764,1.514289862146));
#1622 = CARTESIAN_POINT('',(-0.535382524612,1.537622201602));
#1623 = CARTESIAN_POINT('',(-0.437615159555,1.570796326795));
#1624 = ( GEOMETRIC_REPRESENTATION_CONTEXT(2) 
PARAMETRIC_REPRESENTATION_CONTEXT() REPRESENTATION_CONTEXT('2D SPACE',''
  ) );
#1625 = PCURVE('',#1626,#1648);
#1626 = ( BOUNDED_SURFACE() B_SPLINE_SURFACE(2,6,(
    (#1627,#1628,#1629,#1630,#1631,#1632,#1633)
    ,(#1634,#1635,#1636,#1637,#1638,#1639,#1640)
    ,(#1641,#1642,#1643,#1644,#1645,#1646,#1647
)),.UNSPECIFIED.,.F.,.F.,.F.) B_SPLINE_SURFACE_WITH_KNOTS((3,3),(7,7),(
    0.,2.699636486507),(436.10416339072,438.80379987722),
.PIECEWISE_BEZIER_KNOTS.) GEOMETRIC_REPRESENTATION_ITEM() 
RATIONAL_B_SPLINE_SURFACE((
    (1.,1.,1.,1.,1.,1.,1.)
    ,(0.707106781187,0.694148799638,0.684347883939,0.680421428004
      ,0.684347883939,0.694148799638,0.707106781187)
,(1.,1.,1.,1.,1.,1.,1.))) REPRESENTATION_ITEM('') SURFACE() );
#1627 = CARTESIAN_POINT('',(144.43170687877,37.005793121222,10.6));
#1628 = CARTESIAN_POINT('',(144.39371580616,37.68062686989,10.6));
#1629 = CARTESIAN_POINT('',(144.16298766369,38.353701485446,
    10.588343826284));
#1630 = CARTESIAN_POINT('',(143.72914564119,38.954145641198,
    10.580369322313));
#1631 = CARTESIAN_POINT('',(143.12870148544,39.387987663695,
    10.588343826284));
#1632 = CARTESIAN_POINT('',(142.45562686989,39.618715806165,10.6));
#1633 = CARTESIAN_POINT('',(141.78079312122,39.656706878778,10.6));
#1634 = CARTESIAN_POINT('',(143.43780458585,36.895528747481,10.6));
#1635 = CARTESIAN_POINT('',(143.38726625723,37.351071721037,
    10.637334881385));
#1636 = CARTESIAN_POINT('',(143.21255176925,37.785856333572,
    10.655268013806));
#1637 = CARTESIAN_POINT('',(142.92833656381,38.153336563815,
    10.660784768659));
#1638 = CARTESIAN_POINT('',(142.56085633357,38.437551769259,
    10.655268013806));
#1639 = CARTESIAN_POINT('',(142.12607172103,38.612266257237,
    10.637334881385));
#1640 = CARTESIAN_POINT('',(141.67052874748,38.662804585852,10.6));
#1641 = CARTESIAN_POINT('',(143.43780458585,36.895528747481,9.6));
#1642 = CARTESIAN_POINT('',(143.38819238996,37.342723735127,9.6));
#1643 = CARTESIAN_POINT('',(143.21786709737,37.776512826225,
    9.589942922921));
#1644 = CARTESIAN_POINT('',(142.93125685371,38.156256853715,
    9.583680023657));
#1645 = CARTESIAN_POINT('',(142.55151282622,38.442867097372,
    9.589942922921));
#1646 = CARTESIAN_POINT('',(142.11772373512,38.613192389961,9.6));
#1647 = CARTESIAN_POINT('',(141.67052874748,38.662804585852,9.6));
#1648 = DEFINITIONAL_REPRESENTATION('',(#1649),#1653);
#1649 = LINE('',#1650,#1651);
#1650 = CARTESIAN_POINT('',(0.,0.));
#1651 = VECTOR('',#1652,1.);
#1652 = DIRECTION('',(0.,1.));
#1653 = ( GEOMETRIC_REPRESENTATION_CONTEXT(2) 
PARAMETRIC_REPRESENTATION_CONTEXT() REPRESENTATION_CONTEXT('2D SPACE',''
  ) );
#1654 = ADVANCED_FACE('',(#1655),#626,.T.);
#1655 = FACE_BOUND('',#1656,.T.);
#1656 = EDGE_LOOP('',(#1657,#1686,#1687,#1688));
#1657 = ORIENTED_EDGE('',*,*,#1658,.F.);
#1658 = EDGE_CURVE('',#610,#1659,#1661,.T.);
#1659 = VERTEX_POINT('',#1660);
#1660 = CARTESIAN_POINT('',(141.67052874748,38.662804585852,9.6));
#1661 = SURFACE_CURVE('',#1662,(#1666,#1680),.PCURVE_S1.);
#1662 = ( BOUNDED_CURVE() B_SPLINE_CURVE(2,(#1663,#1664,#1665),
.UNSPECIFIED.,.F.,.F.) B_SPLINE_CURVE_WITH_KNOTS((3,3),(0.,
2.699636486507),.PIECEWISE_BEZIER_KNOTS.) CURVE() 
GEOMETRIC_REPRESENTATION_ITEM() RATIONAL_B_SPLINE_CURVE((1.,
0.707106781187,1.)) REPRESENTATION_ITEM('') );
#1663 = CARTESIAN_POINT('',(141.78079312122,39.656706878778,10.6));
#1664 = CARTESIAN_POINT('',(141.67052874748,38.662804585852,10.6));
#1665 = CARTESIAN_POINT('',(141.67052874748,38.662804585852,9.6));
#1666 = PCURVE('',#626,#1667);
#1667 = DEFINITIONAL_REPRESENTATION('',(#1668),#1679);
#1668 = B_SPLINE_CURVE_WITH_KNOTS('',9,(#1669,#1670,#1671,#1672,#1673,
    #1674,#1675,#1676,#1677,#1678),.UNSPECIFIED.,.F.,.F.,(10,10),(0.,
    2.699636486507),.PIECEWISE_BEZIER_KNOTS.);
#1669 = CARTESIAN_POINT('',(1.460307285024,1.570796326795));
#1670 = CARTESIAN_POINT('',(1.460307285024,1.727931167059));
#1671 = CARTESIAN_POINT('',(1.460307285024,1.896571043616));
#1672 = CARTESIAN_POINT('',(1.460307285024,2.075362713665));
#1673 = CARTESIAN_POINT('',(1.460307285024,2.261541178407));
#1674 = CARTESIAN_POINT('',(1.460307285024,2.450847801978));
#1675 = CARTESIAN_POINT('',(1.460307285024,2.63702626672));
#1676 = CARTESIAN_POINT('',(1.460307285024,2.815817936769));
#1677 = CARTESIAN_POINT('',(1.460307285024,2.984457813326));
#1678 = CARTESIAN_POINT('',(1.460307285024,3.14159265359));
#1679 = ( GEOMETRIC_REPRESENTATION_CONTEXT(2) 
PARAMETRIC_REPRESENTATION_CONTEXT() REPRESENTATION_CONTEXT('2D SPACE',''
  ) );
#1680 = PCURVE('',#1626,#1681);
#1681 = DEFINITIONAL_REPRESENTATION('',(#1682),#1685);
#1682 = B_SPLINE_CURVE_WITH_KNOTS('',1,(#1683,#1684),.UNSPECIFIED.,.F.,
  .F.,(2,2),(0.,2.699636486507),.PIECEWISE_BEZIER_KNOTS.);
#1683 = CARTESIAN_POINT('',(0.,438.80379987722));
#1684 = CARTESIAN_POINT('',(2.699636486507,438.80379987722));
#1685 = ( GEOMETRIC_REPRESENTATION_CONTEXT(2) 
PARAMETRIC_REPRESENTATION_CONTEXT() REPRESENTATION_CONTEXT('2D SPACE',''
  ) );
#1686 = ORIENTED_EDGE('',*,*,#609,.T.);
#1687 = ORIENTED_EDGE('',*,*,#1464,.T.);
#1688 = ORIENTED_EDGE('',*,*,#1689,.F.);
#1689 = EDGE_CURVE('',#1659,#1465,#1690,.T.);
#1690 = SURFACE_CURVE('',#1691,(#1696,#1703),.PCURVE_S1.);
#1691 = CIRCLE('',#1692,2.);
#1692 = AXIS2_PLACEMENT_3D('',#1693,#1694,#1695);
#1693 = CARTESIAN_POINT('',(141.45,36.675,9.6));
#1694 = DIRECTION('',(0.,0.,1.));
#1695 = DIRECTION('',(1.,0.,-0.));
#1696 = PCURVE('',#626,#1697);
#1697 = DEFINITIONAL_REPRESENTATION('',(#1698),#1702);
#1698 = LINE('',#1699,#1700);
#1699 = CARTESIAN_POINT('',(0.,3.14159265359));
#1700 = VECTOR('',#1701,1.);
#1701 = DIRECTION('',(1.,0.));
#1702 = ( GEOMETRIC_REPRESENTATION_CONTEXT(2) 
PARAMETRIC_REPRESENTATION_CONTEXT() REPRESENTATION_CONTEXT('2D SPACE',''
  ) );
#1703 = PCURVE('',#1704,#1709);
#1704 = CYLINDRICAL_SURFACE('',#1705,2.);
#1705 = AXIS2_PLACEMENT_3D('',#1706,#1707,#1708);
#1706 = CARTESIAN_POINT('',(141.45,36.675,-5.));
#1707 = DIRECTION('',(0.,0.,-1.));
#1708 = DIRECTION('',(-1.,0.,0.));
#1709 = DEFINITIONAL_REPRESENTATION('',(#1710),#1714);
#1710 = LINE('',#1711,#1712);
#1711 = CARTESIAN_POINT('',(3.14159265359,-14.6));
#1712 = VECTOR('',#1713,1.);
#1713 = DIRECTION('',(-1.,-0.));
#1714 = ( GEOMETRIC_REPRESENTATION_CONTEXT(2) 
PARAMETRIC_REPRESENTATION_CONTEXT() REPRESENTATION_CONTEXT('2D SPACE',''
  ) );
#1715 = ADVANCED_FACE('',(#1716),#823,.F.);
#1716 = FACE_BOUND('',#1717,.F.);
#1717 = EDGE_LOOP('',(#1718,#1768,#1826,#1860));
#1718 = ORIENTED_EDGE('',*,*,#1719,.T.);
#1719 = EDGE_CURVE('',#708,#1720,#1722,.T.);
#1720 = VERTEX_POINT('',#1721);
#1721 = CARTESIAN_POINT('',(-146.95,34.204621915296,-18.50079080998));
#1722 = SURFACE_CURVE('',#1723,(#1728,#1762),.PCURVE_S1.);
#1723 = CIRCLE('',#1724,4.5);
#1724 = AXIS2_PLACEMENT_3D('',#1725,#1726,#1727);
#1725 = CARTESIAN_POINT('',(-146.95,34.675,-14.02544228082));
#1726 = DIRECTION('',(0.,-0.994521895368,0.104528463268));
#1727 = DIRECTION('',(-1.,0.,0.));
#1728 = PCURVE('',#823,#1729);
#1729 = DEFINITIONAL_REPRESENTATION('',(#1730),#1761);
#1730 = B_SPLINE_CURVE_WITH_KNOTS('',8,(#1731,#1732,#1733,#1734,#1735,
    #1736,#1737,#1738,#1739,#1740,#1741,#1742,#1743,#1744,#1745,#1746,
    #1747,#1748,#1749,#1750,#1751,#1752,#1753,#1754,#1755,#1756,#1757,
    #1758,#1759,#1760),.UNSPECIFIED.,.F.,.F.,(9,7,7,7,9),(0.,
    0.392699081699,0.785398163397,1.178097245096,1.570796326795),
  .UNSPECIFIED.);
#1731 = CARTESIAN_POINT('',(-4.440892098501E-16,842.12905202461));
#1732 = CARTESIAN_POINT('',(0.672488469852,842.12905202461));
#1733 = CARTESIAN_POINT('',(1.329350478574,842.12905202461));
#1734 = CARTESIAN_POINT('',(1.972453725156,842.12905202461));
#1735 = CARTESIAN_POINT('',(2.603473077699,842.12905202461));
#1736 = CARTESIAN_POINT('',(3.223910990259,842.12905202461));
#1737 = CARTESIAN_POINT('',(3.835171526675,842.12905202461));
#1738 = CARTESIAN_POINT('',(4.43854603663,842.12905202461));
#1739 = CARTESIAN_POINT('',(5.631977914769,842.1290520246));
#1740 = CARTESIAN_POINT('',(6.222035074096,842.12905202462));
#1741 = CARTESIAN_POINT('',(6.806660729432,842.12905202459));
#1742 = CARTESIAN_POINT('',(7.387000940499,842.12905202463));
#1743 = CARTESIAN_POINT('',(7.964170484901,842.12905202459));
#1744 = CARTESIAN_POINT('',(8.539227531285,842.12905202461));
#1745 = CARTESIAN_POINT('',(9.113232653851,842.12905202461));
#1746 = CARTESIAN_POINT('',(10.261242284884,842.1290520246));
#1747 = CARTESIAN_POINT('',(10.835247407451,842.12905202464));
#1748 = CARTESIAN_POINT('',(11.410304453832,842.12905202456));
#1749 = CARTESIAN_POINT('',(11.987473998239,842.12905202466));
#1750 = CARTESIAN_POINT('',(12.567814209302,842.12905202457));
#1751 = CARTESIAN_POINT('',(13.15243986464,842.12905202462));
#1752 = CARTESIAN_POINT('',(13.742497023966,842.12905202461));
#1753 = CARTESIAN_POINT('',(14.935928902105,842.1290520246));
#1754 = CARTESIAN_POINT('',(15.53930341206,842.12905202464));
#1755 = CARTESIAN_POINT('',(16.150563948475,842.12905202455));
#1756 = CARTESIAN_POINT('',(16.771001861037,842.12905202468));
#1757 = CARTESIAN_POINT('',(17.402021213579,842.12905202455));
#1758 = CARTESIAN_POINT('',(18.045124460161,842.12905202464));
#1759 = CARTESIAN_POINT('',(18.701986468883,842.1290520246));
#1760 = CARTESIAN_POINT('',(19.374474938735,842.12905202461));
#1761 = ( GEOMETRIC_REPRESENTATION_CONTEXT(2) 
PARAMETRIC_REPRESENTATION_CONTEXT() REPRESENTATION_CONTEXT('2D SPACE',''
  ) );
#1762 = PCURVE('',#1427,#1763);
#1763 = DEFINITIONAL_REPRESENTATION('',(#1764),#1767);
#1764 = B_SPLINE_CURVE_WITH_KNOTS('',1,(#1765,#1766),.UNSPECIFIED.,.F.,
  .F.,(2,2),(0.,1.570796326795),.PIECEWISE_BEZIER_KNOTS.);
#1765 = CARTESIAN_POINT('',(0.,69.259030129034));
#1766 = CARTESIAN_POINT('',(-1.570796326795,69.259030129034));
#1767 = ( GEOMETRIC_REPRESENTATION_CONTEXT(2) 
PARAMETRIC_REPRESENTATION_CONTEXT() REPRESENTATION_CONTEXT('2D SPACE',''
  ) );
#1768 = ORIENTED_EDGE('',*,*,#1769,.T.);
#1769 = EDGE_CURVE('',#1720,#1770,#1772,.T.);
#1770 = VERTEX_POINT('',#1771);
#1771 = CARTESIAN_POINT('',(-139.4499999999,41.704621915296,
    -19.28907257447));
#1772 = SURFACE_CURVE('',#1773,(#1792,#1799),.PCURVE_S1.);
#1773 = ( BOUNDED_CURVE() B_SPLINE_CURVE(9,(#1774,#1775,#1776,#1777,
    #1778,#1779,#1780,#1781,#1782,#1783,#1784,#1785,#1786,#1787,#1788,
#1789,#1790,#1791),.UNSPECIFIED.,.F.,.F.) B_SPLINE_CURVE_WITH_KNOTS((10,
    8,10),(842.12905202461,842.60076011196,861.50352696334),
.UNSPECIFIED.) CURVE() GEOMETRIC_REPRESENTATION_ITEM() 
RATIONAL_B_SPLINE_CURVE((1.,1.,1.,1.,1.,1.,1.,1.,1.,1.,1.,1.,1.,1.,1.,1.
,1.,1.)) REPRESENTATION_ITEM('') );
#1774 = CARTESIAN_POINT('',(-146.95,34.204621915295,-18.50079080998));
#1775 = CARTESIAN_POINT('',(-146.95,34.256886146929,-18.50628400208));
#1776 = CARTESIAN_POINT('',(-146.9497330128,34.309253850966,
    -18.51178806956));
#1777 = CARTESIAN_POINT('',(-146.9492450467,34.361175421325,
    -18.51724524651));
#1778 = CARTESIAN_POINT('',(-146.9484605118,34.413819734737,
    -18.52277838681));
#1779 = CARTESIAN_POINT('',(-146.9474059353,34.466086433439,
    -18.52827183821));
#1780 = CARTESIAN_POINT('',(-146.9461427637,34.517967548494,
    -18.53372476313));
#1781 = CARTESIAN_POINT('',(-146.9446334142,34.572935142266,
    -18.53950209004));
#1782 = CARTESIAN_POINT('',(-146.942764739,34.631031648607,
    -18.54560827891));
#1783 = CARTESIAN_POINT('',(-146.8601393351,35.999089307965,
    -18.689396933));
#1784 = CARTESIAN_POINT('',(-146.5125993082,37.280333521954,
    -18.8240611263));
#1785 = CARTESIAN_POINT('',(-145.9281857648,38.463372594995,
    -18.94840354336));
#1786 = CARTESIAN_POINT('',(-145.1303664043,39.51675673327,
    -19.05911867765));
#1787 = CARTESIAN_POINT('',(-144.1553552228,40.378801701026,
    -19.14972325475));
#1788 = CARTESIAN_POINT('',(-143.0618479987,41.039381791479,
    -19.21915301999));
#1789 = CARTESIAN_POINT('',(-141.884534219,41.482790866658,
    -19.26575719175));
#1790 = CARTESIAN_POINT('',(-140.6673117765,41.704621915296,
    -19.28907257447));
#1791 = CARTESIAN_POINT('',(-139.4499999999,41.704621915296,
    -19.28907257447));
#1792 = PCURVE('',#823,#1793);
#1793 = DEFINITIONAL_REPRESENTATION('',(#1794),#1798);
#1794 = LINE('',#1795,#1796);
#1795 = CARTESIAN_POINT('',(19.374474938735,0.));
#1796 = VECTOR('',#1797,1.);
#1797 = DIRECTION('',(0.,1.));
#1798 = ( GEOMETRIC_REPRESENTATION_CONTEXT(2) 
PARAMETRIC_REPRESENTATION_CONTEXT() REPRESENTATION_CONTEXT('2D SPACE',''
  ) );
#1799 = PCURVE('',#1800,#1805);
#1800 = PLANE('',#1801);
#1801 = AXIS2_PLACEMENT_3D('',#1802,#1803,#1804);
#1802 = CARTESIAN_POINT('',(0.,-46.675,-10.));
#1803 = DIRECTION('',(0.,0.104528463268,0.994521895368));
#1804 = DIRECTION('',(0.,0.994521895368,-0.104528463268));
#1805 = DEFINITIONAL_REPRESENTATION('',(#1806),#1825);
#1806 = B_SPLINE_CURVE_WITH_KNOTS('',9,(#1807,#1808,#1809,#1810,#1811,
    #1812,#1813,#1814,#1815,#1816,#1817,#1818,#1819,#1820,#1821,#1822,
    #1823,#1824),.UNSPECIFIED.,.F.,.F.,(10,8,10),(842.12905202461,
    842.60076011196,861.50352696334),.UNSPECIFIED.);
#1807 = CARTESIAN_POINT('',(81.325129483796,146.95));
#1808 = CARTESIAN_POINT('',(81.377681601431,146.95));
#1809 = CARTESIAN_POINT('',(81.430337761413,146.94973301283));
#1810 = CARTESIAN_POINT('',(81.482545330319,146.9492450468));
#1811 = CARTESIAN_POINT('',(81.535479623292,146.94846051178));
#1812 = CARTESIAN_POINT('',(81.58803422162,146.94740593535));
#1813 = CARTESIAN_POINT('',(81.640201112332,146.94614276376));
#1814 = CARTESIAN_POINT('',(81.695471482992,146.94463341421));
#1815 = CARTESIAN_POINT('',(81.753888001128,146.94276473905));
#1816 = CARTESIAN_POINT('',(83.129481304534,146.86013933519));
#1817 = CARTESIAN_POINT('',(84.417782969836,146.51259930824));
#1818 = CARTESIAN_POINT('',(85.607338552841,145.92818576489));
#1819 = CARTESIAN_POINT('',(86.666525025413,145.13036640436));
#1820 = CARTESIAN_POINT('',(87.533318377878,144.15535522285));
#1821 = CARTESIAN_POINT('',(88.197537128117,143.06184799869));
#1822 = CARTESIAN_POINT('',(88.643388624458,141.88453421909));
#1823 = CARTESIAN_POINT('',(88.866441580522,140.66731177659));
#1824 = CARTESIAN_POINT('',(88.866441580523,139.44999999999));
#1825 = ( GEOMETRIC_REPRESENTATION_CONTEXT(2) 
PARAMETRIC_REPRESENTATION_CONTEXT() REPRESENTATION_CONTEXT('2D SPACE',''
  ) );
#1826 = ORIENTED_EDGE('',*,*,#1827,.F.);
#1827 = EDGE_CURVE('',#731,#1770,#1828,.T.);
#1828 = SURFACE_CURVE('',#1829,(#1833,#1839),.PCURVE_S1.);
#1829 = ( BOUNDED_CURVE() B_SPLINE_CURVE(2,(#1830,#1831,#1832),
.UNSPECIFIED.,.F.,.F.) B_SPLINE_CURVE_WITH_KNOTS((3,3),(0.,
19.374474938735),.PIECEWISE_BEZIER_KNOTS.) CURVE() 
GEOMETRIC_REPRESENTATION_ITEM() RATIONAL_B_SPLINE_CURVE((1.,
0.669130606359,1.)) REPRESENTATION_ITEM('') );
#1830 = CARTESIAN_POINT('',(-139.45,46.675,-14.81372404532));
#1831 = CARTESIAN_POINT('',(-139.45,46.675,-19.81148036205));
#1832 = CARTESIAN_POINT('',(-139.4499999999,41.704621915296,
    -19.28907257447));
#1833 = PCURVE('',#823,#1834);
#1834 = DEFINITIONAL_REPRESENTATION('',(#1835),#1838);
#1835 = B_SPLINE_CURVE_WITH_KNOTS('',1,(#1836,#1837),.UNSPECIFIED.,.F.,
  .F.,(2,2),(0.,19.374474938735),.PIECEWISE_BEZIER_KNOTS.);
#1836 = CARTESIAN_POINT('',(0.,861.50352696334));
#1837 = CARTESIAN_POINT('',(19.374474938735,861.50352696334));
#1838 = ( GEOMETRIC_REPRESENTATION_CONTEXT(2) 
PARAMETRIC_REPRESENTATION_CONTEXT() REPRESENTATION_CONTEXT('2D SPACE',''
  ) );
#1839 = PCURVE('',#1840,#1845);
#1840 = CYLINDRICAL_SURFACE('',#1841,4.5);
#1841 = AXIS2_PLACEMENT_3D('',#1842,#1843,#1844);
#1842 = CARTESIAN_POINT('',(-139.45,42.175,-14.81372404532));
#1843 = DIRECTION('',(1.,0.,0.));
#1844 = DIRECTION('',(-0.,1.,0.));
#1845 = DEFINITIONAL_REPRESENTATION('',(#1846),#1859);
#1846 = B_SPLINE_CURVE_WITH_KNOTS('',11,(#1847,#1848,#1849,#1850,#1851,
    #1852,#1853,#1854,#1855,#1856,#1857,#1858),.UNSPECIFIED.,.F.,.F.,(12
    ,12),(0.,19.374474938735),.PIECEWISE_BEZIER_KNOTS.);
#1847 = CARTESIAN_POINT('',(0.,0.));
#1848 = CARTESIAN_POINT('',(-0.135117240996,0.));
#1849 = CARTESIAN_POINT('',(-0.27917586119,0.));
#1850 = CARTESIAN_POINT('',(-0.431502385629,0.));
#1851 = CARTESIAN_POINT('',(-0.590771465364,0.));
#1852 = CARTESIAN_POINT('',(-0.754814749261,0.));
#1853 = CARTESIAN_POINT('',(-0.920701332654,0.));
#1854 = CARTESIAN_POINT('',(-1.084744616551,0.));
#1855 = CARTESIAN_POINT('',(-1.244013696285,0.));
#1856 = CARTESIAN_POINT('',(-1.396340220725,0.));
#1857 = CARTESIAN_POINT('',(-1.540398840919,0.));
#1858 = CARTESIAN_POINT('',(-1.675516081915,0.));
#1859 = ( GEOMETRIC_REPRESENTATION_CONTEXT(2) 
PARAMETRIC_REPRESENTATION_CONTEXT() REPRESENTATION_CONTEXT('2D SPACE',''
  ) );
#1860 = ORIENTED_EDGE('',*,*,#730,.F.);
#1861 = ADVANCED_FACE('',(#1862,#1910,#2034),#899,.T.);
#1862 = FACE_BOUND('',#1863,.T.);
#1863 = EDGE_LOOP('',(#1864,#1887,#1908,#1909));
#1864 = ORIENTED_EDGE('',*,*,#1865,.F.);
#1865 = EDGE_CURVE('',#1866,#918,#1868,.T.);
#1866 = VERTEX_POINT('',#1867);
#1867 = CARTESIAN_POINT('',(139.45,46.675,-14.81372404532));
#1868 = SURFACE_CURVE('',#1869,(#1873,#1880),.PCURVE_S1.);
#1869 = LINE('',#1870,#1871);
#1870 = CARTESIAN_POINT('',(139.45,46.675,-20.81148036205));
#1871 = VECTOR('',#1872,1.);
#1872 = DIRECTION('',(0.,0.,1.));
#1873 = PCURVE('',#899,#1874);
#1874 = DEFINITIONAL_REPRESENTATION('',(#1875),#1879);
#1875 = LINE('',#1876,#1877);
#1876 = CARTESIAN_POINT('',(278.9,0.));
#1877 = VECTOR('',#1878,1.);
#1878 = DIRECTION('',(0.,-1.));
#1879 = ( GEOMETRIC_REPRESENTATION_CONTEXT(2) 
PARAMETRIC_REPRESENTATION_CONTEXT() REPRESENTATION_CONTEXT('2D SPACE',''
  ) );
#1880 = PCURVE('',#1531,#1881);
#1881 = DEFINITIONAL_REPRESENTATION('',(#1882),#1886);
#1882 = LINE('',#1883,#1884);
#1883 = CARTESIAN_POINT('',(-1.570796326795,0.));
#1884 = VECTOR('',#1885,1.);
#1885 = DIRECTION('',(-0.,-1.));
#1886 = ( GEOMETRIC_REPRESENTATION_CONTEXT(2) 
PARAMETRIC_REPRESENTATION_CONTEXT() REPRESENTATION_CONTEXT('2D SPACE',''
  ) );
#1887 = ORIENTED_EDGE('',*,*,#1888,.F.);
#1888 = EDGE_CURVE('',#731,#1866,#1889,.T.);
#1889 = SURFACE_CURVE('',#1890,(#1894,#1901),.PCURVE_S1.);
#1890 = LINE('',#1891,#1892);
#1891 = CARTESIAN_POINT('',(-139.45,46.675,-14.81372404532));
#1892 = VECTOR('',#1893,1.);
#1893 = DIRECTION('',(1.,0.,0.));
#1894 = PCURVE('',#899,#1895);
#1895 = DEFINITIONAL_REPRESENTATION('',(#1896),#1900);
#1896 = LINE('',#1897,#1898);
#1897 = CARTESIAN_POINT('',(0.,-5.997756316731));
#1898 = VECTOR('',#1899,1.);
#1899 = DIRECTION('',(1.,0.));
#1900 = ( GEOMETRIC_REPRESENTATION_CONTEXT(2) 
PARAMETRIC_REPRESENTATION_CONTEXT() REPRESENTATION_CONTEXT('2D SPACE',''
  ) );
#1901 = PCURVE('',#1840,#1902);
#1902 = DEFINITIONAL_REPRESENTATION('',(#1903),#1907);
#1903 = LINE('',#1904,#1905);
#1904 = CARTESIAN_POINT('',(-0.,0.));
#1905 = VECTOR('',#1906,1.);
#1906 = DIRECTION('',(-0.,1.));
#1907 = ( GEOMETRIC_REPRESENTATION_CONTEXT(2) 
PARAMETRIC_REPRESENTATION_CONTEXT() REPRESENTATION_CONTEXT('2D SPACE',''
  ) );
#1908 = ORIENTED_EDGE('',*,*,#885,.T.);
#1909 = ORIENTED_EDGE('',*,*,#939,.T.);
#1910 = FACE_BOUND('',#1911,.T.);
#1911 = EDGE_LOOP('',(#1912,#1942,#1975,#2003));
#1912 = ORIENTED_EDGE('',*,*,#1913,.F.);
#1913 = EDGE_CURVE('',#1914,#1916,#1918,.T.);
#1914 = VERTEX_POINT('',#1915);
#1915 = CARTESIAN_POINT('',(-117.6850003,46.675,2.62));
#1916 = VERTEX_POINT('',#1917);
#1917 = CARTESIAN_POINT('',(-82.3149997,46.675,2.62));
#1918 = SURFACE_CURVE('',#1919,(#1923,#1930),.PCURVE_S1.);
#1919 = LINE('',#1920,#1921);
#1920 = CARTESIAN_POINT('',(-117.6850003,46.675,2.62));
#1921 = VECTOR('',#1922,1.);
#1922 = DIRECTION('',(1.,0.,0.));
#1923 = PCURVE('',#899,#1924);
#1924 = DEFINITIONAL_REPRESENTATION('',(#1925),#1929);
#1925 = LINE('',#1926,#1927);
#1926 = CARTESIAN_POINT('',(21.7649997,-23.43148036205));
#1927 = VECTOR('',#1928,1.);
#1928 = DIRECTION('',(1.,0.));
#1929 = ( GEOMETRIC_REPRESENTATION_CONTEXT(2) 
PARAMETRIC_REPRESENTATION_CONTEXT() REPRESENTATION_CONTEXT('2D SPACE',''
  ) );
#1930 = PCURVE('',#1931,#1936);
#1931 = PLANE('',#1932);
#1932 = AXIS2_PLACEMENT_3D('',#1933,#1934,#1935);
#1933 = CARTESIAN_POINT('',(-117.6850003,46.675,2.62));
#1934 = DIRECTION('',(-0.,0.,1.));
#1935 = DIRECTION('',(1.,0.,0.));
#1936 = DEFINITIONAL_REPRESENTATION('',(#1937),#1941);
#1937 = LINE('',#1938,#1939);
#1938 = CARTESIAN_POINT('',(0.,0.));
#1939 = VECTOR('',#1940,1.);
#1940 = DIRECTION('',(1.,0.));
#1941 = ( GEOMETRIC_REPRESENTATION_CONTEXT(2) 
PARAMETRIC_REPRESENTATION_CONTEXT() REPRESENTATION_CONTEXT('2D SPACE',''
  ) );
#1942 = ORIENTED_EDGE('',*,*,#1943,.T.);
#1943 = EDGE_CURVE('',#1914,#1944,#1946,.T.);
#1944 = VERTEX_POINT('',#1945);
#1945 = CARTESIAN_POINT('',(-117.6850003,46.675,-5.88));
#1946 = SURFACE_CURVE('',#1947,(#1952,#1963),.PCURVE_S1.);
#1947 = CIRCLE('',#1948,4.25);
#1948 = AXIS2_PLACEMENT_3D('',#1949,#1950,#1951);
#1949 = CARTESIAN_POINT('',(-117.6850003,46.675,-1.63));
#1950 = DIRECTION('',(0.,-1.,0.));
#1951 = DIRECTION('',(1.,0.,0.));
#1952 = PCURVE('',#899,#1953);
#1953 = DEFINITIONAL_REPRESENTATION('',(#1954),#1962);
#1954 = ( BOUNDED_CURVE() B_SPLINE_CURVE(2,(#1955,#1956,#1957,#1958,
#1959,#1960,#1961),.UNSPECIFIED.,.T.,.F.) B_SPLINE_CURVE_WITH_KNOTS((1,2
    ,2,2,2,1),(-2.094395102393,0.,2.094395102393,4.188790204786,
6.28318530718,8.377580409573),.UNSPECIFIED.) CURVE() 
GEOMETRIC_REPRESENTATION_ITEM() RATIONAL_B_SPLINE_CURVE((1.,0.5,1.,0.5,
1.,0.5,1.)) REPRESENTATION_ITEM('') );
#1955 = CARTESIAN_POINT('',(26.0149997,-19.18148036205));
#1956 = CARTESIAN_POINT('',(26.0149997,-26.54269629421));
#1957 = CARTESIAN_POINT('',(19.6399997,-22.86208832813));
#1958 = CARTESIAN_POINT('',(13.2649997,-19.18148036205));
#1959 = CARTESIAN_POINT('',(19.6399997,-15.50087239596));
#1960 = CARTESIAN_POINT('',(26.0149997,-11.82026442988));
#1961 = CARTESIAN_POINT('',(26.0149997,-19.18148036205));
#1962 = ( GEOMETRIC_REPRESENTATION_CONTEXT(2) 
PARAMETRIC_REPRESENTATION_CONTEXT() REPRESENTATION_CONTEXT('2D SPACE',''
  ) );
#1963 = PCURVE('',#1964,#1969);
#1964 = CYLINDRICAL_SURFACE('',#1965,4.25);
#1965 = AXIS2_PLACEMENT_3D('',#1966,#1967,#1968);
#1966 = CARTESIAN_POINT('',(-117.6850003,46.675,-1.63));
#1967 = DIRECTION('',(-0.,1.,-0.));
#1968 = DIRECTION('',(1.,0.,0.));
#1969 = DEFINITIONAL_REPRESENTATION('',(#1970),#1974);
#1970 = LINE('',#1971,#1972);
#1971 = CARTESIAN_POINT('',(-0.,0.));
#1972 = VECTOR('',#1973,1.);
#1973 = DIRECTION('',(-1.,0.));
#1974 = ( GEOMETRIC_REPRESENTATION_CONTEXT(2) 
PARAMETRIC_REPRESENTATION_CONTEXT() REPRESENTATION_CONTEXT('2D SPACE',''
  ) );
#1975 = ORIENTED_EDGE('',*,*,#1976,.F.);
#1976 = EDGE_CURVE('',#1977,#1944,#1979,.T.);
#1977 = VERTEX_POINT('',#1978);
#1978 = CARTESIAN_POINT('',(-82.3149997,46.675,-5.88));
#1979 = SURFACE_CURVE('',#1980,(#1984,#1991),.PCURVE_S1.);
#1980 = LINE('',#1981,#1982);
#1981 = CARTESIAN_POINT('',(-82.3149997,46.675,-5.88));
#1982 = VECTOR('',#1983,1.);
#1983 = DIRECTION('',(-1.,0.,0.));
#1984 = PCURVE('',#899,#1985);
#1985 = DEFINITIONAL_REPRESENTATION('',(#1986),#1990);
#1986 = LINE('',#1987,#1988);
#1987 = CARTESIAN_POINT('',(57.1350003,-14.93148036205));
#1988 = VECTOR('',#1989,1.);
#1989 = DIRECTION('',(-1.,0.));
#1990 = ( GEOMETRIC_REPRESENTATION_CONTEXT(2) 
PARAMETRIC_REPRESENTATION_CONTEXT() REPRESENTATION_CONTEXT('2D SPACE',''
  ) );
#1991 = PCURVE('',#1992,#1997);
#1992 = PLANE('',#1993);
#1993 = AXIS2_PLACEMENT_3D('',#1994,#1995,#1996);
#1994 = CARTESIAN_POINT('',(-82.3149997,46.675,-5.88));
#1995 = DIRECTION('',(-0.,0.,-1.));
#1996 = DIRECTION('',(-1.,0.,0.));
#1997 = DEFINITIONAL_REPRESENTATION('',(#1998),#2002);
#1998 = LINE('',#1999,#2000);
#1999 = CARTESIAN_POINT('',(0.,0.));
#2000 = VECTOR('',#2001,1.);
#2001 = DIRECTION('',(1.,0.));
#2002 = ( GEOMETRIC_REPRESENTATION_CONTEXT(2) 
PARAMETRIC_REPRESENTATION_CONTEXT() REPRESENTATION_CONTEXT('2D SPACE',''
  ) );
#2003 = ORIENTED_EDGE('',*,*,#2004,.T.);
#2004 = EDGE_CURVE('',#1977,#1916,#2005,.T.);
#2005 = SURFACE_CURVE('',#2006,(#2011,#2022),.PCURVE_S1.);
#2006 = CIRCLE('',#2007,4.25);
#2007 = AXIS2_PLACEMENT_3D('',#2008,#2009,#2010);
#2008 = CARTESIAN_POINT('',(-82.3149997,46.675,-1.63));
#2009 = DIRECTION('',(-0.,-1.,-0.));
#2010 = DIRECTION('',(-1.,0.,0.));
#2011 = PCURVE('',#899,#2012);
#2012 = DEFINITIONAL_REPRESENTATION('',(#2013),#2021);
#2013 = ( BOUNDED_CURVE() B_SPLINE_CURVE(2,(#2014,#2015,#2016,#2017,
#2018,#2019,#2020),.UNSPECIFIED.,.T.,.F.) B_SPLINE_CURVE_WITH_KNOTS((1,2
    ,2,2,2,1),(-2.094395102393,0.,2.094395102393,4.188790204786,
6.28318530718,8.377580409573),.UNSPECIFIED.) CURVE() 
GEOMETRIC_REPRESENTATION_ITEM() RATIONAL_B_SPLINE_CURVE((1.,0.5,1.,0.5,
1.,0.5,1.)) REPRESENTATION_ITEM('') );
#2014 = CARTESIAN_POINT('',(52.8850003,-19.18148036205));
#2015 = CARTESIAN_POINT('',(52.8850003,-11.82026442988));
#2016 = CARTESIAN_POINT('',(59.2600003,-15.50087239596));
#2017 = CARTESIAN_POINT('',(65.6350003,-19.18148036205));
#2018 = CARTESIAN_POINT('',(59.2600003,-22.86208832813));
#2019 = CARTESIAN_POINT('',(52.8850003,-26.54269629421));
#2020 = CARTESIAN_POINT('',(52.8850003,-19.18148036205));
#2021 = ( GEOMETRIC_REPRESENTATION_CONTEXT(2) 
PARAMETRIC_REPRESENTATION_CONTEXT() REPRESENTATION_CONTEXT('2D SPACE',''
  ) );
#2022 = PCURVE('',#2023,#2028);
#2023 = CYLINDRICAL_SURFACE('',#2024,4.25);
#2024 = AXIS2_PLACEMENT_3D('',#2025,#2026,#2027);
#2025 = CARTESIAN_POINT('',(-82.3149997,46.675,-1.63));
#2026 = DIRECTION('',(0.,1.,0.));
#2027 = DIRECTION('',(-1.,0.,0.));
#2028 = DEFINITIONAL_REPRESENTATION('',(#2029),#2033);
#2029 = LINE('',#2030,#2031);
#2030 = CARTESIAN_POINT('',(-0.,0.));
#2031 = VECTOR('',#2032,1.);
#2032 = DIRECTION('',(-1.,0.));
#2033 = ( GEOMETRIC_REPRESENTATION_CONTEXT(2) 
PARAMETRIC_REPRESENTATION_CONTEXT() REPRESENTATION_CONTEXT('2D SPACE',''
  ) );
#2034 = FACE_BOUND('',#2035,.T.);
#2035 = EDGE_LOOP('',(#2036,#2064,#2097,#2123));
#2036 = ORIENTED_EDGE('',*,*,#2037,.T.);
#2037 = EDGE_CURVE('',#2038,#2040,#2042,.T.);
#2038 = VERTEX_POINT('',#2039);
#2039 = CARTESIAN_POINT('',(-2.75,46.675,-5.88));
#2040 = VERTEX_POINT('',#2041);
#2041 = CARTESIAN_POINT('',(2.75,46.675,-5.88));
#2042 = SURFACE_CURVE('',#2043,(#2047,#2053),.PCURVE_S1.);
#2043 = LINE('',#2044,#2045);
#2044 = CARTESIAN_POINT('',(-68.35,46.675,-5.88));
#2045 = VECTOR('',#2046,1.);
#2046 = DIRECTION('',(1.,0.,0.));
#2047 = PCURVE('',#899,#2048);
#2048 = DEFINITIONAL_REPRESENTATION('',(#2049),#2052);
#2049 = B_SPLINE_CURVE_WITH_KNOTS('',1,(#2050,#2051),.UNSPECIFIED.,.F.,
  .F.,(2,2),(65.6,71.1),.PIECEWISE_BEZIER_KNOTS.);
#2050 = CARTESIAN_POINT('',(136.7,-14.93148036205));
#2051 = CARTESIAN_POINT('',(142.2,-14.93148036205));
#2052 = ( GEOMETRIC_REPRESENTATION_CONTEXT(2) 
PARAMETRIC_REPRESENTATION_CONTEXT() REPRESENTATION_CONTEXT('2D SPACE',''
  ) );
#2053 = PCURVE('',#2054,#2059);
#2054 = PLANE('',#2055);
#2055 = AXIS2_PLACEMENT_3D('',#2056,#2057,#2058);
#2056 = CARTESIAN_POINT('',(2.75,37.675,-5.88));
#2057 = DIRECTION('',(0.,0.,1.));
#2058 = DIRECTION('',(-1.,0.,0.));
#2059 = DEFINITIONAL_REPRESENTATION('',(#2060),#2063);
#2060 = B_SPLINE_CURVE_WITH_KNOTS('',1,(#2061,#2062),.UNSPECIFIED.,.F.,
  .F.,(2,2),(65.6,71.1),.PIECEWISE_BEZIER_KNOTS.);
#2061 = CARTESIAN_POINT('',(5.5,-9.));
#2062 = CARTESIAN_POINT('',(0.,-9.));
#2063 = ( GEOMETRIC_REPRESENTATION_CONTEXT(2) 
PARAMETRIC_REPRESENTATION_CONTEXT() REPRESENTATION_CONTEXT('2D SPACE',''
  ) );
#2064 = ORIENTED_EDGE('',*,*,#2065,.T.);
#2065 = EDGE_CURVE('',#2040,#2066,#2068,.T.);
#2066 = VERTEX_POINT('',#2067);
#2067 = CARTESIAN_POINT('',(2.75,46.675,2.62));
#2068 = SURFACE_CURVE('',#2069,(#2074,#2085),.PCURVE_S1.);
#2069 = CIRCLE('',#2070,4.25);
#2070 = AXIS2_PLACEMENT_3D('',#2071,#2072,#2073);
#2071 = CARTESIAN_POINT('',(2.75,46.675,-1.63));
#2072 = DIRECTION('',(-0.,-1.,-0.));
#2073 = DIRECTION('',(-1.,0.,0.));
#2074 = PCURVE('',#899,#2075);
#2075 = DEFINITIONAL_REPRESENTATION('',(#2076),#2084);
#2076 = ( BOUNDED_CURVE() B_SPLINE_CURVE(2,(#2077,#2078,#2079,#2080,
#2081,#2082,#2083),.UNSPECIFIED.,.T.,.F.) B_SPLINE_CURVE_WITH_KNOTS((1,2
    ,2,2,2,1),(-2.094395102393,0.,2.094395102393,4.188790204786,
6.28318530718,8.377580409573),.UNSPECIFIED.) CURVE() 
GEOMETRIC_REPRESENTATION_ITEM() RATIONAL_B_SPLINE_CURVE((1.,0.5,1.,0.5,
1.,0.5,1.)) REPRESENTATION_ITEM('') );
#2077 = CARTESIAN_POINT('',(137.95,-19.18148036205));
#2078 = CARTESIAN_POINT('',(137.95,-11.82026442988));
#2079 = CARTESIAN_POINT('',(144.325,-15.50087239596));
#2080 = CARTESIAN_POINT('',(150.7,-19.18148036205));
#2081 = CARTESIAN_POINT('',(144.325,-22.86208832813));
#2082 = CARTESIAN_POINT('',(137.95,-26.54269629421));
#2083 = CARTESIAN_POINT('',(137.95,-19.18148036205));
#2084 = ( GEOMETRIC_REPRESENTATION_CONTEXT(2) 
PARAMETRIC_REPRESENTATION_CONTEXT() REPRESENTATION_CONTEXT('2D SPACE',''
  ) );
#2085 = PCURVE('',#2086,#2091);
#2086 = CYLINDRICAL_SURFACE('',#2087,4.25);
#2087 = AXIS2_PLACEMENT_3D('',#2088,#2089,#2090);
#2088 = CARTESIAN_POINT('',(2.75,37.675,-1.63));
#2089 = DIRECTION('',(-0.,-1.,-0.));
#2090 = DIRECTION('',(-1.,0.,0.));
#2091 = DEFINITIONAL_REPRESENTATION('',(#2092),#2096);
#2092 = LINE('',#2093,#2094);
#2093 = CARTESIAN_POINT('',(0.,-9.));
#2094 = VECTOR('',#2095,1.);
#2095 = DIRECTION('',(1.,0.));
#2096 = ( GEOMETRIC_REPRESENTATION_CONTEXT(2) 
PARAMETRIC_REPRESENTATION_CONTEXT() REPRESENTATION_CONTEXT('2D SPACE',''
  ) );
#2097 = ORIENTED_EDGE('',*,*,#2098,.T.);
#2098 = EDGE_CURVE('',#2066,#2099,#2101,.T.);
#2099 = VERTEX_POINT('',#2100);
#2100 = CARTESIAN_POINT('',(-2.75,46.675,2.62));
#2101 = SURFACE_CURVE('',#2102,(#2106,#2112),.PCURVE_S1.);
#2102 = LINE('',#2103,#2104);
#2103 = CARTESIAN_POINT('',(-71.1,46.675,2.62));
#2104 = VECTOR('',#2105,1.);
#2105 = DIRECTION('',(-1.,0.,0.));
#2106 = PCURVE('',#899,#2107);
#2107 = DEFINITIONAL_REPRESENTATION('',(#2108),#2111);
#2108 = B_SPLINE_CURVE_WITH_KNOTS('',1,(#2109,#2110),.UNSPECIFIED.,.F.,
  .F.,(2,2),(-73.85,-68.35),.PIECEWISE_BEZIER_KNOTS.);
#2109 = CARTESIAN_POINT('',(142.2,-23.43148036205));
#2110 = CARTESIAN_POINT('',(136.7,-23.43148036205));
#2111 = ( GEOMETRIC_REPRESENTATION_CONTEXT(2) 
PARAMETRIC_REPRESENTATION_CONTEXT() REPRESENTATION_CONTEXT('2D SPACE',''
  ) );
#2112 = PCURVE('',#2113,#2118);
#2113 = PLANE('',#2114);
#2114 = AXIS2_PLACEMENT_3D('',#2115,#2116,#2117);
#2115 = CARTESIAN_POINT('',(-2.75,37.675,2.62));
#2116 = DIRECTION('',(0.,0.,-1.));
#2117 = DIRECTION('',(1.,0.,0.));
#2118 = DEFINITIONAL_REPRESENTATION('',(#2119),#2122);
#2119 = B_SPLINE_CURVE_WITH_KNOTS('',1,(#2120,#2121),.UNSPECIFIED.,.F.,
  .F.,(2,2),(-73.85,-68.35),.PIECEWISE_BEZIER_KNOTS.);
#2120 = CARTESIAN_POINT('',(5.5,-9.));
#2121 = CARTESIAN_POINT('',(0.,-9.));
#2122 = ( GEOMETRIC_REPRESENTATION_CONTEXT(2) 
PARAMETRIC_REPRESENTATION_CONTEXT() REPRESENTATION_CONTEXT('2D SPACE',''
  ) );
#2123 = ORIENTED_EDGE('',*,*,#2124,.T.);
#2124 = EDGE_CURVE('',#2099,#2038,#2125,.T.);
#2125 = SURFACE_CURVE('',#2126,(#2131,#2142),.PCURVE_S1.);
#2126 = CIRCLE('',#2127,4.25);
#2127 = AXIS2_PLACEMENT_3D('',#2128,#2129,#2130);
#2128 = CARTESIAN_POINT('',(-2.75,46.675,-1.63));
#2129 = DIRECTION('',(0.,-1.,0.));
#2130 = DIRECTION('',(1.,0.,0.));
#2131 = PCURVE('',#899,#2132);
#2132 = DEFINITIONAL_REPRESENTATION('',(#2133),#2141);
#2133 = ( BOUNDED_CURVE() B_SPLINE_CURVE(2,(#2134,#2135,#2136,#2137,
#2138,#2139,#2140),.UNSPECIFIED.,.T.,.F.) B_SPLINE_CURVE_WITH_KNOTS((1,2
    ,2,2,2,1),(-2.094395102393,0.,2.094395102393,4.188790204786,
6.28318530718,8.377580409573),.UNSPECIFIED.) CURVE() 
GEOMETRIC_REPRESENTATION_ITEM() RATIONAL_B_SPLINE_CURVE((1.,0.5,1.,0.5,
1.,0.5,1.)) REPRESENTATION_ITEM('') );
#2134 = CARTESIAN_POINT('',(140.95,-19.18148036205));
#2135 = CARTESIAN_POINT('',(140.95,-26.54269629421));
#2136 = CARTESIAN_POINT('',(134.575,-22.86208832813));
#2137 = CARTESIAN_POINT('',(128.2,-19.18148036205));
#2138 = CARTESIAN_POINT('',(134.575,-15.50087239596));
#2139 = CARTESIAN_POINT('',(140.95,-11.82026442988));
#2140 = CARTESIAN_POINT('',(140.95,-19.18148036205));
#2141 = ( GEOMETRIC_REPRESENTATION_CONTEXT(2) 
PARAMETRIC_REPRESENTATION_CONTEXT() REPRESENTATION_CONTEXT('2D SPACE',''
  ) );
#2142 = PCURVE('',#2143,#2148);
#2143 = CYLINDRICAL_SURFACE('',#2144,4.25);
#2144 = AXIS2_PLACEMENT_3D('',#2145,#2146,#2147);
#2145 = CARTESIAN_POINT('',(-2.75,37.675,-1.63));
#2146 = DIRECTION('',(0.,-1.,0.));
#2147 = DIRECTION('',(1.,0.,0.));
#2148 = DEFINITIONAL_REPRESENTATION('',(#2149),#2153);
#2149 = LINE('',#2150,#2151);
#2150 = CARTESIAN_POINT('',(0.,-9.));
#2151 = VECTOR('',#2152,1.);
#2152 = DIRECTION('',(1.,0.));
#2153 = ( GEOMETRIC_REPRESENTATION_CONTEXT(2) 
PARAMETRIC_REPRESENTATION_CONTEXT() REPRESENTATION_CONTEXT('2D SPACE',''
  ) );
#2154 = ADVANCED_FACE('',(#2155),#982,.T.);
#2155 = FACE_BOUND('',#2156,.T.);
#2156 = EDGE_LOOP('',(#2157,#2158,#2181,#2226,#2255,#2283));
#2157 = ORIENTED_EDGE('',*,*,#963,.F.);
#2158 = ORIENTED_EDGE('',*,*,#2159,.F.);
#2159 = EDGE_CURVE('',#2160,#964,#2162,.T.);
#2160 = VERTEX_POINT('',#2161);
#2161 = CARTESIAN_POINT('',(139.45,-40.175,10.6));
#2162 = SURFACE_CURVE('',#2163,(#2167,#2174),.PCURVE_S1.);
#2163 = LINE('',#2164,#2165);
#2164 = CARTESIAN_POINT('',(139.45,-40.175,10.6));
#2165 = VECTOR('',#2166,1.);
#2166 = DIRECTION('',(-1.,-0.,-0.));
#2167 = PCURVE('',#982,#2168);
#2168 = DEFINITIONAL_REPRESENTATION('',(#2169),#2173);
#2169 = LINE('',#2170,#2171);
#2170 = CARTESIAN_POINT('',(139.45,-40.175));
#2171 = VECTOR('',#2172,1.);
#2172 = DIRECTION('',(-1.,-0.));
#2173 = ( GEOMETRIC_REPRESENTATION_CONTEXT(2) 
PARAMETRIC_REPRESENTATION_CONTEXT() REPRESENTATION_CONTEXT('2D SPACE',''
  ) );
#2174 = PCURVE('',#1014,#2175);
#2175 = DEFINITIONAL_REPRESENTATION('',(#2176),#2180);
#2176 = LINE('',#2177,#2178);
#2177 = CARTESIAN_POINT('',(1.570796326795,0.));
#2178 = VECTOR('',#2179,1.);
#2179 = DIRECTION('',(0.,1.));
#2180 = ( GEOMETRIC_REPRESENTATION_CONTEXT(2) 
PARAMETRIC_REPRESENTATION_CONTEXT() REPRESENTATION_CONTEXT('2D SPACE',''
  ) );
#2181 = ORIENTED_EDGE('',*,*,#2182,.F.);
#2182 = EDGE_CURVE('',#2183,#2160,#2185,.T.);
#2183 = VERTEX_POINT('',#2184);
#2184 = CARTESIAN_POINT('',(141.78079312122,-39.65670687877,10.6));
#2185 = SURFACE_CURVE('',#2186,(#2191,#2202),.PCURVE_S1.);
#2186 = CIRCLE('',#2187,5.5);
#2187 = AXIS2_PLACEMENT_3D('',#2188,#2189,#2190);
#2188 = CARTESIAN_POINT('',(139.45,-34.675,10.6));
#2189 = DIRECTION('',(0.,-0.,-1.));
#2190 = DIRECTION('',(1.,0.,-0.));
#2191 = PCURVE('',#982,#2192);
#2192 = DEFINITIONAL_REPRESENTATION('',(#2193),#2201);
#2193 = ( BOUNDED_CURVE() B_SPLINE_CURVE(2,(#2194,#2195,#2196,#2197,
#2198,#2199,#2200),.UNSPECIFIED.,.T.,.F.) B_SPLINE_CURVE_WITH_KNOTS((1,2
    ,2,2,2,1),(-2.094395102393,0.,2.094395102393,4.188790204786,
6.28318530718,8.377580409573),.UNSPECIFIED.) CURVE() 
GEOMETRIC_REPRESENTATION_ITEM() RATIONAL_B_SPLINE_CURVE((1.,0.5,1.,0.5,
1.,0.5,1.)) REPRESENTATION_ITEM('') );
#2194 = CARTESIAN_POINT('',(144.95,-34.675));
#2195 = CARTESIAN_POINT('',(144.95,-44.20127944162));
#2196 = CARTESIAN_POINT('',(136.7,-39.43813972081));
#2197 = CARTESIAN_POINT('',(128.45,-34.675));
#2198 = CARTESIAN_POINT('',(136.7,-29.91186027918));
#2199 = CARTESIAN_POINT('',(144.95,-25.14872055837));
#2200 = CARTESIAN_POINT('',(144.95,-34.675));
#2201 = ( GEOMETRIC_REPRESENTATION_CONTEXT(2) 
PARAMETRIC_REPRESENTATION_CONTEXT() REPRESENTATION_CONTEXT('2D SPACE',''
  ) );
#2202 = PCURVE('',#2203,#2220);
#2203 = SURFACE_OF_REVOLUTION('',#2204,#2217);
#2204 = B_SPLINE_CURVE_WITH_KNOTS('',6,(#2205,#2206,#2207,#2208,#2209,
    #2210,#2211,#2212,#2213,#2214,#2215,#2216),.UNSPECIFIED.,.F.,.F.,(7,
    5,7),(0.,0.785398163397,1.570796326795),.UNSPECIFIED.);
#2205 = CARTESIAN_POINT('',(151.45,-34.675,4.1));
#2206 = CARTESIAN_POINT('',(151.45,-34.675,4.950848010347));
#2207 = CARTESIAN_POINT('',(151.31634963132,-34.675,5.801694599545));
#2208 = CARTESIAN_POINT('',(151.04904541213,-34.675,6.626307327236));
#2209 = CARTESIAN_POINT('',(150.65496878655,-34.675,7.398409204865));
#2210 = CARTESIAN_POINT('',(150.14783447558,-34.675,8.094553679837));
#2211 = CARTESIAN_POINT('',(148.94455367983,-34.675,9.297834475588));
#2212 = CARTESIAN_POINT('',(148.24840920486,-34.675,9.804968786558));
#2213 = CARTESIAN_POINT('',(147.47630732723,-34.675,10.199045412135));
#2214 = CARTESIAN_POINT('',(146.65169459954,-34.675,10.46634963132));
#2215 = CARTESIAN_POINT('',(145.80084801034,-34.675,10.6));
#2216 = CARTESIAN_POINT('',(144.95,-34.675,10.6));
#2217 = AXIS1_PLACEMENT('',#2218,#2219);
#2218 = CARTESIAN_POINT('',(139.45,-34.675,4.1));
#2219 = DIRECTION('',(0.,0.,1.));
#2220 = DEFINITIONAL_REPRESENTATION('',(#2221),#2225);
#2221 = LINE('',#2222,#2223);
#2222 = CARTESIAN_POINT('',(-0.,1.570796326795));
#2223 = VECTOR('',#2224,1.);
#2224 = DIRECTION('',(-1.,0.));
#2225 = ( GEOMETRIC_REPRESENTATION_CONTEXT(2) 
PARAMETRIC_REPRESENTATION_CONTEXT() REPRESENTATION_CONTEXT('2D SPACE',''
  ) );
#2226 = ORIENTED_EDGE('',*,*,#2227,.F.);
#2227 = EDGE_CURVE('',#2228,#2183,#2230,.T.);
#2228 = VERTEX_POINT('',#2229);
#2229 = CARTESIAN_POINT('',(141.45,-39.675,10.6));
#2230 = SURFACE_CURVE('',#2231,(#2236,#2243),.PCURVE_S1.);
#2231 = CIRCLE('',#2232,3.);
#2232 = AXIS2_PLACEMENT_3D('',#2233,#2234,#2235);
#2233 = CARTESIAN_POINT('',(141.45,-36.675,10.6));
#2234 = DIRECTION('',(0.,0.,1.));
#2235 = DIRECTION('',(0.,-1.,0.));
#2236 = PCURVE('',#982,#2237);
#2237 = DEFINITIONAL_REPRESENTATION('',(#2238),#2242);
#2238 = CIRCLE('',#2239,3.);
#2239 = AXIS2_PLACEMENT_2D('',#2240,#2241);
#2240 = CARTESIAN_POINT('',(141.45,-36.675));
#2241 = DIRECTION('',(0.,-1.));
#2242 = ( GEOMETRIC_REPRESENTATION_CONTEXT(2) 
PARAMETRIC_REPRESENTATION_CONTEXT() REPRESENTATION_CONTEXT('2D SPACE',''
  ) );
#2243 = PCURVE('',#2244,#2249);
#2244 = TOROIDAL_SURFACE('',#2245,3.,1.);
#2245 = AXIS2_PLACEMENT_3D('',#2246,#2247,#2248);
#2246 = CARTESIAN_POINT('',(141.45,-36.675,9.6));
#2247 = DIRECTION('',(0.,0.,1.));
#2248 = DIRECTION('',(0.,-1.,0.));
#2249 = DEFINITIONAL_REPRESENTATION('',(#2250),#2254);
#2250 = LINE('',#2251,#2252);
#2251 = CARTESIAN_POINT('',(0.,1.570796326795));
#2252 = VECTOR('',#2253,1.);
#2253 = DIRECTION('',(1.,0.));
#2254 = ( GEOMETRIC_REPRESENTATION_CONTEXT(2) 
PARAMETRIC_REPRESENTATION_CONTEXT() REPRESENTATION_CONTEXT('2D SPACE',''
  ) );
#2255 = ORIENTED_EDGE('',*,*,#2256,.F.);
#2256 = EDGE_CURVE('',#2257,#2228,#2259,.T.);
#2257 = VERTEX_POINT('',#2258);
#2258 = CARTESIAN_POINT('',(-141.45,-39.675,10.6));
#2259 = SURFACE_CURVE('',#2260,(#2264,#2271),.PCURVE_S1.);
#2260 = LINE('',#2261,#2262);
#2261 = CARTESIAN_POINT('',(-141.45,-39.675,10.6));
#2262 = VECTOR('',#2263,1.);
#2263 = DIRECTION('',(1.,-0.,-0.));
#2264 = PCURVE('',#982,#2265);
#2265 = DEFINITIONAL_REPRESENTATION('',(#2266),#2270);
#2266 = LINE('',#2267,#2268);
#2267 = CARTESIAN_POINT('',(-141.45,-39.675));
#2268 = VECTOR('',#2269,1.);
#2269 = DIRECTION('',(1.,0.));
#2270 = ( GEOMETRIC_REPRESENTATION_CONTEXT(2) 
PARAMETRIC_REPRESENTATION_CONTEXT() REPRESENTATION_CONTEXT('2D SPACE',''
  ) );
#2271 = PCURVE('',#2272,#2277);
#2272 = CYLINDRICAL_SURFACE('',#2273,1.);
#2273 = AXIS2_PLACEMENT_3D('',#2274,#2275,#2276);
#2274 = CARTESIAN_POINT('',(-141.45,-39.675,9.6));
#2275 = DIRECTION('',(1.,-0.,-0.));
#2276 = DIRECTION('',(0.,0.,1.));
#2277 = DEFINITIONAL_REPRESENTATION('',(#2278),#2282);
#2278 = LINE('',#2279,#2280);
#2279 = CARTESIAN_POINT('',(-0.,0.));
#2280 = VECTOR('',#2281,1.);
#2281 = DIRECTION('',(-0.,1.));
#2282 = ( GEOMETRIC_REPRESENTATION_CONTEXT(2) 
PARAMETRIC_REPRESENTATION_CONTEXT() REPRESENTATION_CONTEXT('2D SPACE',''
  ) );
#2283 = ORIENTED_EDGE('',*,*,#2284,.F.);
#2284 = EDGE_CURVE('',#966,#2257,#2285,.T.);
#2285 = SURFACE_CURVE('',#2286,(#2291,#2298),.PCURVE_S1.);
#2286 = CIRCLE('',#2287,3.);
#2287 = AXIS2_PLACEMENT_3D('',#2288,#2289,#2290);
#2288 = CARTESIAN_POINT('',(-141.45,-36.675,10.6));
#2289 = DIRECTION('',(0.,0.,1.));
#2290 = DIRECTION('',(-1.,0.,0.));
#2291 = PCURVE('',#982,#2292);
#2292 = DEFINITIONAL_REPRESENTATION('',(#2293),#2297);
#2293 = CIRCLE('',#2294,3.);
#2294 = AXIS2_PLACEMENT_2D('',#2295,#2296);
#2295 = CARTESIAN_POINT('',(-141.45,-36.675));
#2296 = DIRECTION('',(-1.,0.));
#2297 = ( GEOMETRIC_REPRESENTATION_CONTEXT(2) 
PARAMETRIC_REPRESENTATION_CONTEXT() REPRESENTATION_CONTEXT('2D SPACE',''
  ) );
#2298 = PCURVE('',#2299,#2304);
#2299 = TOROIDAL_SURFACE('',#2300,3.,1.);
#2300 = AXIS2_PLACEMENT_3D('',#2301,#2302,#2303);
#2301 = CARTESIAN_POINT('',(-141.45,-36.675,9.6));
#2302 = DIRECTION('',(0.,0.,1.));
#2303 = DIRECTION('',(-1.,0.,0.));
#2304 = DEFINITIONAL_REPRESENTATION('',(#2305),#2309);
#2305 = LINE('',#2306,#2307);
#2306 = CARTESIAN_POINT('',(0.,1.570796326795));
#2307 = VECTOR('',#2308,1.);
#2308 = DIRECTION('',(1.,0.));
#2309 = ( GEOMETRIC_REPRESENTATION_CONTEXT(2) 
PARAMETRIC_REPRESENTATION_CONTEXT() REPRESENTATION_CONTEXT('2D SPACE',''
  ) );
#2310 = ADVANCED_FACE('',(#2311),#1077,.F.);
#2311 = FACE_BOUND('',#2312,.F.);
#2312 = EDGE_LOOP('',(#2313,#2314,#2346,#2373));
#2313 = ORIENTED_EDGE('',*,*,#1132,.T.);
#2314 = ORIENTED_EDGE('',*,*,#2315,.T.);
#2315 = EDGE_CURVE('',#1133,#2316,#2318,.T.);
#2316 = VERTEX_POINT('',#2317);
#2317 = CARTESIAN_POINT('',(-141.6705287474,-38.66280458585,9.6));
#2318 = SURFACE_CURVE('',#2319,(#2327,#2334),.PCURVE_S1.);
#2319 = ( BOUNDED_CURVE() B_SPLINE_CURVE(6,(#2320,#2321,#2322,#2323,
#2324,#2325,#2326),.UNSPECIFIED.,.F.,.F.) B_SPLINE_CURVE_WITH_KNOTS((7,7
),(73.570978083542,76.270614570048),.PIECEWISE_BEZIER_KNOTS.) CURVE() 
GEOMETRIC_REPRESENTATION_ITEM() RATIONAL_B_SPLINE_CURVE((1.,1.,1.,1.,1.,
1.,1.)) REPRESENTATION_ITEM('') );
#2320 = CARTESIAN_POINT('',(-143.4378045858,-36.89552874748,9.6));
#2321 = CARTESIAN_POINT('',(-143.3881923899,-37.34272373512,9.6));
#2322 = CARTESIAN_POINT('',(-143.2178670973,-37.77651282622,
    9.589942922921));
#2323 = CARTESIAN_POINT('',(-142.9312568537,-38.15625685371,
    9.583680023657));
#2324 = CARTESIAN_POINT('',(-142.5515128262,-38.44286709737,
    9.589942922921));
#2325 = CARTESIAN_POINT('',(-142.1177237351,-38.61319238996,9.6));
#2326 = CARTESIAN_POINT('',(-141.6705287474,-38.66280458585,9.6));
#2327 = PCURVE('',#1077,#2328);
#2328 = DEFINITIONAL_REPRESENTATION('',(#2329),#2333);
#2329 = LINE('',#2330,#2331);
#2330 = CARTESIAN_POINT('',(2.699636486507,0.));
#2331 = VECTOR('',#2332,1.);
#2332 = DIRECTION('',(0.,1.));
#2333 = ( GEOMETRIC_REPRESENTATION_CONTEXT(2) 
PARAMETRIC_REPRESENTATION_CONTEXT() REPRESENTATION_CONTEXT('2D SPACE',''
  ) );
#2334 = PCURVE('',#1177,#2335);
#2335 = DEFINITIONAL_REPRESENTATION('',(#2336),#2345);
#2336 = B_SPLINE_CURVE_WITH_KNOTS('',7,(#2337,#2338,#2339,#2340,#2341,
    #2342,#2343,#2344),.UNSPECIFIED.,.F.,.F.,(8,8),(73.570978083542,
    76.270614570048),.PIECEWISE_BEZIER_KNOTS.);
#2337 = CARTESIAN_POINT('',(6.172696265409,-14.6));
#2338 = CARTESIAN_POINT('',(5.979865444845,-14.6));
#2339 = CARTESIAN_POINT('',(5.787040300942,-14.59281640983));
#2340 = CARTESIAN_POINT('',(5.594185682564,-14.58636408928));
#2341 = CARTESIAN_POINT('',(5.401388605,-14.58636408928));
#2342 = CARTESIAN_POINT('',(5.208533986622,-14.59281640983));
#2343 = CARTESIAN_POINT('',(5.01570884272,-14.6));
#2344 = CARTESIAN_POINT('',(4.822878022155,-14.6));
#2345 = ( GEOMETRIC_REPRESENTATION_CONTEXT(2) 
PARAMETRIC_REPRESENTATION_CONTEXT() REPRESENTATION_CONTEXT('2D SPACE',''
  ) );
#2346 = ORIENTED_EDGE('',*,*,#2347,.F.);
#2347 = EDGE_CURVE('',#966,#2316,#2348,.T.);
#2348 = SURFACE_CURVE('',#2349,(#2353,#2359),.PCURVE_S1.);
#2349 = ( BOUNDED_CURVE() B_SPLINE_CURVE(2,(#2350,#2351,#2352),
.UNSPECIFIED.,.F.,.F.) B_SPLINE_CURVE_WITH_KNOTS((3,3),(0.,
2.699636486507),.PIECEWISE_BEZIER_KNOTS.) CURVE() 
GEOMETRIC_REPRESENTATION_ITEM() RATIONAL_B_SPLINE_CURVE((1.,
0.707106781187,1.)) REPRESENTATION_ITEM('') );
#2350 = CARTESIAN_POINT('',(-141.7807931212,-39.65670687877,10.6));
#2351 = CARTESIAN_POINT('',(-141.6705287474,-38.66280458585,10.6));
#2352 = CARTESIAN_POINT('',(-141.6705287474,-38.66280458585,9.6));
#2353 = PCURVE('',#1077,#2354);
#2354 = DEFINITIONAL_REPRESENTATION('',(#2355),#2358);
#2355 = B_SPLINE_CURVE_WITH_KNOTS('',1,(#2356,#2357),.UNSPECIFIED.,.F.,
  .F.,(2,2),(0.,2.699636486507),.PIECEWISE_BEZIER_KNOTS.);
#2356 = CARTESIAN_POINT('',(0.,76.270614570048));
#2357 = CARTESIAN_POINT('',(2.699636486507,76.270614570048));
#2358 = ( GEOMETRIC_REPRESENTATION_CONTEXT(2) 
PARAMETRIC_REPRESENTATION_CONTEXT() REPRESENTATION_CONTEXT('2D SPACE',''
  ) );
#2359 = PCURVE('',#2299,#2360);
#2360 = DEFINITIONAL_REPRESENTATION('',(#2361),#2372);
#2361 = B_SPLINE_CURVE_WITH_KNOTS('',9,(#2362,#2363,#2364,#2365,#2366,
    #2367,#2368,#2369,#2370,#2371),.UNSPECIFIED.,.F.,.F.,(10,10),(0.,
    2.699636486507),.PIECEWISE_BEZIER_KNOTS.);
#2362 = CARTESIAN_POINT('',(1.460307285024,1.570796326795));
#2363 = CARTESIAN_POINT('',(1.460307285024,1.727931167059));
#2364 = CARTESIAN_POINT('',(1.460307285024,1.896571043616));
#2365 = CARTESIAN_POINT('',(1.460307285024,2.075362713665));
#2366 = CARTESIAN_POINT('',(1.460307285024,2.261541178407));
#2367 = CARTESIAN_POINT('',(1.460307285024,2.450847801978));
#2368 = CARTESIAN_POINT('',(1.460307285024,2.63702626672));
#2369 = CARTESIAN_POINT('',(1.460307285024,2.815817936769));
#2370 = CARTESIAN_POINT('',(1.460307285024,2.984457813326));
#2371 = CARTESIAN_POINT('',(1.460307285024,3.14159265359));
#2372 = ( GEOMETRIC_REPRESENTATION_CONTEXT(2) 
PARAMETRIC_REPRESENTATION_CONTEXT() REPRESENTATION_CONTEXT('2D SPACE',''
  ) );
#2373 = ORIENTED_EDGE('',*,*,#1054,.F.);
#2374 = ADVANCED_FACE('',(#2375),#1014,.T.);
#2375 = FACE_BOUND('',#2376,.T.);
#2376 = EDGE_LOOP('',(#2377,#2399,#2400,#2401));
#2377 = ORIENTED_EDGE('',*,*,#2378,.T.);
#2378 = EDGE_CURVE('',#2379,#2160,#2381,.T.);
#2379 = VERTEX_POINT('',#2380);
#2380 = CARTESIAN_POINT('',(139.45,-46.675,4.1));
#2381 = SURFACE_CURVE('',#2382,(#2387,#2393),.PCURVE_S1.);
#2382 = CIRCLE('',#2383,6.5);
#2383 = AXIS2_PLACEMENT_3D('',#2384,#2385,#2386);
#2384 = CARTESIAN_POINT('',(139.45,-40.175,4.1));
#2385 = DIRECTION('',(-1.,-6.123233995737E-17,0.));
#2386 = DIRECTION('',(6.123233995737E-17,-1.,-0.));
#2387 = PCURVE('',#1014,#2388);
#2388 = DEFINITIONAL_REPRESENTATION('',(#2389),#2392);
#2389 = B_SPLINE_CURVE_WITH_KNOTS('',1,(#2390,#2391),.UNSPECIFIED.,.F.,
  .F.,(2,2),(0.,1.570796326795),.PIECEWISE_BEZIER_KNOTS.);
#2390 = CARTESIAN_POINT('',(0.,-5.684341886081E-14));
#2391 = CARTESIAN_POINT('',(1.570796326795,-5.684341886081E-14));
#2392 = ( GEOMETRIC_REPRESENTATION_CONTEXT(2) 
PARAMETRIC_REPRESENTATION_CONTEXT() REPRESENTATION_CONTEXT('2D SPACE',''
  ) );
#2393 = PCURVE('',#2203,#2394);
#2394 = DEFINITIONAL_REPRESENTATION('',(#2395),#2398);
#2395 = B_SPLINE_CURVE_WITH_KNOTS('',1,(#2396,#2397),.UNSPECIFIED.,.F.,
  .F.,(2,2),(0.,1.570796326795),.PIECEWISE_BEZIER_KNOTS.);
#2396 = CARTESIAN_POINT('',(-1.570796326795,0.));
#2397 = CARTESIAN_POINT('',(-1.570796326795,1.570796326795));
#2398 = ( GEOMETRIC_REPRESENTATION_CONTEXT(2) 
PARAMETRIC_REPRESENTATION_CONTEXT() REPRESENTATION_CONTEXT('2D SPACE',''
  ) );
#2399 = ORIENTED_EDGE('',*,*,#2159,.T.);
#2400 = ORIENTED_EDGE('',*,*,#998,.F.);
#2401 = ORIENTED_EDGE('',*,*,#2402,.F.);
#2402 = EDGE_CURVE('',#2379,#999,#2403,.T.);
#2403 = SURFACE_CURVE('',#2404,(#2408,#2415),.PCURVE_S1.);
#2404 = LINE('',#2405,#2406);
#2405 = CARTESIAN_POINT('',(139.45,-46.675,4.1));
#2406 = VECTOR('',#2407,1.);
#2407 = DIRECTION('',(-1.,-0.,-0.));
#2408 = PCURVE('',#1014,#2409);
#2409 = DEFINITIONAL_REPRESENTATION('',(#2410),#2414);
#2410 = LINE('',#2411,#2412);
#2411 = CARTESIAN_POINT('',(0.,0.));
#2412 = VECTOR('',#2413,1.);
#2413 = DIRECTION('',(0.,1.));
#2414 = ( GEOMETRIC_REPRESENTATION_CONTEXT(2) 
PARAMETRIC_REPRESENTATION_CONTEXT() REPRESENTATION_CONTEXT('2D SPACE',''
  ) );
#2415 = PCURVE('',#2416,#2421);
#2416 = PLANE('',#2417);
#2417 = AXIS2_PLACEMENT_3D('',#2418,#2419,#2420);
#2418 = CARTESIAN_POINT('',(-139.45,-46.675,-20.81148036205));
#2419 = DIRECTION('',(0.,1.,0.));
#2420 = DIRECTION('',(1.,0.,0.));
#2421 = DEFINITIONAL_REPRESENTATION('',(#2422),#2426);
#2422 = LINE('',#2423,#2424);
#2423 = CARTESIAN_POINT('',(278.9,-24.91148036205));
#2424 = VECTOR('',#2425,1.);
#2425 = DIRECTION('',(-1.,0.));
#2426 = ( GEOMETRIC_REPRESENTATION_CONTEXT(2) 
PARAMETRIC_REPRESENTATION_CONTEXT() REPRESENTATION_CONTEXT('2D SPACE',''
  ) );
#2427 = ADVANCED_FACE('',(#2428),#1040,.T.);
#2428 = FACE_BOUND('',#2429,.F.);
#2429 = EDGE_LOOP('',(#2430,#2453,#2519,#2520));
#2430 = ORIENTED_EDGE('',*,*,#2431,.F.);
#2431 = EDGE_CURVE('',#2432,#999,#2434,.T.);
#2432 = VERTEX_POINT('',#2433);
#2433 = CARTESIAN_POINT('',(-139.45,-46.675,-5.94818180066));
#2434 = SURFACE_CURVE('',#2435,(#2439,#2446),.PCURVE_S1.);
#2435 = LINE('',#2436,#2437);
#2436 = CARTESIAN_POINT('',(-139.45,-46.675,-20.81148036205));
#2437 = VECTOR('',#2438,1.);
#2438 = DIRECTION('',(0.,0.,1.));
#2439 = PCURVE('',#1040,#2440);
#2440 = DEFINITIONAL_REPRESENTATION('',(#2441),#2445);
#2441 = LINE('',#2442,#2443);
#2442 = CARTESIAN_POINT('',(-4.712388980385,0.));
#2443 = VECTOR('',#2444,1.);
#2444 = DIRECTION('',(-0.,-1.));
#2445 = ( GEOMETRIC_REPRESENTATION_CONTEXT(2) 
PARAMETRIC_REPRESENTATION_CONTEXT() REPRESENTATION_CONTEXT('2D SPACE',''
  ) );
#2446 = PCURVE('',#2416,#2447);
#2447 = DEFINITIONAL_REPRESENTATION('',(#2448),#2452);
#2448 = LINE('',#2449,#2450);
#2449 = CARTESIAN_POINT('',(0.,0.));
#2450 = VECTOR('',#2451,1.);
#2451 = DIRECTION('',(0.,-1.));
#2452 = ( GEOMETRIC_REPRESENTATION_CONTEXT(2) 
PARAMETRIC_REPRESENTATION_CONTEXT() REPRESENTATION_CONTEXT('2D SPACE',''
  ) );
#2453 = ORIENTED_EDGE('',*,*,#2454,.T.);
#2454 = EDGE_CURVE('',#2432,#1412,#2455,.T.);
#2455 = SURFACE_CURVE('',#2456,(#2467,#2481),.PCURVE_S1.);
#2456 = ( BOUNDED_CURVE() B_SPLINE_CURVE(9,(#2457,#2458,#2459,#2460,
    #2461,#2462,#2463,#2464,#2465,#2466),.UNSPECIFIED.,.F.,.F.) 
B_SPLINE_CURVE_WITH_KNOTS((10,10),(1.526838537911E+03,1.545266954853E+03
),.PIECEWISE_BEZIER_KNOTS.) CURVE() GEOMETRIC_REPRESENTATION_ITEM() 
RATIONAL_B_SPLINE_CURVE((1.,1.,1.,1.,1.,1.,1.,1.,1.,1.)) 
REPRESENTATION_ITEM('') );
#2457 = CARTESIAN_POINT('',(-139.45,-46.675,-5.94818180066));
#2458 = CARTESIAN_POINT('',(-141.5645810518,-46.675,-5.94818180066));
#2459 = CARTESIAN_POINT('',(-143.6979080804,-46.25583871031,
    -5.975739789873));
#2460 = CARTESIAN_POINT('',(-145.746014671,-45.40447143779,
    -6.031736453228));
#2461 = CARTESIAN_POINT('',(-147.5914374837,-44.14377940084,
    -6.114840333892));
#2462 = CARTESIAN_POINT('',(-149.1234456479,-42.54179379417,
    -6.220166894415));
#2463 = CARTESIAN_POINT('',(-150.2787318028,-40.71706269663,
    -6.33962464554));
#2464 = CARTESIAN_POINT('',(-151.0564585131,-38.75822931558,
    -6.46824358358));
#2465 = CARTESIAN_POINT('',(-151.45,-36.72393635161,-6.601868658761));
#2466 = CARTESIAN_POINT('',(-151.45,-34.675,-6.736463565152));
#2467 = PCURVE('',#1040,#2468);
#2468 = DEFINITIONAL_REPRESENTATION('',(#2469),#2480);
#2469 = B_SPLINE_CURVE_WITH_KNOTS('',9,(#2470,#2471,#2472,#2473,#2474,
    #2475,#2476,#2477,#2478,#2479),.UNSPECIFIED.,.F.,.F.,(10,10),(
    1.526838537911E+03,1.545266954853E+03),.PIECEWISE_BEZIER_KNOTS.);
#2470 = CARTESIAN_POINT('',(-4.712388980385,-14.86329856139));
#2471 = CARTESIAN_POINT('',(-4.536173892734,-14.86329856139));
#2472 = CARTESIAN_POINT('',(-4.358398608522,-14.83574038853));
#2473 = CARTESIAN_POINT('',(-4.179795704298,-14.7797447759));
#2474 = CARTESIAN_POINT('',(-4.001745697256,-14.69663822956));
#2475 = CARTESIAN_POINT('',(-3.82553641861,-14.5913154893));
#2476 = CARTESIAN_POINT('',(-3.652301719279,-14.47185447451));
#2477 = CARTESIAN_POINT('',(-3.481861182242,-14.34323712213));
#2478 = CARTESIAN_POINT('',(-3.312337349558,-14.20961170329));
#2479 = CARTESIAN_POINT('',(-3.14159265359,-14.07501679689));
#2480 = ( GEOMETRIC_REPRESENTATION_CONTEXT(2) 
PARAMETRIC_REPRESENTATION_CONTEXT() REPRESENTATION_CONTEXT('2D SPACE',''
  ) );
#2481 = PCURVE('',#2482,#2513);
#2482 = ( BOUNDED_SURFACE() B_SPLINE_SURFACE(2,9,(
    (#2483,#2484,#2485,#2486,#2487,#2488,#2489,#2490,#2491,#2492)
    ,(#2493,#2494,#2495,#2496,#2497,#2498,#2499,#2500,#2501,#2502)
    ,(#2503,#2504,#2505,#2506,#2507,#2508,#2509,#2510,#2511,#2512
)),.UNSPECIFIED.,.F.,.F.,.F.) B_SPLINE_SURFACE_WITH_KNOTS((3,3),(10,10),
  (0.,18.428416942257),(1.526838537911E+03,1.545266954853E+03),
.PIECEWISE_BEZIER_KNOTS.) GEOMETRIC_REPRESENTATION_ITEM() 
RATIONAL_B_SPLINE_SURFACE((
    (1.,1.,1.,1.,1.,1.,1.,1.,1.,1.)
    ,(0.743144825477,0.743144825477,0.741918253684,0.739428736404
      ,0.735745222498,0.73101556701,0.725533269936,0.719619168337
      ,0.713416891067,0.707106781187)
,(1.,1.,1.,1.,1.,1.,1.,1.,1.,1.))) REPRESENTATION_ITEM('') SURFACE() );
#2483 = CARTESIAN_POINT('',(-139.45,-46.675,-5.94818180066));
#2484 = CARTESIAN_POINT('',(-141.5645810518,-46.675,-5.94818180066));
#2485 = CARTESIAN_POINT('',(-143.6979080804,-46.25583871031,
    -5.975739789873));
#2486 = CARTESIAN_POINT('',(-145.746014671,-45.40447143779,
    -6.031736453228));
#2487 = CARTESIAN_POINT('',(-147.5914374837,-44.14377940084,
    -6.114840333892));
#2488 = CARTESIAN_POINT('',(-149.1234456479,-42.54179379417,
    -6.220166894415));
#2489 = CARTESIAN_POINT('',(-150.2787318028,-40.71706269663,
    -6.33962464554));
#2490 = CARTESIAN_POINT('',(-151.0564585131,-38.75822931558,
    -6.46824358358));
#2491 = CARTESIAN_POINT('',(-151.45,-36.72393635161,-6.601868658761));
#2492 = CARTESIAN_POINT('',(-151.45,-34.675,-6.736463565152));
#2493 = CARTESIAN_POINT('',(-139.45,-46.675,-10.));
#2494 = CARTESIAN_POINT('',(-141.4921094377,-46.675,-10.));
#2495 = CARTESIAN_POINT('',(-143.5612029265,-46.28391116544,
    -10.04110509287));
#2496 = CARTESIAN_POINT('',(-145.5613121939,-45.48425901612,
    -10.1251519205));
#2497 = CARTESIAN_POINT('',(-147.3797374085,-44.29168852828,
    -10.25049612963));
#2498 = CARTESIAN_POINT('',(-148.9043857871,-42.76951078913,
    -10.41048345684));
#2499 = CARTESIAN_POINT('',(-150.0807949038,-41.03207789935,
    -10.59309501205));
#2500 = CARTESIAN_POINT('',(-150.9076519036,-39.14846882676,
    -10.79107030316));
#2501 = CARTESIAN_POINT('',(-151.3703958122,-37.1678100568,
    -10.9992459285));
#2502 = CARTESIAN_POINT('',(-151.45,-35.1453780847,-11.21181209431));
#2503 = CARTESIAN_POINT('',(-139.45,-42.6453780847,-10.42353032981));
#2504 = CARTESIAN_POINT('',(-140.7987900126,-42.6453780847,
    -10.42353032981));
#2505 = CARTESIAN_POINT('',(-142.181399717,-42.37285504883,
    -10.45217365509));
#2506 = CARTESIAN_POINT('',(-143.51701109,-41.80462117529,
    -10.51189744182));
#2507 = CARTESIAN_POINT('',(-144.7025595483,-40.95592150949,
    -10.60109937116));
#2508 = CARTESIAN_POINT('',(-145.6459506223,-39.89154184659,
    -10.71297018167));
#2509 = CARTESIAN_POINT('',(-146.3070230375,-38.73195314149,
    -10.83484786574));
#2510 = CARTESIAN_POINT('',(-146.734219907,-37.54924622704,
    -10.95915537152));
#2511 = CARTESIAN_POINT('',(-146.9506437533,-36.3507098382,
    -11.08512662211));
#2512 = CARTESIAN_POINT('',(-146.9500013275,-35.14194044891,
    -11.21217340439));
#2513 = DEFINITIONAL_REPRESENTATION('',(#2514),#2518);
#2514 = LINE('',#2515,#2516);
#2515 = CARTESIAN_POINT('',(0.,0.));
#2516 = VECTOR('',#2517,1.);
#2517 = DIRECTION('',(0.,1.));
#2518 = ( GEOMETRIC_REPRESENTATION_CONTEXT(2) 
PARAMETRIC_REPRESENTATION_CONTEXT() REPRESENTATION_CONTEXT('2D SPACE',''
  ) );
#2519 = ORIENTED_EDGE('',*,*,#1439,.T.);
#2520 = ORIENTED_EDGE('',*,*,#1025,.F.);
#2521 = ADVANCED_FACE('',(#2522),#1177,.F.);
#2522 = FACE_BOUND('',#2523,.F.);
#2523 = EDGE_LOOP('',(#2524,#2547,#2575,#2603,#2625,#2626));
#2524 = ORIENTED_EDGE('',*,*,#2525,.F.);
#2525 = EDGE_CURVE('',#2526,#1110,#2528,.T.);
#2526 = VERTEX_POINT('',#2527);
#2527 = CARTESIAN_POINT('',(-143.45,-36.675,-5.));
#2528 = SURFACE_CURVE('',#2529,(#2533,#2540),.PCURVE_S1.);
#2529 = LINE('',#2530,#2531);
#2530 = CARTESIAN_POINT('',(-143.45,-36.675,-5.));
#2531 = VECTOR('',#2532,1.);
#2532 = DIRECTION('',(0.,0.,1.));
#2533 = PCURVE('',#1177,#2534);
#2534 = DEFINITIONAL_REPRESENTATION('',(#2535),#2539);
#2535 = LINE('',#2536,#2537);
#2536 = CARTESIAN_POINT('',(6.28318530718,0.));
#2537 = VECTOR('',#2538,1.);
#2538 = DIRECTION('',(0.,-1.));
#2539 = ( GEOMETRIC_REPRESENTATION_CONTEXT(2) 
PARAMETRIC_REPRESENTATION_CONTEXT() REPRESENTATION_CONTEXT('2D SPACE',''
  ) );
#2540 = PCURVE('',#1228,#2541);
#2541 = DEFINITIONAL_REPRESENTATION('',(#2542),#2546);
#2542 = LINE('',#2543,#2544);
#2543 = CARTESIAN_POINT('',(0.,0.));
#2544 = VECTOR('',#2545,1.);
#2545 = DIRECTION('',(0.,-1.));
#2546 = ( GEOMETRIC_REPRESENTATION_CONTEXT(2) 
PARAMETRIC_REPRESENTATION_CONTEXT() REPRESENTATION_CONTEXT('2D SPACE',''
  ) );
#2547 = ORIENTED_EDGE('',*,*,#2548,.F.);
#2548 = EDGE_CURVE('',#2549,#2526,#2551,.T.);
#2549 = VERTEX_POINT('',#2550);
#2550 = CARTESIAN_POINT('',(-141.45,-38.675,-5.));
#2551 = SURFACE_CURVE('',#2552,(#2557,#2564),.PCURVE_S1.);
#2552 = CIRCLE('',#2553,2.);
#2553 = AXIS2_PLACEMENT_3D('',#2554,#2555,#2556);
#2554 = CARTESIAN_POINT('',(-141.45,-36.675,-5.));
#2555 = DIRECTION('',(0.,0.,-1.));
#2556 = DIRECTION('',(-1.,0.,0.));
#2557 = PCURVE('',#1177,#2558);
#2558 = DEFINITIONAL_REPRESENTATION('',(#2559),#2563);
#2559 = LINE('',#2560,#2561);
#2560 = CARTESIAN_POINT('',(0.,0.));
#2561 = VECTOR('',#2562,1.);
#2562 = DIRECTION('',(1.,0.));
#2563 = ( GEOMETRIC_REPRESENTATION_CONTEXT(2) 
PARAMETRIC_REPRESENTATION_CONTEXT() REPRESENTATION_CONTEXT('2D SPACE',''
  ) );
#2564 = PCURVE('',#1367,#2565);
#2565 = DEFINITIONAL_REPRESENTATION('',(#2566),#2574);
#2566 = ( BOUNDED_CURVE() B_SPLINE_CURVE(2,(#2567,#2568,#2569,#2570,
#2571,#2572,#2573),.UNSPECIFIED.,.T.,.F.) B_SPLINE_CURVE_WITH_KNOTS((1,2
    ,2,2,2,1),(-2.094395102393,0.,2.094395102393,4.188790204786,
6.28318530718,8.377580409573),.UNSPECIFIED.) CURVE() 
GEOMETRIC_REPRESENTATION_ITEM() RATIONAL_B_SPLINE_CURVE((1.,0.5,1.,0.5,
1.,0.5,1.)) REPRESENTATION_ITEM('') );
#2567 = CARTESIAN_POINT('',(-143.45,-36.675));
#2568 = CARTESIAN_POINT('',(-143.45,-33.21089838486));
#2569 = CARTESIAN_POINT('',(-140.45,-34.94294919243));
#2570 = CARTESIAN_POINT('',(-137.45,-36.675));
#2571 = CARTESIAN_POINT('',(-140.45,-38.40705080756));
#2572 = CARTESIAN_POINT('',(-143.45,-40.13910161513));
#2573 = CARTESIAN_POINT('',(-143.45,-36.675));
#2574 = ( GEOMETRIC_REPRESENTATION_CONTEXT(2) 
PARAMETRIC_REPRESENTATION_CONTEXT() REPRESENTATION_CONTEXT('2D SPACE',''
  ) );
#2575 = ORIENTED_EDGE('',*,*,#2576,.T.);
#2576 = EDGE_CURVE('',#2549,#2577,#2579,.T.);
#2577 = VERTEX_POINT('',#2578);
#2578 = CARTESIAN_POINT('',(-141.45,-38.675,9.6));
#2579 = SURFACE_CURVE('',#2580,(#2584,#2591),.PCURVE_S1.);
#2580 = LINE('',#2581,#2582);
#2581 = CARTESIAN_POINT('',(-141.45,-38.675,-5.));
#2582 = VECTOR('',#2583,1.);
#2583 = DIRECTION('',(0.,0.,1.));
#2584 = PCURVE('',#1177,#2585);
#2585 = DEFINITIONAL_REPRESENTATION('',(#2586),#2590);
#2586 = LINE('',#2587,#2588);
#2587 = CARTESIAN_POINT('',(4.712388980385,0.));
#2588 = VECTOR('',#2589,1.);
#2589 = DIRECTION('',(0.,-1.));
#2590 = ( GEOMETRIC_REPRESENTATION_CONTEXT(2) 
PARAMETRIC_REPRESENTATION_CONTEXT() REPRESENTATION_CONTEXT('2D SPACE',''
  ) );
#2591 = PCURVE('',#2592,#2597);
#2592 = PLANE('',#2593);
#2593 = AXIS2_PLACEMENT_3D('',#2594,#2595,#2596);
#2594 = CARTESIAN_POINT('',(-141.45,-38.675,-5.));
#2595 = DIRECTION('',(0.,1.,0.));
#2596 = DIRECTION('',(1.,0.,0.));
#2597 = DEFINITIONAL_REPRESENTATION('',(#2598),#2602);
#2598 = LINE('',#2599,#2600);
#2599 = CARTESIAN_POINT('',(0.,0.));
#2600 = VECTOR('',#2601,1.);
#2601 = DIRECTION('',(0.,-1.));
#2602 = ( GEOMETRIC_REPRESENTATION_CONTEXT(2) 
PARAMETRIC_REPRESENTATION_CONTEXT() REPRESENTATION_CONTEXT('2D SPACE',''
  ) );
#2603 = ORIENTED_EDGE('',*,*,#2604,.F.);
#2604 = EDGE_CURVE('',#2316,#2577,#2605,.T.);
#2605 = SURFACE_CURVE('',#2606,(#2611,#2618),.PCURVE_S1.);
#2606 = CIRCLE('',#2607,2.);
#2607 = AXIS2_PLACEMENT_3D('',#2608,#2609,#2610);
#2608 = CARTESIAN_POINT('',(-141.45,-36.675,9.6));
#2609 = DIRECTION('',(0.,0.,1.));
#2610 = DIRECTION('',(-1.,0.,0.));
#2611 = PCURVE('',#1177,#2612);
#2612 = DEFINITIONAL_REPRESENTATION('',(#2613),#2617);
#2613 = LINE('',#2614,#2615);
#2614 = CARTESIAN_POINT('',(6.28318530718,-14.6));
#2615 = VECTOR('',#2616,1.);
#2616 = DIRECTION('',(-1.,-0.));
#2617 = ( GEOMETRIC_REPRESENTATION_CONTEXT(2) 
PARAMETRIC_REPRESENTATION_CONTEXT() REPRESENTATION_CONTEXT('2D SPACE',''
  ) );
#2618 = PCURVE('',#2299,#2619);
#2619 = DEFINITIONAL_REPRESENTATION('',(#2620),#2624);
#2620 = LINE('',#2621,#2622);
#2621 = CARTESIAN_POINT('',(0.,3.14159265359));
#2622 = VECTOR('',#2623,1.);
#2623 = DIRECTION('',(1.,0.));
#2624 = ( GEOMETRIC_REPRESENTATION_CONTEXT(2) 
PARAMETRIC_REPRESENTATION_CONTEXT() REPRESENTATION_CONTEXT('2D SPACE',''
  ) );
#2625 = ORIENTED_EDGE('',*,*,#2315,.F.);
#2626 = ORIENTED_EDGE('',*,*,#1162,.F.);
#2627 = ADVANCED_FACE('',(#2628),#1228,.F.);
#2628 = FACE_BOUND('',#2629,.F.);
#2629 = EDGE_LOOP('',(#2630,#2631,#2652,#2653));
#2630 = ORIENTED_EDGE('',*,*,#1383,.F.);
#2631 = ORIENTED_EDGE('',*,*,#2632,.F.);
#2632 = EDGE_CURVE('',#2526,#1351,#2633,.T.);
#2633 = SURFACE_CURVE('',#2634,(#2638,#2645),.PCURVE_S1.);
#2634 = LINE('',#2635,#2636);
#2635 = CARTESIAN_POINT('',(-143.45,0.,-5.));
#2636 = VECTOR('',#2637,1.);
#2637 = DIRECTION('',(0.,1.,0.));
#2638 = PCURVE('',#1228,#2639);
#2639 = DEFINITIONAL_REPRESENTATION('',(#2640),#2644);
#2640 = LINE('',#2641,#2642);
#2641 = CARTESIAN_POINT('',(36.675,0.));
#2642 = VECTOR('',#2643,1.);
#2643 = DIRECTION('',(1.,0.));
#2644 = ( GEOMETRIC_REPRESENTATION_CONTEXT(2) 
PARAMETRIC_REPRESENTATION_CONTEXT() REPRESENTATION_CONTEXT('2D SPACE',''
  ) );
#2645 = PCURVE('',#1367,#2646);
#2646 = DEFINITIONAL_REPRESENTATION('',(#2647),#2651);
#2647 = LINE('',#2648,#2649);
#2648 = CARTESIAN_POINT('',(-143.45,-1.024269939124E-15));
#2649 = VECTOR('',#2650,1.);
#2650 = DIRECTION('',(0.,1.));
#2651 = ( GEOMETRIC_REPRESENTATION_CONTEXT(2) 
PARAMETRIC_REPRESENTATION_CONTEXT() REPRESENTATION_CONTEXT('2D SPACE',''
  ) );
#2652 = ORIENTED_EDGE('',*,*,#2525,.T.);
#2653 = ORIENTED_EDGE('',*,*,#1214,.F.);
#2654 = ADVANCED_FACE('',(#2655),#1338,.F.);
#2655 = FACE_BOUND('',#2656,.F.);
#2656 = EDGE_LOOP('',(#2657,#2658,#2681,#2704,#2732,#2753,#2781,#2802));
#2657 = ORIENTED_EDGE('',*,*,#1486,.F.);
#2658 = ORIENTED_EDGE('',*,*,#2659,.F.);
#2659 = EDGE_CURVE('',#2660,#1465,#2662,.T.);
#2660 = VERTEX_POINT('',#2661);
#2661 = CARTESIAN_POINT('',(141.45,38.675,-5.));
#2662 = SURFACE_CURVE('',#2663,(#2667,#2674),.PCURVE_S1.);
#2663 = LINE('',#2664,#2665);
#2664 = CARTESIAN_POINT('',(141.45,38.675,-5.));
#2665 = VECTOR('',#2666,1.);
#2666 = DIRECTION('',(0.,0.,1.));
#2667 = PCURVE('',#1338,#2668);
#2668 = DEFINITIONAL_REPRESENTATION('',(#2669),#2673);
#2669 = LINE('',#2670,#2671);
#2670 = CARTESIAN_POINT('',(282.9,0.));
#2671 = VECTOR('',#2672,1.);
#2672 = DIRECTION('',(0.,-1.));
#2673 = ( GEOMETRIC_REPRESENTATION_CONTEXT(2) 
PARAMETRIC_REPRESENTATION_CONTEXT() REPRESENTATION_CONTEXT('2D SPACE',''
  ) );
#2674 = PCURVE('',#1704,#2675);
#2675 = DEFINITIONAL_REPRESENTATION('',(#2676),#2680);
#2676 = LINE('',#2677,#2678);
#2677 = CARTESIAN_POINT('',(1.570796326795,0.));
#2678 = VECTOR('',#2679,1.);
#2679 = DIRECTION('',(0.,-1.));
#2680 = ( GEOMETRIC_REPRESENTATION_CONTEXT(2) 
PARAMETRIC_REPRESENTATION_CONTEXT() REPRESENTATION_CONTEXT('2D SPACE',''
  ) );
#2681 = ORIENTED_EDGE('',*,*,#2682,.F.);
#2682 = EDGE_CURVE('',#2683,#2660,#2685,.T.);
#2683 = VERTEX_POINT('',#2684);
#2684 = CARTESIAN_POINT('',(5.339517329542,38.675,-5.));
#2685 = SURFACE_CURVE('',#2686,(#2690,#2697),.PCURVE_S1.);
#2686 = LINE('',#2687,#2688);
#2687 = CARTESIAN_POINT('',(0.,38.675,-5.));
#2688 = VECTOR('',#2689,1.);
#2689 = DIRECTION('',(1.,0.,0.));
#2690 = PCURVE('',#1338,#2691);
#2691 = DEFINITIONAL_REPRESENTATION('',(#2692),#2696);
#2692 = LINE('',#2693,#2694);
#2693 = CARTESIAN_POINT('',(141.45,0.));
#2694 = VECTOR('',#2695,1.);
#2695 = DIRECTION('',(1.,0.));
#2696 = ( GEOMETRIC_REPRESENTATION_CONTEXT(2) 
PARAMETRIC_REPRESENTATION_CONTEXT() REPRESENTATION_CONTEXT('2D SPACE',''
  ) );
#2697 = PCURVE('',#1367,#2698);
#2698 = DEFINITIONAL_REPRESENTATION('',(#2699),#2703);
#2699 = LINE('',#2700,#2701);
#2700 = CARTESIAN_POINT('',(1.450640679334E-15,38.675));
#2701 = VECTOR('',#2702,1.);
#2702 = DIRECTION('',(1.,0.));
#2703 = ( GEOMETRIC_REPRESENTATION_CONTEXT(2) 
PARAMETRIC_REPRESENTATION_CONTEXT() REPRESENTATION_CONTEXT('2D SPACE',''
  ) );
#2704 = ORIENTED_EDGE('',*,*,#2705,.T.);
#2705 = EDGE_CURVE('',#2683,#2706,#2708,.T.);
#2706 = VERTEX_POINT('',#2707);
#2707 = CARTESIAN_POINT('',(2.75,38.675,2.62));
#2708 = SURFACE_CURVE('',#2709,(#2714,#2725),.PCURVE_S1.);
#2709 = CIRCLE('',#2710,4.25);
#2710 = AXIS2_PLACEMENT_3D('',#2711,#2712,#2713);
#2711 = CARTESIAN_POINT('',(2.75,38.675,-1.63));
#2712 = DIRECTION('',(-0.,-1.,-0.));
#2713 = DIRECTION('',(-1.,0.,0.));
#2714 = PCURVE('',#1338,#2715);
#2715 = DEFINITIONAL_REPRESENTATION('',(#2716),#2724);
#2716 = ( BOUNDED_CURVE() B_SPLINE_CURVE(2,(#2717,#2718,#2719,#2720,
#2721,#2722,#2723),.UNSPECIFIED.,.T.,.F.) B_SPLINE_CURVE_WITH_KNOTS((1,2
    ,2,2,2,1),(-2.094395102393,0.,2.094395102393,4.188790204786,
6.28318530718,8.377580409573),.UNSPECIFIED.) CURVE() 
GEOMETRIC_REPRESENTATION_ITEM() RATIONAL_B_SPLINE_CURVE((1.,0.5,1.,0.5,
1.,0.5,1.)) REPRESENTATION_ITEM('') );
#2717 = CARTESIAN_POINT('',(139.95,-3.37));
#2718 = CARTESIAN_POINT('',(139.95,3.991215932168));
#2719 = CARTESIAN_POINT('',(146.325,0.310607966084));
#2720 = CARTESIAN_POINT('',(152.7,-3.37));
#2721 = CARTESIAN_POINT('',(146.325,-7.050607966084));
#2722 = CARTESIAN_POINT('',(139.95,-10.73121593216));
#2723 = CARTESIAN_POINT('',(139.95,-3.37));
#2724 = ( GEOMETRIC_REPRESENTATION_CONTEXT(2) 
PARAMETRIC_REPRESENTATION_CONTEXT() REPRESENTATION_CONTEXT('2D SPACE',''
  ) );
#2725 = PCURVE('',#2086,#2726);
#2726 = DEFINITIONAL_REPRESENTATION('',(#2727),#2731);
#2727 = LINE('',#2728,#2729);
#2728 = CARTESIAN_POINT('',(0.,-1.));
#2729 = VECTOR('',#2730,1.);
#2730 = DIRECTION('',(1.,0.));
#2731 = ( GEOMETRIC_REPRESENTATION_CONTEXT(2) 
PARAMETRIC_REPRESENTATION_CONTEXT() REPRESENTATION_CONTEXT('2D SPACE',''
  ) );
#2732 = ORIENTED_EDGE('',*,*,#2733,.T.);
#2733 = EDGE_CURVE('',#2706,#2734,#2736,.T.);
#2734 = VERTEX_POINT('',#2735);
#2735 = CARTESIAN_POINT('',(-2.75,38.675,2.62));
#2736 = SURFACE_CURVE('',#2737,(#2741,#2747),.PCURVE_S1.);
#2737 = LINE('',#2738,#2739);
#2738 = CARTESIAN_POINT('',(-72.1,38.675,2.62));
#2739 = VECTOR('',#2740,1.);
#2740 = DIRECTION('',(-1.,0.,0.));
#2741 = PCURVE('',#1338,#2742);
#2742 = DEFINITIONAL_REPRESENTATION('',(#2743),#2746);
#2743 = B_SPLINE_CURVE_WITH_KNOTS('',1,(#2744,#2745),.UNSPECIFIED.,.F.,
  .F.,(2,2),(-74.85,-69.35),.PIECEWISE_BEZIER_KNOTS.);
#2744 = CARTESIAN_POINT('',(144.2,-7.62));
#2745 = CARTESIAN_POINT('',(138.7,-7.62));
#2746 = ( GEOMETRIC_REPRESENTATION_CONTEXT(2) 
PARAMETRIC_REPRESENTATION_CONTEXT() REPRESENTATION_CONTEXT('2D SPACE',''
  ) );
#2747 = PCURVE('',#2113,#2748);
#2748 = DEFINITIONAL_REPRESENTATION('',(#2749),#2752);
#2749 = B_SPLINE_CURVE_WITH_KNOTS('',1,(#2750,#2751),.UNSPECIFIED.,.F.,
  .F.,(2,2),(-74.85,-69.35),.PIECEWISE_BEZIER_KNOTS.);
#2750 = CARTESIAN_POINT('',(5.5,-1.));
#2751 = CARTESIAN_POINT('',(0.,-1.));
#2752 = ( GEOMETRIC_REPRESENTATION_CONTEXT(2) 
PARAMETRIC_REPRESENTATION_CONTEXT() REPRESENTATION_CONTEXT('2D SPACE',''
  ) );
#2753 = ORIENTED_EDGE('',*,*,#2754,.T.);
#2754 = EDGE_CURVE('',#2734,#2755,#2757,.T.);
#2755 = VERTEX_POINT('',#2756);
#2756 = CARTESIAN_POINT('',(-5.339517329542,38.675,-5.));
#2757 = SURFACE_CURVE('',#2758,(#2763,#2774),.PCURVE_S1.);
#2758 = CIRCLE('',#2759,4.25);
#2759 = AXIS2_PLACEMENT_3D('',#2760,#2761,#2762);
#2760 = CARTESIAN_POINT('',(-2.75,38.675,-1.63));
#2761 = DIRECTION('',(0.,-1.,0.));
#2762 = DIRECTION('',(1.,0.,0.));
#2763 = PCURVE('',#1338,#2764);
#2764 = DEFINITIONAL_REPRESENTATION('',(#2765),#2773);
#2765 = ( BOUNDED_CURVE() B_SPLINE_CURVE(2,(#2766,#2767,#2768,#2769,
#2770,#2771,#2772),.UNSPECIFIED.,.T.,.F.) B_SPLINE_CURVE_WITH_KNOTS((1,2
    ,2,2,2,1),(-2.094395102393,0.,2.094395102393,4.188790204786,
6.28318530718,8.377580409573),.UNSPECIFIED.) CURVE() 
GEOMETRIC_REPRESENTATION_ITEM() RATIONAL_B_SPLINE_CURVE((1.,0.5,1.,0.5,
1.,0.5,1.)) REPRESENTATION_ITEM('') );
#2766 = CARTESIAN_POINT('',(142.95,-3.37));
#2767 = CARTESIAN_POINT('',(142.95,-10.73121593216));
#2768 = CARTESIAN_POINT('',(136.575,-7.050607966084));
#2769 = CARTESIAN_POINT('',(130.2,-3.37));
#2770 = CARTESIAN_POINT('',(136.575,0.310607966084));
#2771 = CARTESIAN_POINT('',(142.95,3.991215932168));
#2772 = CARTESIAN_POINT('',(142.95,-3.37));
#2773 = ( GEOMETRIC_REPRESENTATION_CONTEXT(2) 
PARAMETRIC_REPRESENTATION_CONTEXT() REPRESENTATION_CONTEXT('2D SPACE',''
  ) );
#2774 = PCURVE('',#2143,#2775);
#2775 = DEFINITIONAL_REPRESENTATION('',(#2776),#2780);
#2776 = LINE('',#2777,#2778);
#2777 = CARTESIAN_POINT('',(0.,-1.));
#2778 = VECTOR('',#2779,1.);
#2779 = DIRECTION('',(1.,0.));
#2780 = ( GEOMETRIC_REPRESENTATION_CONTEXT(2) 
PARAMETRIC_REPRESENTATION_CONTEXT() REPRESENTATION_CONTEXT('2D SPACE',''
  ) );
#2781 = ORIENTED_EDGE('',*,*,#2782,.F.);
#2782 = EDGE_CURVE('',#1323,#2755,#2783,.T.);
#2783 = SURFACE_CURVE('',#2784,(#2788,#2795),.PCURVE_S1.);
#2784 = LINE('',#2785,#2786);
#2785 = CARTESIAN_POINT('',(0.,38.675,-5.));
#2786 = VECTOR('',#2787,1.);
#2787 = DIRECTION('',(1.,0.,0.));
#2788 = PCURVE('',#1338,#2789);
#2789 = DEFINITIONAL_REPRESENTATION('',(#2790),#2794);
#2790 = LINE('',#2791,#2792);
#2791 = CARTESIAN_POINT('',(141.45,0.));
#2792 = VECTOR('',#2793,1.);
#2793 = DIRECTION('',(1.,0.));
#2794 = ( GEOMETRIC_REPRESENTATION_CONTEXT(2) 
PARAMETRIC_REPRESENTATION_CONTEXT() REPRESENTATION_CONTEXT('2D SPACE',''
  ) );
#2795 = PCURVE('',#1367,#2796);
#2796 = DEFINITIONAL_REPRESENTATION('',(#2797),#2801);
#2797 = LINE('',#2798,#2799);
#2798 = CARTESIAN_POINT('',(1.450640679334E-15,38.675));
#2799 = VECTOR('',#2800,1.);
#2800 = DIRECTION('',(1.,0.));
#2801 = ( GEOMETRIC_REPRESENTATION_CONTEXT(2) 
PARAMETRIC_REPRESENTATION_CONTEXT() REPRESENTATION_CONTEXT('2D SPACE',''
  ) );
#2802 = ORIENTED_EDGE('',*,*,#1322,.T.);
#2803 = ADVANCED_FACE('',(#2804,#2987,#3018,#3049,#3080,#3111,#3142,
    #3173,#3204,#3235,#3266),#1367,.T.);
#2804 = FACE_BOUND('',#2805,.T.);
#2805 = EDGE_LOOP('',(#2806,#2807,#2808,#2831,#2864,#2892,#2918,#2919,
    #2940,#2966,#2985,#2986));
#2806 = ORIENTED_EDGE('',*,*,#2632,.F.);
#2807 = ORIENTED_EDGE('',*,*,#2548,.F.);
#2808 = ORIENTED_EDGE('',*,*,#2809,.T.);
#2809 = EDGE_CURVE('',#2549,#2810,#2812,.T.);
#2810 = VERTEX_POINT('',#2811);
#2811 = CARTESIAN_POINT('',(141.45,-38.675,-5.));
#2812 = SURFACE_CURVE('',#2813,(#2817,#2824),.PCURVE_S1.);
#2813 = LINE('',#2814,#2815);
#2814 = CARTESIAN_POINT('',(0.,-38.675,-5.));
#2815 = VECTOR('',#2816,1.);
#2816 = DIRECTION('',(1.,0.,0.));
#2817 = PCURVE('',#1367,#2818);
#2818 = DEFINITIONAL_REPRESENTATION('',(#2819),#2823);
#2819 = LINE('',#2820,#2821);
#2820 = CARTESIAN_POINT('',(1.450640679334E-15,-38.675));
#2821 = VECTOR('',#2822,1.);
#2822 = DIRECTION('',(1.,0.));
#2823 = ( GEOMETRIC_REPRESENTATION_CONTEXT(2) 
PARAMETRIC_REPRESENTATION_CONTEXT() REPRESENTATION_CONTEXT('2D SPACE',''
  ) );
#2824 = PCURVE('',#2592,#2825);
#2825 = DEFINITIONAL_REPRESENTATION('',(#2826),#2830);
#2826 = LINE('',#2827,#2828);
#2827 = CARTESIAN_POINT('',(141.45,0.));
#2828 = VECTOR('',#2829,1.);
#2829 = DIRECTION('',(1.,0.));
#2830 = ( GEOMETRIC_REPRESENTATION_CONTEXT(2) 
PARAMETRIC_REPRESENTATION_CONTEXT() REPRESENTATION_CONTEXT('2D SPACE',''
  ) );
#2831 = ORIENTED_EDGE('',*,*,#2832,.F.);
#2832 = EDGE_CURVE('',#2833,#2810,#2835,.T.);
#2833 = VERTEX_POINT('',#2834);
#2834 = CARTESIAN_POINT('',(143.45,-36.675,-5.));
#2835 = SURFACE_CURVE('',#2836,(#2841,#2852),.PCURVE_S1.);
#2836 = CIRCLE('',#2837,2.);
#2837 = AXIS2_PLACEMENT_3D('',#2838,#2839,#2840);
#2838 = CARTESIAN_POINT('',(141.45,-36.675,-5.));
#2839 = DIRECTION('',(0.,0.,-1.));
#2840 = DIRECTION('',(-1.,0.,0.));
#2841 = PCURVE('',#1367,#2842);
#2842 = DEFINITIONAL_REPRESENTATION('',(#2843),#2851);
#2843 = ( BOUNDED_CURVE() B_SPLINE_CURVE(2,(#2844,#2845,#2846,#2847,
#2848,#2849,#2850),.UNSPECIFIED.,.T.,.F.) B_SPLINE_CURVE_WITH_KNOTS((1,2
    ,2,2,2,1),(-2.094395102393,0.,2.094395102393,4.188790204786,
6.28318530718,8.377580409573),.UNSPECIFIED.) CURVE() 
GEOMETRIC_REPRESENTATION_ITEM() RATIONAL_B_SPLINE_CURVE((1.,0.5,1.,0.5,
1.,0.5,1.)) REPRESENTATION_ITEM('') );
#2844 = CARTESIAN_POINT('',(139.45,-36.675));
#2845 = CARTESIAN_POINT('',(139.45,-33.21089838486));
#2846 = CARTESIAN_POINT('',(142.45,-34.94294919243));
#2847 = CARTESIAN_POINT('',(145.45,-36.675));
#2848 = CARTESIAN_POINT('',(142.45,-38.40705080756));
#2849 = CARTESIAN_POINT('',(139.45,-40.13910161513));
#2850 = CARTESIAN_POINT('',(139.45,-36.675));
#2851 = ( GEOMETRIC_REPRESENTATION_CONTEXT(2) 
PARAMETRIC_REPRESENTATION_CONTEXT() REPRESENTATION_CONTEXT('2D SPACE',''
  ) );
#2852 = PCURVE('',#2853,#2858);
#2853 = CYLINDRICAL_SURFACE('',#2854,2.);
#2854 = AXIS2_PLACEMENT_3D('',#2855,#2856,#2857);
#2855 = CARTESIAN_POINT('',(141.45,-36.675,-5.));
#2856 = DIRECTION('',(0.,0.,-1.));
#2857 = DIRECTION('',(-1.,0.,0.));
#2858 = DEFINITIONAL_REPRESENTATION('',(#2859),#2863);
#2859 = LINE('',#2860,#2861);
#2860 = CARTESIAN_POINT('',(0.,0.));
#2861 = VECTOR('',#2862,1.);
#2862 = DIRECTION('',(1.,0.));
#2863 = ( GEOMETRIC_REPRESENTATION_CONTEXT(2) 
PARAMETRIC_REPRESENTATION_CONTEXT() REPRESENTATION_CONTEXT('2D SPACE',''
  ) );
#2864 = ORIENTED_EDGE('',*,*,#2865,.T.);
#2865 = EDGE_CURVE('',#2833,#2866,#2868,.T.);
#2866 = VERTEX_POINT('',#2867);
#2867 = CARTESIAN_POINT('',(143.45,36.675,-5.));
#2868 = SURFACE_CURVE('',#2869,(#2873,#2880),.PCURVE_S1.);
#2869 = LINE('',#2870,#2871);
#2870 = CARTESIAN_POINT('',(143.45,0.,-5.));
#2871 = VECTOR('',#2872,1.);
#2872 = DIRECTION('',(0.,1.,0.));
#2873 = PCURVE('',#1367,#2874);
#2874 = DEFINITIONAL_REPRESENTATION('',(#2875),#2879);
#2875 = LINE('',#2876,#2877);
#2876 = CARTESIAN_POINT('',(143.45,-1.024269939124E-15));
#2877 = VECTOR('',#2878,1.);
#2878 = DIRECTION('',(0.,1.));
#2879 = ( GEOMETRIC_REPRESENTATION_CONTEXT(2) 
PARAMETRIC_REPRESENTATION_CONTEXT() REPRESENTATION_CONTEXT('2D SPACE',''
  ) );
#2880 = PCURVE('',#2881,#2886);
#2881 = PLANE('',#2882);
#2882 = AXIS2_PLACEMENT_3D('',#2883,#2884,#2885);
#2883 = CARTESIAN_POINT('',(143.45,-36.675,-5.));
#2884 = DIRECTION('',(-1.,0.,0.));
#2885 = DIRECTION('',(0.,1.,0.));
#2886 = DEFINITIONAL_REPRESENTATION('',(#2887),#2891);
#2887 = LINE('',#2888,#2889);
#2888 = CARTESIAN_POINT('',(36.675,0.));
#2889 = VECTOR('',#2890,1.);
#2890 = DIRECTION('',(1.,0.));
#2891 = ( GEOMETRIC_REPRESENTATION_CONTEXT(2) 
PARAMETRIC_REPRESENTATION_CONTEXT() REPRESENTATION_CONTEXT('2D SPACE',''
  ) );
#2892 = ORIENTED_EDGE('',*,*,#2893,.F.);
#2893 = EDGE_CURVE('',#2660,#2866,#2894,.T.);
#2894 = SURFACE_CURVE('',#2895,(#2900,#2911),.PCURVE_S1.);
#2895 = CIRCLE('',#2896,2.);
#2896 = AXIS2_PLACEMENT_3D('',#2897,#2898,#2899);
#2897 = CARTESIAN_POINT('',(141.45,36.675,-5.));
#2898 = DIRECTION('',(0.,0.,-1.));
#2899 = DIRECTION('',(-1.,0.,0.));
#2900 = PCURVE('',#1367,#2901);
#2901 = DEFINITIONAL_REPRESENTATION('',(#2902),#2910);
#2902 = ( BOUNDED_CURVE() B_SPLINE_CURVE(2,(#2903,#2904,#2905,#2906,
#2907,#2908,#2909),.UNSPECIFIED.,.T.,.F.) B_SPLINE_CURVE_WITH_KNOTS((1,2
    ,2,2,2,1),(-2.094395102393,0.,2.094395102393,4.188790204786,
6.28318530718,8.377580409573),.UNSPECIFIED.) CURVE() 
GEOMETRIC_REPRESENTATION_ITEM() RATIONAL_B_SPLINE_CURVE((1.,0.5,1.,0.5,
1.,0.5,1.)) REPRESENTATION_ITEM('') );
#2903 = CARTESIAN_POINT('',(139.45,36.675));
#2904 = CARTESIAN_POINT('',(139.45,40.139101615138));
#2905 = CARTESIAN_POINT('',(142.45,38.407050807569));
#2906 = CARTESIAN_POINT('',(145.45,36.675));
#2907 = CARTESIAN_POINT('',(142.45,34.942949192431));
#2908 = CARTESIAN_POINT('',(139.45,33.210898384862));
#2909 = CARTESIAN_POINT('',(139.45,36.675));
#2910 = ( GEOMETRIC_REPRESENTATION_CONTEXT(2) 
PARAMETRIC_REPRESENTATION_CONTEXT() REPRESENTATION_CONTEXT('2D SPACE',''
  ) );
#2911 = PCURVE('',#1704,#2912);
#2912 = DEFINITIONAL_REPRESENTATION('',(#2913),#2917);
#2913 = LINE('',#2914,#2915);
#2914 = CARTESIAN_POINT('',(0.,0.));
#2915 = VECTOR('',#2916,1.);
#2916 = DIRECTION('',(1.,0.));
#2917 = ( GEOMETRIC_REPRESENTATION_CONTEXT(2) 
PARAMETRIC_REPRESENTATION_CONTEXT() REPRESENTATION_CONTEXT('2D SPACE',''
  ) );
#2918 = ORIENTED_EDGE('',*,*,#2682,.F.);
#2919 = ORIENTED_EDGE('',*,*,#2920,.T.);
#2920 = EDGE_CURVE('',#2683,#2921,#2923,.T.);
#2921 = VERTEX_POINT('',#2922);
#2922 = CARTESIAN_POINT('',(5.339517329542,37.675,-5.));
#2923 = SURFACE_CURVE('',#2924,(#2928,#2934),.PCURVE_S1.);
#2924 = LINE('',#2925,#2926);
#2925 = CARTESIAN_POINT('',(5.339517329542,37.675,-5.));
#2926 = VECTOR('',#2927,1.);
#2927 = DIRECTION('',(-0.,-1.,-0.));
#2928 = PCURVE('',#1367,#2929);
#2929 = DEFINITIONAL_REPRESENTATION('',(#2930),#2933);
#2930 = B_SPLINE_CURVE_WITH_KNOTS('',1,(#2931,#2932),.UNSPECIFIED.,.F.,
  .F.,(2,2),(-8.735,5.999999999062E-07),.PIECEWISE_BEZIER_KNOTS.);
#2931 = CARTESIAN_POINT('',(5.339517329542,46.41));
#2932 = CARTESIAN_POINT('',(5.339517329542,37.6749994));
#2933 = ( GEOMETRIC_REPRESENTATION_CONTEXT(2) 
PARAMETRIC_REPRESENTATION_CONTEXT() REPRESENTATION_CONTEXT('2D SPACE',''
  ) );
#2934 = PCURVE('',#2086,#2935);
#2935 = DEFINITIONAL_REPRESENTATION('',(#2936),#2939);
#2936 = B_SPLINE_CURVE_WITH_KNOTS('',1,(#2937,#2938),.UNSPECIFIED.,.F.,
  .F.,(2,2),(-8.735,5.999999999062E-07),.PIECEWISE_BEZIER_KNOTS.);
#2937 = CARTESIAN_POINT('',(2.225971551021,-8.735));
#2938 = CARTESIAN_POINT('',(2.225971551021,5.999999999062E-07));
#2939 = ( GEOMETRIC_REPRESENTATION_CONTEXT(2) 
PARAMETRIC_REPRESENTATION_CONTEXT() REPRESENTATION_CONTEXT('2D SPACE',''
  ) );
#2940 = ORIENTED_EDGE('',*,*,#2941,.T.);
#2941 = EDGE_CURVE('',#2921,#2942,#2944,.T.);
#2942 = VERTEX_POINT('',#2943);
#2943 = CARTESIAN_POINT('',(-5.339517329542,37.675,-5.));
#2944 = SURFACE_CURVE('',#2945,(#2949,#2955),.PCURVE_S1.);
#2945 = LINE('',#2946,#2947);
#2946 = CARTESIAN_POINT('',(-7.253203396668E-16,37.675,-5.));
#2947 = VECTOR('',#2948,1.);
#2948 = DIRECTION('',(-1.,0.,0.));
#2949 = PCURVE('',#1367,#2950);
#2950 = DEFINITIONAL_REPRESENTATION('',(#2951),#2954);
#2951 = B_SPLINE_CURVE_WITH_KNOTS('',1,(#2952,#2953),.UNSPECIFIED.,.F.,
  .F.,(2,2),(-7.,7.),.PIECEWISE_BEZIER_KNOTS.);
#2952 = CARTESIAN_POINT('',(7.,37.675));
#2953 = CARTESIAN_POINT('',(-7.,37.675));
#2954 = ( GEOMETRIC_REPRESENTATION_CONTEXT(2) 
PARAMETRIC_REPRESENTATION_CONTEXT() REPRESENTATION_CONTEXT('2D SPACE',''
  ) );
#2955 = PCURVE('',#2956,#2961);
#2956 = PLANE('',#2957);
#2957 = AXIS2_PLACEMENT_3D('',#2958,#2959,#2960);
#2958 = CARTESIAN_POINT('',(0.,37.675,-1.63));
#2959 = DIRECTION('',(0.,1.,0.));
#2960 = DIRECTION('',(1.,0.,0.));
#2961 = DEFINITIONAL_REPRESENTATION('',(#2962),#2965);
#2962 = B_SPLINE_CURVE_WITH_KNOTS('',1,(#2963,#2964),.UNSPECIFIED.,.F.,
  .F.,(2,2),(-7.,7.),.PIECEWISE_BEZIER_KNOTS.);
#2963 = CARTESIAN_POINT('',(7.,3.37));
#2964 = CARTESIAN_POINT('',(-7.,3.37));
#2965 = ( GEOMETRIC_REPRESENTATION_CONTEXT(2) 
PARAMETRIC_REPRESENTATION_CONTEXT() REPRESENTATION_CONTEXT('2D SPACE',''
  ) );
#2966 = ORIENTED_EDGE('',*,*,#2967,.F.);
#2967 = EDGE_CURVE('',#2755,#2942,#2968,.T.);
#2968 = SURFACE_CURVE('',#2969,(#2973,#2979),.PCURVE_S1.);
#2969 = LINE('',#2970,#2971);
#2970 = CARTESIAN_POINT('',(-5.339517329542,37.675,-5.));
#2971 = VECTOR('',#2972,1.);
#2972 = DIRECTION('',(0.,-1.,0.));
#2973 = PCURVE('',#1367,#2974);
#2974 = DEFINITIONAL_REPRESENTATION('',(#2975),#2978);
#2975 = B_SPLINE_CURVE_WITH_KNOTS('',1,(#2976,#2977),.UNSPECIFIED.,.F.,
  .F.,(2,2),(-8.735,5.999999999062E-07),.PIECEWISE_BEZIER_KNOTS.);
#2976 = CARTESIAN_POINT('',(-5.339517329542,46.41));
#2977 = CARTESIAN_POINT('',(-5.339517329542,37.6749994));
#2978 = ( GEOMETRIC_REPRESENTATION_CONTEXT(2) 
PARAMETRIC_REPRESENTATION_CONTEXT() REPRESENTATION_CONTEXT('2D SPACE',''
  ) );
#2979 = PCURVE('',#2143,#2980);
#2980 = DEFINITIONAL_REPRESENTATION('',(#2981),#2984);
#2981 = B_SPLINE_CURVE_WITH_KNOTS('',1,(#2982,#2983),.UNSPECIFIED.,.F.,
  .F.,(2,2),(-8.735,5.999999999062E-07),.PIECEWISE_BEZIER_KNOTS.);
#2982 = CARTESIAN_POINT('',(4.057213756159,-8.735));
#2983 = CARTESIAN_POINT('',(4.057213756159,5.999999999062E-07));
#2984 = ( GEOMETRIC_REPRESENTATION_CONTEXT(2) 
PARAMETRIC_REPRESENTATION_CONTEXT() REPRESENTATION_CONTEXT('2D SPACE',''
  ) );
#2985 = ORIENTED_EDGE('',*,*,#2782,.F.);
#2986 = ORIENTED_EDGE('',*,*,#1350,.F.);
#2987 = FACE_BOUND('',#2988,.T.);
#2988 = EDGE_LOOP('',(#2989));
#2989 = ORIENTED_EDGE('',*,*,#2990,.F.);
#2990 = EDGE_CURVE('',#2991,#2991,#2993,.T.);
#2991 = VERTEX_POINT('',#2992);
#2992 = CARTESIAN_POINT('',(2.5,-32.631,-5.));
#2993 = SURFACE_CURVE('',#2994,(#2999,#3006),.PCURVE_S1.);
#2994 = CIRCLE('',#2995,2.5);
#2995 = AXIS2_PLACEMENT_3D('',#2996,#2997,#2998);
#2996 = CARTESIAN_POINT('',(0.,-32.631,-5.));
#2997 = DIRECTION('',(0.,0.,1.));
#2998 = DIRECTION('',(1.,0.,-0.));
#2999 = PCURVE('',#1367,#3000);
#3000 = DEFINITIONAL_REPRESENTATION('',(#3001),#3005);
#3001 = CIRCLE('',#3002,2.5);
#3002 = AXIS2_PLACEMENT_2D('',#3003,#3004);
#3003 = CARTESIAN_POINT('',(1.450640679334E-15,-32.631));
#3004 = DIRECTION('',(1.,0.));
#3005 = ( GEOMETRIC_REPRESENTATION_CONTEXT(2) 
PARAMETRIC_REPRESENTATION_CONTEXT() REPRESENTATION_CONTEXT('2D SPACE',''
  ) );
#3006 = PCURVE('',#3007,#3012);
#3007 = CYLINDRICAL_SURFACE('',#3008,2.5);
#3008 = AXIS2_PLACEMENT_3D('',#3009,#3010,#3011);
#3009 = CARTESIAN_POINT('',(0.,-32.631,-5.));
#3010 = DIRECTION('',(0.,0.,1.));
#3011 = DIRECTION('',(1.,0.,-0.));
#3012 = DEFINITIONAL_REPRESENTATION('',(#3013),#3017);
#3013 = LINE('',#3014,#3015);
#3014 = CARTESIAN_POINT('',(0.,0.));
#3015 = VECTOR('',#3016,1.);
#3016 = DIRECTION('',(1.,0.));
#3017 = ( GEOMETRIC_REPRESENTATION_CONTEXT(2) 
PARAMETRIC_REPRESENTATION_CONTEXT() REPRESENTATION_CONTEXT('2D SPACE',''
  ) );
#3018 = FACE_BOUND('',#3019,.T.);
#3019 = EDGE_LOOP('',(#3020));
#3020 = ORIENTED_EDGE('',*,*,#3021,.F.);
#3021 = EDGE_CURVE('',#3022,#3022,#3024,.T.);
#3022 = VERTEX_POINT('',#3023);
#3023 = CARTESIAN_POINT('',(-121.075,-19.05,-5.));
#3024 = SURFACE_CURVE('',#3025,(#3030,#3037),.PCURVE_S1.);
#3025 = CIRCLE('',#3026,2.75);
#3026 = AXIS2_PLACEMENT_3D('',#3027,#3028,#3029);
#3027 = CARTESIAN_POINT('',(-123.825,-19.05,-5.));
#3028 = DIRECTION('',(0.,0.,1.));
#3029 = DIRECTION('',(1.,0.,-0.));
#3030 = PCURVE('',#1367,#3031);
#3031 = DEFINITIONAL_REPRESENTATION('',(#3032),#3036);
#3032 = CIRCLE('',#3033,2.75);
#3033 = AXIS2_PLACEMENT_2D('',#3034,#3035);
#3034 = CARTESIAN_POINT('',(-123.825,-19.05));
#3035 = DIRECTION('',(1.,0.));
#3036 = ( GEOMETRIC_REPRESENTATION_CONTEXT(2) 
PARAMETRIC_REPRESENTATION_CONTEXT() REPRESENTATION_CONTEXT('2D SPACE',''
  ) );
#3037 = PCURVE('',#3038,#3043);
#3038 = CYLINDRICAL_SURFACE('',#3039,2.75);
#3039 = AXIS2_PLACEMENT_3D('',#3040,#3041,#3042);
#3040 = CARTESIAN_POINT('',(-123.825,-19.05,-5.));
#3041 = DIRECTION('',(0.,0.,1.));
#3042 = DIRECTION('',(1.,0.,-0.));
#3043 = DEFINITIONAL_REPRESENTATION('',(#3044),#3048);
#3044 = LINE('',#3045,#3046);
#3045 = CARTESIAN_POINT('',(0.,0.));
#3046 = VECTOR('',#3047,1.);
#3047 = DIRECTION('',(1.,0.));
#3048 = ( GEOMETRIC_REPRESENTATION_CONTEXT(2) 
PARAMETRIC_REPRESENTATION_CONTEXT() REPRESENTATION_CONTEXT('2D SPACE',''
  ) );
#3049 = FACE_BOUND('',#3050,.T.);
#3050 = EDGE_LOOP('',(#3051));
#3051 = ORIENTED_EDGE('',*,*,#3052,.F.);
#3052 = EDGE_CURVE('',#3053,#3053,#3055,.T.);
#3053 = VERTEX_POINT('',#3054);
#3054 = CARTESIAN_POINT('',(-44.875,-19.05,-5.));
#3055 = SURFACE_CURVE('',#3056,(#3061,#3068),.PCURVE_S1.);
#3056 = CIRCLE('',#3057,2.75);
#3057 = AXIS2_PLACEMENT_3D('',#3058,#3059,#3060);
#3058 = CARTESIAN_POINT('',(-47.625,-19.05,-5.));
#3059 = DIRECTION('',(0.,0.,1.));
#3060 = DIRECTION('',(1.,0.,-0.));
#3061 = PCURVE('',#1367,#3062);
#3062 = DEFINITIONAL_REPRESENTATION('',(#3063),#3067);
#3063 = CIRCLE('',#3064,2.75);
#3064 = AXIS2_PLACEMENT_2D('',#3065,#3066);
#3065 = CARTESIAN_POINT('',(-47.625,-19.05));
#3066 = DIRECTION('',(1.,0.));
#3067 = ( GEOMETRIC_REPRESENTATION_CONTEXT(2) 
PARAMETRIC_REPRESENTATION_CONTEXT() REPRESENTATION_CONTEXT('2D SPACE',''
  ) );
#3068 = PCURVE('',#3069,#3074);
#3069 = CYLINDRICAL_SURFACE('',#3070,2.75);
#3070 = AXIS2_PLACEMENT_3D('',#3071,#3072,#3073);
#3071 = CARTESIAN_POINT('',(-47.625,-19.05,-5.));
#3072 = DIRECTION('',(0.,0.,1.));
#3073 = DIRECTION('',(1.,0.,-0.));
#3074 = DEFINITIONAL_REPRESENTATION('',(#3075),#3079);
#3075 = LINE('',#3076,#3077);
#3076 = CARTESIAN_POINT('',(0.,0.));
#3077 = VECTOR('',#3078,1.);
#3078 = DIRECTION('',(1.,0.));
#3079 = ( GEOMETRIC_REPRESENTATION_CONTEXT(2) 
PARAMETRIC_REPRESENTATION_CONTEXT() REPRESENTATION_CONTEXT('2D SPACE',''
  ) );
#3080 = FACE_BOUND('',#3081,.T.);
#3081 = EDGE_LOOP('',(#3082));
#3082 = ORIENTED_EDGE('',*,*,#3083,.F.);
#3083 = EDGE_CURVE('',#3084,#3084,#3086,.T.);
#3084 = VERTEX_POINT('',#3085);
#3085 = CARTESIAN_POINT('',(50.375,-19.05,-5.));
#3086 = SURFACE_CURVE('',#3087,(#3092,#3099),.PCURVE_S1.);
#3087 = CIRCLE('',#3088,2.75);
#3088 = AXIS2_PLACEMENT_3D('',#3089,#3090,#3091);
#3089 = CARTESIAN_POINT('',(47.625,-19.05,-5.));
#3090 = DIRECTION('',(0.,0.,1.));
#3091 = DIRECTION('',(1.,0.,-0.));
#3092 = PCURVE('',#1367,#3093);
#3093 = DEFINITIONAL_REPRESENTATION('',(#3094),#3098);
#3094 = CIRCLE('',#3095,2.75);
#3095 = AXIS2_PLACEMENT_2D('',#3096,#3097);
#3096 = CARTESIAN_POINT('',(47.625,-19.05));
#3097 = DIRECTION('',(1.,0.));
#3098 = ( GEOMETRIC_REPRESENTATION_CONTEXT(2) 
PARAMETRIC_REPRESENTATION_CONTEXT() REPRESENTATION_CONTEXT('2D SPACE',''
  ) );
#3099 = PCURVE('',#3100,#3105);
#3100 = CYLINDRICAL_SURFACE('',#3101,2.75);
#3101 = AXIS2_PLACEMENT_3D('',#3102,#3103,#3104);
#3102 = CARTESIAN_POINT('',(47.625,-19.05,-5.));
#3103 = DIRECTION('',(0.,0.,1.));
#3104 = DIRECTION('',(1.,0.,-0.));
#3105 = DEFINITIONAL_REPRESENTATION('',(#3106),#3110);
#3106 = LINE('',#3107,#3108);
#3107 = CARTESIAN_POINT('',(0.,0.));
#3108 = VECTOR('',#3109,1.);
#3109 = DIRECTION('',(1.,0.));
#3110 = ( GEOMETRIC_REPRESENTATION_CONTEXT(2) 
PARAMETRIC_REPRESENTATION_CONTEXT() REPRESENTATION_CONTEXT('2D SPACE',''
  ) );
#3111 = FACE_BOUND('',#3112,.T.);
#3112 = EDGE_LOOP('',(#3113));
#3113 = ORIENTED_EDGE('',*,*,#3114,.F.);
#3114 = EDGE_CURVE('',#3115,#3115,#3117,.T.);
#3115 = VERTEX_POINT('',#3116);
#3116 = CARTESIAN_POINT('',(126.575,-19.05,-5.));
#3117 = SURFACE_CURVE('',#3118,(#3123,#3130),.PCURVE_S1.);
#3118 = CIRCLE('',#3119,2.75);
#3119 = AXIS2_PLACEMENT_3D('',#3120,#3121,#3122);
#3120 = CARTESIAN_POINT('',(123.825,-19.05,-5.));
#3121 = DIRECTION('',(0.,0.,1.));
#3122 = DIRECTION('',(1.,0.,-0.));
#3123 = PCURVE('',#1367,#3124);
#3124 = DEFINITIONAL_REPRESENTATION('',(#3125),#3129);
#3125 = CIRCLE('',#3126,2.75);
#3126 = AXIS2_PLACEMENT_2D('',#3127,#3128);
#3127 = CARTESIAN_POINT('',(123.825,-19.05));
#3128 = DIRECTION('',(1.,0.));
#3129 = ( GEOMETRIC_REPRESENTATION_CONTEXT(2) 
PARAMETRIC_REPRESENTATION_CONTEXT() REPRESENTATION_CONTEXT('2D SPACE',''
  ) );
#3130 = PCURVE('',#3131,#3136);
#3131 = CYLINDRICAL_SURFACE('',#3132,2.75);
#3132 = AXIS2_PLACEMENT_3D('',#3133,#3134,#3135);
#3133 = CARTESIAN_POINT('',(123.825,-19.05,-5.));
#3134 = DIRECTION('',(0.,0.,1.));
#3135 = DIRECTION('',(1.,0.,-0.));
#3136 = DEFINITIONAL_REPRESENTATION('',(#3137),#3141);
#3137 = LINE('',#3138,#3139);
#3138 = CARTESIAN_POINT('',(0.,0.));
#3139 = VECTOR('',#3140,1.);
#3140 = DIRECTION('',(1.,0.));
#3141 = ( GEOMETRIC_REPRESENTATION_CONTEXT(2) 
PARAMETRIC_REPRESENTATION_CONTEXT() REPRESENTATION_CONTEXT('2D SPACE',''
  ) );
#3142 = FACE_BOUND('',#3143,.T.);
#3143 = EDGE_LOOP('',(#3144));
#3144 = ORIENTED_EDGE('',*,*,#3145,.F.);
#3145 = EDGE_CURVE('',#3146,#3146,#3148,.T.);
#3146 = VERTEX_POINT('',#3147);
#3147 = CARTESIAN_POINT('',(-121.075,19.05,-5.));
#3148 = SURFACE_CURVE('',#3149,(#3154,#3161),.PCURVE_S1.);
#3149 = CIRCLE('',#3150,2.75);
#3150 = AXIS2_PLACEMENT_3D('',#3151,#3152,#3153);
#3151 = CARTESIAN_POINT('',(-123.825,19.05,-5.));
#3152 = DIRECTION('',(0.,0.,1.));
#3153 = DIRECTION('',(1.,0.,-0.));
#3154 = PCURVE('',#1367,#3155);
#3155 = DEFINITIONAL_REPRESENTATION('',(#3156),#3160);
#3156 = CIRCLE('',#3157,2.75);
#3157 = AXIS2_PLACEMENT_2D('',#3158,#3159);
#3158 = CARTESIAN_POINT('',(-123.825,19.05));
#3159 = DIRECTION('',(1.,0.));
#3160 = ( GEOMETRIC_REPRESENTATION_CONTEXT(2) 
PARAMETRIC_REPRESENTATION_CONTEXT() REPRESENTATION_CONTEXT('2D SPACE',''
  ) );
#3161 = PCURVE('',#3162,#3167);
#3162 = CYLINDRICAL_SURFACE('',#3163,2.75);
#3163 = AXIS2_PLACEMENT_3D('',#3164,#3165,#3166);
#3164 = CARTESIAN_POINT('',(-123.825,19.05,-5.));
#3165 = DIRECTION('',(0.,0.,1.));
#3166 = DIRECTION('',(1.,0.,-0.));
#3167 = DEFINITIONAL_REPRESENTATION('',(#3168),#3172);
#3168 = LINE('',#3169,#3170);
#3169 = CARTESIAN_POINT('',(0.,0.));
#3170 = VECTOR('',#3171,1.);
#3171 = DIRECTION('',(1.,0.));
#3172 = ( GEOMETRIC_REPRESENTATION_CONTEXT(2) 
PARAMETRIC_REPRESENTATION_CONTEXT() REPRESENTATION_CONTEXT('2D SPACE',''
  ) );
#3173 = FACE_BOUND('',#3174,.T.);
#3174 = EDGE_LOOP('',(#3175));
#3175 = ORIENTED_EDGE('',*,*,#3176,.F.);
#3176 = EDGE_CURVE('',#3177,#3177,#3179,.T.);
#3177 = VERTEX_POINT('',#3178);
#3178 = CARTESIAN_POINT('',(-44.875,19.05,-5.));
#3179 = SURFACE_CURVE('',#3180,(#3185,#3192),.PCURVE_S1.);
#3180 = CIRCLE('',#3181,2.75);
#3181 = AXIS2_PLACEMENT_3D('',#3182,#3183,#3184);
#3182 = CARTESIAN_POINT('',(-47.625,19.05,-5.));
#3183 = DIRECTION('',(0.,0.,1.));
#3184 = DIRECTION('',(1.,0.,-0.));
#3185 = PCURVE('',#1367,#3186);
#3186 = DEFINITIONAL_REPRESENTATION('',(#3187),#3191);
#3187 = CIRCLE('',#3188,2.75);
#3188 = AXIS2_PLACEMENT_2D('',#3189,#3190);
#3189 = CARTESIAN_POINT('',(-47.625,19.05));
#3190 = DIRECTION('',(1.,0.));
#3191 = ( GEOMETRIC_REPRESENTATION_CONTEXT(2) 
PARAMETRIC_REPRESENTATION_CONTEXT() REPRESENTATION_CONTEXT('2D SPACE',''
  ) );
#3192 = PCURVE('',#3193,#3198);
#3193 = CYLINDRICAL_SURFACE('',#3194,2.75);
#3194 = AXIS2_PLACEMENT_3D('',#3195,#3196,#3197);
#3195 = CARTESIAN_POINT('',(-47.625,19.05,-5.));
#3196 = DIRECTION('',(0.,0.,1.));
#3197 = DIRECTION('',(1.,0.,-0.));
#3198 = DEFINITIONAL_REPRESENTATION('',(#3199),#3203);
#3199 = LINE('',#3200,#3201);
#3200 = CARTESIAN_POINT('',(0.,0.));
#3201 = VECTOR('',#3202,1.);
#3202 = DIRECTION('',(1.,0.));
#3203 = ( GEOMETRIC_REPRESENTATION_CONTEXT(2) 
PARAMETRIC_REPRESENTATION_CONTEXT() REPRESENTATION_CONTEXT('2D SPACE',''
  ) );
#3204 = FACE_BOUND('',#3205,.T.);
#3205 = EDGE_LOOP('',(#3206));
#3206 = ORIENTED_EDGE('',*,*,#3207,.F.);
#3207 = EDGE_CURVE('',#3208,#3208,#3210,.T.);
#3208 = VERTEX_POINT('',#3209);
#3209 = CARTESIAN_POINT('',(2.5,24.869,-5.));
#3210 = SURFACE_CURVE('',#3211,(#3216,#3223),.PCURVE_S1.);
#3211 = CIRCLE('',#3212,2.5);
#3212 = AXIS2_PLACEMENT_3D('',#3213,#3214,#3215);
#3213 = CARTESIAN_POINT('',(0.,24.869,-5.));
#3214 = DIRECTION('',(0.,0.,1.));
#3215 = DIRECTION('',(1.,0.,-0.));
#3216 = PCURVE('',#1367,#3217);
#3217 = DEFINITIONAL_REPRESENTATION('',(#3218),#3222);
#3218 = CIRCLE('',#3219,2.5);
#3219 = AXIS2_PLACEMENT_2D('',#3220,#3221);
#3220 = CARTESIAN_POINT('',(1.450640679334E-15,24.869));
#3221 = DIRECTION('',(1.,0.));
#3222 = ( GEOMETRIC_REPRESENTATION_CONTEXT(2) 
PARAMETRIC_REPRESENTATION_CONTEXT() REPRESENTATION_CONTEXT('2D SPACE',''
  ) );
#3223 = PCURVE('',#3224,#3229);
#3224 = CYLINDRICAL_SURFACE('',#3225,2.5);
#3225 = AXIS2_PLACEMENT_3D('',#3226,#3227,#3228);
#3226 = CARTESIAN_POINT('',(0.,24.869,-5.));
#3227 = DIRECTION('',(0.,0.,1.));
#3228 = DIRECTION('',(1.,0.,-0.));
#3229 = DEFINITIONAL_REPRESENTATION('',(#3230),#3234);
#3230 = LINE('',#3231,#3232);
#3231 = CARTESIAN_POINT('',(0.,0.));
#3232 = VECTOR('',#3233,1.);
#3233 = DIRECTION('',(1.,0.));
#3234 = ( GEOMETRIC_REPRESENTATION_CONTEXT(2) 
PARAMETRIC_REPRESENTATION_CONTEXT() REPRESENTATION_CONTEXT('2D SPACE',''
  ) );
#3235 = FACE_BOUND('',#3236,.T.);
#3236 = EDGE_LOOP('',(#3237));
#3237 = ORIENTED_EDGE('',*,*,#3238,.F.);
#3238 = EDGE_CURVE('',#3239,#3239,#3241,.T.);
#3239 = VERTEX_POINT('',#3240);
#3240 = CARTESIAN_POINT('',(50.375,19.05,-5.));
#3241 = SURFACE_CURVE('',#3242,(#3247,#3254),.PCURVE_S1.);
#3242 = CIRCLE('',#3243,2.75);
#3243 = AXIS2_PLACEMENT_3D('',#3244,#3245,#3246);
#3244 = CARTESIAN_POINT('',(47.625,19.05,-5.));
#3245 = DIRECTION('',(0.,0.,1.));
#3246 = DIRECTION('',(1.,0.,-0.));
#3247 = PCURVE('',#1367,#3248);
#3248 = DEFINITIONAL_REPRESENTATION('',(#3249),#3253);
#3249 = CIRCLE('',#3250,2.75);
#3250 = AXIS2_PLACEMENT_2D('',#3251,#3252);
#3251 = CARTESIAN_POINT('',(47.625,19.05));
#3252 = DIRECTION('',(1.,0.));
#3253 = ( GEOMETRIC_REPRESENTATION_CONTEXT(2) 
PARAMETRIC_REPRESENTATION_CONTEXT() REPRESENTATION_CONTEXT('2D SPACE',''
  ) );
#3254 = PCURVE('',#3255,#3260);
#3255 = CYLINDRICAL_SURFACE('',#3256,2.75);
#3256 = AXIS2_PLACEMENT_3D('',#3257,#3258,#3259);
#3257 = CARTESIAN_POINT('',(47.625,19.05,-5.));
#3258 = DIRECTION('',(0.,0.,1.));
#3259 = DIRECTION('',(1.,0.,-0.));
#3260 = DEFINITIONAL_REPRESENTATION('',(#3261),#3265);
#3261 = LINE('',#3262,#3263);
#3262 = CARTESIAN_POINT('',(0.,0.));
#3263 = VECTOR('',#3264,1.);
#3264 = DIRECTION('',(1.,0.));
#3265 = ( GEOMETRIC_REPRESENTATION_CONTEXT(2) 
PARAMETRIC_REPRESENTATION_CONTEXT() REPRESENTATION_CONTEXT('2D SPACE',''
  ) );
#3266 = FACE_BOUND('',#3267,.T.);
#3267 = EDGE_LOOP('',(#3268));
#3268 = ORIENTED_EDGE('',*,*,#3269,.F.);
#3269 = EDGE_CURVE('',#3270,#3270,#3272,.T.);
#3270 = VERTEX_POINT('',#3271);
#3271 = CARTESIAN_POINT('',(126.575,19.05,-5.));
#3272 = SURFACE_CURVE('',#3273,(#3278,#3285),.PCURVE_S1.);
#3273 = CIRCLE('',#3274,2.75);
#3274 = AXIS2_PLACEMENT_3D('',#3275,#3276,#3277);
#3275 = CARTESIAN_POINT('',(123.825,19.05,-5.));
#3276 = DIRECTION('',(0.,0.,1.));
#3277 = DIRECTION('',(1.,0.,-0.));
#3278 = PCURVE('',#1367,#3279);
#3279 = DEFINITIONAL_REPRESENTATION('',(#3280),#3284);
#3280 = CIRCLE('',#3281,2.75);
#3281 = AXIS2_PLACEMENT_2D('',#3282,#3283);
#3282 = CARTESIAN_POINT('',(123.825,19.05));
#3283 = DIRECTION('',(1.,0.));
#3284 = ( GEOMETRIC_REPRESENTATION_CONTEXT(2) 
PARAMETRIC_REPRESENTATION_CONTEXT() REPRESENTATION_CONTEXT('2D SPACE',''
  ) );
#3285 = PCURVE('',#3286,#3291);
#3286 = CYLINDRICAL_SURFACE('',#3287,2.75);
#3287 = AXIS2_PLACEMENT_3D('',#3288,#3289,#3290);
#3288 = CARTESIAN_POINT('',(123.825,19.05,-5.));
#3289 = DIRECTION('',(0.,0.,1.));
#3290 = DIRECTION('',(1.,0.,-0.));
#3291 = DEFINITIONAL_REPRESENTATION('',(#3292),#3296);
#3292 = LINE('',#3293,#3294);
#3293 = CARTESIAN_POINT('',(0.,0.));
#3294 = VECTOR('',#3295,1.);
#3295 = DIRECTION('',(1.,0.));
#3296 = ( GEOMETRIC_REPRESENTATION_CONTEXT(2) 
PARAMETRIC_REPRESENTATION_CONTEXT() REPRESENTATION_CONTEXT('2D SPACE',''
  ) );
#3297 = ADVANCED_FACE('',(#3298),#1427,.T.);
#3298 = FACE_BOUND('',#3299,.F.);
#3299 = EDGE_LOOP('',(#3300,#3326,#3347,#3348));
#3300 = ORIENTED_EDGE('',*,*,#3301,.T.);
#3301 = EDGE_CURVE('',#1412,#3302,#3304,.T.);
#3302 = VERTEX_POINT('',#3303);
#3303 = CARTESIAN_POINT('',(-146.95,-35.1453780847,-11.21181209431));
#3304 = SURFACE_CURVE('',#3305,(#3310,#3316),.PCURVE_S1.);
#3305 = CIRCLE('',#3306,4.5);
#3306 = AXIS2_PLACEMENT_3D('',#3307,#3308,#3309);
#3307 = CARTESIAN_POINT('',(-146.95,-34.675,-6.736463565152));
#3308 = DIRECTION('',(0.,-0.994521895368,0.104528463268));
#3309 = DIRECTION('',(-1.,0.,0.));
#3310 = PCURVE('',#1427,#3311);
#3311 = DEFINITIONAL_REPRESENTATION('',(#3312),#3315);
#3312 = B_SPLINE_CURVE_WITH_KNOTS('',1,(#3313,#3314),.UNSPECIFIED.,.F.,
  .F.,(2,2),(0.,1.570796326795),.PIECEWISE_BEZIER_KNOTS.);
#3313 = CARTESIAN_POINT('',(0.,-0.472969058696));
#3314 = CARTESIAN_POINT('',(-1.570796326795,-0.472969058696));
#3315 = ( GEOMETRIC_REPRESENTATION_CONTEXT(2) 
PARAMETRIC_REPRESENTATION_CONTEXT() REPRESENTATION_CONTEXT('2D SPACE',''
  ) );
#3316 = PCURVE('',#2482,#3317);
#3317 = DEFINITIONAL_REPRESENTATION('',(#3318),#3325);
#3318 = B_SPLINE_CURVE_WITH_KNOTS('',5,(#3319,#3320,#3321,#3322,#3323,
    #3324),.UNSPECIFIED.,.F.,.F.,(6,6),(0.,1.570796326795),
  .PIECEWISE_BEZIER_KNOTS.);
#3319 = CARTESIAN_POINT('',(0.,1.545266954853E+03));
#3320 = CARTESIAN_POINT('',(4.0937649605,1.545266954853E+03));
#3321 = CARTESIAN_POINT('',(7.52424396798,1.545266954853E+03));
#3322 = CARTESIAN_POINT('',(10.904176642745,1.545266954853E+03));
#3323 = CARTESIAN_POINT('',(14.334651981756,1.545266954853E+03));
#3324 = CARTESIAN_POINT('',(18.428416942257,1.545266954853E+03));
#3325 = ( GEOMETRIC_REPRESENTATION_CONTEXT(2) 
PARAMETRIC_REPRESENTATION_CONTEXT() REPRESENTATION_CONTEXT('2D SPACE',''
  ) );
#3326 = ORIENTED_EDGE('',*,*,#3327,.T.);
#3327 = EDGE_CURVE('',#3302,#1720,#3328,.T.);
#3328 = SURFACE_CURVE('',#3329,(#3333,#3340),.PCURVE_S1.);
#3329 = LINE('',#3330,#3331);
#3330 = CARTESIAN_POINT('',(-146.95,-34.675,-11.26125082318));
#3331 = VECTOR('',#3332,1.);
#3332 = DIRECTION('',(0.,0.994521895368,-0.104528463268));
#3333 = PCURVE('',#1427,#3334);
#3334 = DEFINITIONAL_REPRESENTATION('',(#3335),#3339);
#3335 = LINE('',#3336,#3337);
#3336 = CARTESIAN_POINT('',(-1.570796326795,0.));
#3337 = VECTOR('',#3338,1.);
#3338 = DIRECTION('',(-0.,1.));
#3339 = ( GEOMETRIC_REPRESENTATION_CONTEXT(2) 
PARAMETRIC_REPRESENTATION_CONTEXT() REPRESENTATION_CONTEXT('2D SPACE',''
  ) );
#3340 = PCURVE('',#1800,#3341);
#3341 = DEFINITIONAL_REPRESENTATION('',(#3342),#3346);
#3342 = LINE('',#3343,#3344);
#3343 = CARTESIAN_POINT('',(12.066099354762,146.95));
#3344 = VECTOR('',#3345,1.);
#3345 = DIRECTION('',(1.,0.));
#3346 = ( GEOMETRIC_REPRESENTATION_CONTEXT(2) 
PARAMETRIC_REPRESENTATION_CONTEXT() REPRESENTATION_CONTEXT('2D SPACE',''
  ) );
#3347 = ORIENTED_EDGE('',*,*,#1719,.F.);
#3348 = ORIENTED_EDGE('',*,*,#1411,.F.);
#3349 = ADVANCED_FACE('',(#3350),#1626,.F.);
#3350 = FACE_BOUND('',#3351,.F.);
#3351 = EDGE_LOOP('',(#3352,#3387,#3417,#3418));
#3352 = ORIENTED_EDGE('',*,*,#3353,.T.);
#3353 = EDGE_CURVE('',#1571,#3354,#3356,.T.);
#3354 = VERTEX_POINT('',#3355);
#3355 = CARTESIAN_POINT('',(143.43780458585,36.895528747481,9.6));
#3356 = SURFACE_CURVE('',#3357,(#3362,#3376),.PCURVE_S1.);
#3357 = CIRCLE('',#3358,1.);
#3358 = AXIS2_PLACEMENT_3D('',#3359,#3360,#3361);
#3359 = CARTESIAN_POINT('',(144.43170687877,37.005793121222,9.6));
#3360 = DIRECTION('',(0.110264373741,-0.993902292926,0.));
#3361 = DIRECTION('',(0.993902292926,0.110264373741,0.));
#3362 = PCURVE('',#1626,#3363);
#3363 = DEFINITIONAL_REPRESENTATION('',(#3364),#3375);
#3364 = B_SPLINE_CURVE_WITH_KNOTS('',9,(#3365,#3366,#3367,#3368,#3369,
    #3370,#3371,#3372,#3373,#3374),.UNSPECIFIED.,.F.,.F.,(10,10),(
    1.570796326795,3.14159265359),.PIECEWISE_BEZIER_KNOTS.);
#3365 = CARTESIAN_POINT('',(4.440892098501E-16,436.10416339072));
#3366 = CARTESIAN_POINT('',(0.33317135792,436.10416339071));
#3367 = CARTESIAN_POINT('',(0.639245936724,436.10416339073));
#3368 = CARTESIAN_POINT('',(0.929339374251,436.1041633907));
#3369 = CARTESIAN_POINT('',(1.210576756789,436.10416339073));
#3370 = CARTESIAN_POINT('',(1.489059729718,436.10416339071));
#3371 = CARTESIAN_POINT('',(1.770297112254,436.10416339072));
#3372 = CARTESIAN_POINT('',(2.060390549783,436.10416339071));
#3373 = CARTESIAN_POINT('',(2.366465128586,436.10416339072));
#3374 = CARTESIAN_POINT('',(2.699636486507,436.10416339072));
#3375 = ( GEOMETRIC_REPRESENTATION_CONTEXT(2) 
PARAMETRIC_REPRESENTATION_CONTEXT() REPRESENTATION_CONTEXT('2D SPACE',''
  ) );
#3376 = PCURVE('',#3377,#3382);
#3377 = TOROIDAL_SURFACE('',#3378,3.,1.);
#3378 = AXIS2_PLACEMENT_3D('',#3379,#3380,#3381);
#3379 = CARTESIAN_POINT('',(141.45,36.675,9.6));
#3380 = DIRECTION('',(0.,0.,1.));
#3381 = DIRECTION('',(1.,0.,-0.));
#3382 = DEFINITIONAL_REPRESENTATION('',(#3383),#3386);
#3383 = B_SPLINE_CURVE_WITH_KNOTS('',1,(#3384,#3385),.UNSPECIFIED.,.F.,
  .F.,(2,2),(1.570796326795,3.14159265359),.PIECEWISE_BEZIER_KNOTS.);
#3384 = CARTESIAN_POINT('',(0.110489041771,1.570796326795));
#3385 = CARTESIAN_POINT('',(0.110489041771,3.14159265359));
#3386 = ( GEOMETRIC_REPRESENTATION_CONTEXT(2) 
PARAMETRIC_REPRESENTATION_CONTEXT() REPRESENTATION_CONTEXT('2D SPACE',''
  ) );
#3387 = ORIENTED_EDGE('',*,*,#3388,.T.);
#3388 = EDGE_CURVE('',#3354,#1659,#3389,.T.);
#3389 = SURFACE_CURVE('',#3390,(#3398,#3405),.PCURVE_S1.);
#3390 = ( BOUNDED_CURVE() B_SPLINE_CURVE(6,(#3391,#3392,#3393,#3394,
#3395,#3396,#3397),.UNSPECIFIED.,.F.,.F.) B_SPLINE_CURVE_WITH_KNOTS((7,7
),(436.10416339072,438.80379987722),.PIECEWISE_BEZIER_KNOTS.) CURVE() 
GEOMETRIC_REPRESENTATION_ITEM() RATIONAL_B_SPLINE_CURVE((1.,1.,1.,1.,1.,
1.,1.)) REPRESENTATION_ITEM('') );
#3391 = CARTESIAN_POINT('',(143.43780458585,36.895528747481,9.6));
#3392 = CARTESIAN_POINT('',(143.38819238996,37.342723735127,9.6));
#3393 = CARTESIAN_POINT('',(143.21786709737,37.776512826225,
    9.589942922921));
#3394 = CARTESIAN_POINT('',(142.93125685371,38.156256853715,
    9.583680023657));
#3395 = CARTESIAN_POINT('',(142.55151282622,38.442867097372,
    9.589942922921));
#3396 = CARTESIAN_POINT('',(142.11772373512,38.613192389961,9.6));
#3397 = CARTESIAN_POINT('',(141.67052874748,38.662804585852,9.6));
#3398 = PCURVE('',#1626,#3399);
#3399 = DEFINITIONAL_REPRESENTATION('',(#3400),#3404);
#3400 = LINE('',#3401,#3402);
#3401 = CARTESIAN_POINT('',(2.699636486507,0.));
#3402 = VECTOR('',#3403,1.);
#3403 = DIRECTION('',(0.,1.));
#3404 = ( GEOMETRIC_REPRESENTATION_CONTEXT(2) 
PARAMETRIC_REPRESENTATION_CONTEXT() REPRESENTATION_CONTEXT('2D SPACE',''
  ) );
#3405 = PCURVE('',#1704,#3406);
#3406 = DEFINITIONAL_REPRESENTATION('',(#3407),#3416);
#3407 = B_SPLINE_CURVE_WITH_KNOTS('',7,(#3408,#3409,#3410,#3411,#3412,
    #3413,#3414,#3415),.UNSPECIFIED.,.F.,.F.,(8,8),(436.10416339072,
    438.80379987722),.PIECEWISE_BEZIER_KNOTS.);
#3408 = CARTESIAN_POINT('',(3.031103611819,-14.6));
#3409 = CARTESIAN_POINT('',(2.838272791255,-14.6));
#3410 = CARTESIAN_POINT('',(2.645447647353,-14.59281640983));
#3411 = CARTESIAN_POINT('',(2.452593028975,-14.58636408928));
#3412 = CARTESIAN_POINT('',(2.259795951409,-14.58636408928));
#3413 = CARTESIAN_POINT('',(2.066941333033,-14.59281640983));
#3414 = CARTESIAN_POINT('',(1.874116189129,-14.6));
#3415 = CARTESIAN_POINT('',(1.681285368566,-14.6));
#3416 = ( GEOMETRIC_REPRESENTATION_CONTEXT(2) 
PARAMETRIC_REPRESENTATION_CONTEXT() REPRESENTATION_CONTEXT('2D SPACE',''
  ) );
#3417 = ORIENTED_EDGE('',*,*,#1658,.F.);
#3418 = ORIENTED_EDGE('',*,*,#1603,.F.);
#3419 = ADVANCED_FACE('',(#3420),#1587,.T.);
#3420 = FACE_BOUND('',#3421,.T.);
#3421 = EDGE_LOOP('',(#3422,#3452,#3473,#3474,#3498,#3526));
#3422 = ORIENTED_EDGE('',*,*,#3423,.F.);
#3423 = EDGE_CURVE('',#3424,#3426,#3428,.T.);
#3424 = VERTEX_POINT('',#3425);
#3425 = CARTESIAN_POINT('',(144.95,-34.675,10.6));
#3426 = VERTEX_POINT('',#3427);
#3427 = CARTESIAN_POINT('',(144.43170687877,-37.00579312122,10.6));
#3428 = SURFACE_CURVE('',#3429,(#3434,#3445),.PCURVE_S1.);
#3429 = CIRCLE('',#3430,5.5);
#3430 = AXIS2_PLACEMENT_3D('',#3431,#3432,#3433);
#3431 = CARTESIAN_POINT('',(139.45,-34.675,10.6));
#3432 = DIRECTION('',(0.,-0.,-1.));
#3433 = DIRECTION('',(1.,0.,-0.));
#3434 = PCURVE('',#1587,#3435);
#3435 = DEFINITIONAL_REPRESENTATION('',(#3436),#3444);
#3436 = ( BOUNDED_CURVE() B_SPLINE_CURVE(2,(#3437,#3438,#3439,#3440,
#3441,#3442,#3443),.UNSPECIFIED.,.T.,.F.) B_SPLINE_CURVE_WITH_KNOTS((1,2
    ,2,2,2,1),(-2.094395102393,0.,2.094395102393,4.188790204786,
6.28318530718,8.377580409573),.UNSPECIFIED.) CURVE() 
GEOMETRIC_REPRESENTATION_ITEM() RATIONAL_B_SPLINE_CURVE((1.,0.5,1.,0.5,
1.,0.5,1.)) REPRESENTATION_ITEM('') );
#3437 = CARTESIAN_POINT('',(144.95,-34.675));
#3438 = CARTESIAN_POINT('',(144.95,-44.20127944162));
#3439 = CARTESIAN_POINT('',(136.7,-39.43813972081));
#3440 = CARTESIAN_POINT('',(128.45,-34.675));
#3441 = CARTESIAN_POINT('',(136.7,-29.91186027918));
#3442 = CARTESIAN_POINT('',(144.95,-25.14872055837));
#3443 = CARTESIAN_POINT('',(144.95,-34.675));
#3444 = ( GEOMETRIC_REPRESENTATION_CONTEXT(2) 
PARAMETRIC_REPRESENTATION_CONTEXT() REPRESENTATION_CONTEXT('2D SPACE',''
  ) );
#3445 = PCURVE('',#2203,#3446);
#3446 = DEFINITIONAL_REPRESENTATION('',(#3447),#3451);
#3447 = LINE('',#3448,#3449);
#3448 = CARTESIAN_POINT('',(-0.,1.570796326795));
#3449 = VECTOR('',#3450,1.);
#3450 = DIRECTION('',(-1.,0.));
#3451 = ( GEOMETRIC_REPRESENTATION_CONTEXT(2) 
PARAMETRIC_REPRESENTATION_CONTEXT() REPRESENTATION_CONTEXT('2D SPACE',''
  ) );
#3452 = ORIENTED_EDGE('',*,*,#3453,.F.);
#3453 = EDGE_CURVE('',#1544,#3424,#3454,.T.);
#3454 = SURFACE_CURVE('',#3455,(#3459,#3466),.PCURVE_S1.);
#3455 = LINE('',#3456,#3457);
#3456 = CARTESIAN_POINT('',(144.95,34.675,10.6));
#3457 = VECTOR('',#3458,1.);
#3458 = DIRECTION('',(-0.,-1.,-0.));
#3459 = PCURVE('',#1587,#3460);
#3460 = DEFINITIONAL_REPRESENTATION('',(#3461),#3465);
#3461 = LINE('',#3462,#3463);
#3462 = CARTESIAN_POINT('',(144.95,34.675));
#3463 = VECTOR('',#3464,1.);
#3464 = DIRECTION('',(-0.,-1.));
#3465 = ( GEOMETRIC_REPRESENTATION_CONTEXT(2) 
PARAMETRIC_REPRESENTATION_CONTEXT() REPRESENTATION_CONTEXT('2D SPACE',''
  ) );
#3466 = PCURVE('',#1559,#3467);
#3467 = DEFINITIONAL_REPRESENTATION('',(#3468),#3472);
#3468 = LINE('',#3469,#3470);
#3469 = CARTESIAN_POINT('',(1.570796326795,0.));
#3470 = VECTOR('',#3471,1.);
#3471 = DIRECTION('',(0.,1.));
#3472 = ( GEOMETRIC_REPRESENTATION_CONTEXT(2) 
PARAMETRIC_REPRESENTATION_CONTEXT() REPRESENTATION_CONTEXT('2D SPACE',''
  ) );
#3473 = ORIENTED_EDGE('',*,*,#1570,.F.);
#3474 = ORIENTED_EDGE('',*,*,#3475,.F.);
#3475 = EDGE_CURVE('',#3476,#1571,#3478,.T.);
#3476 = VERTEX_POINT('',#3477);
#3477 = CARTESIAN_POINT('',(144.45,36.675,10.6));
#3478 = SURFACE_CURVE('',#3479,(#3484,#3491),.PCURVE_S1.);
#3479 = CIRCLE('',#3480,3.);
#3480 = AXIS2_PLACEMENT_3D('',#3481,#3482,#3483);
#3481 = CARTESIAN_POINT('',(141.45,36.675,10.6));
#3482 = DIRECTION('',(0.,0.,1.));
#3483 = DIRECTION('',(1.,0.,-0.));
#3484 = PCURVE('',#1587,#3485);
#3485 = DEFINITIONAL_REPRESENTATION('',(#3486),#3490);
#3486 = CIRCLE('',#3487,3.);
#3487 = AXIS2_PLACEMENT_2D('',#3488,#3489);
#3488 = CARTESIAN_POINT('',(141.45,36.675));
#3489 = DIRECTION('',(1.,0.));
#3490 = ( GEOMETRIC_REPRESENTATION_CONTEXT(2) 
PARAMETRIC_REPRESENTATION_CONTEXT() REPRESENTATION_CONTEXT('2D SPACE',''
  ) );
#3491 = PCURVE('',#3377,#3492);
#3492 = DEFINITIONAL_REPRESENTATION('',(#3493),#3497);
#3493 = LINE('',#3494,#3495);
#3494 = CARTESIAN_POINT('',(0.,1.570796326795));
#3495 = VECTOR('',#3496,1.);
#3496 = DIRECTION('',(1.,0.));
#3497 = ( GEOMETRIC_REPRESENTATION_CONTEXT(2) 
PARAMETRIC_REPRESENTATION_CONTEXT() REPRESENTATION_CONTEXT('2D SPACE',''
  ) );
#3498 = ORIENTED_EDGE('',*,*,#3499,.F.);
#3499 = EDGE_CURVE('',#3500,#3476,#3502,.T.);
#3500 = VERTEX_POINT('',#3501);
#3501 = CARTESIAN_POINT('',(144.45,-36.675,10.6));
#3502 = SURFACE_CURVE('',#3503,(#3507,#3514),.PCURVE_S1.);
#3503 = LINE('',#3504,#3505);
#3504 = CARTESIAN_POINT('',(144.45,-36.675,10.6));
#3505 = VECTOR('',#3506,1.);
#3506 = DIRECTION('',(-0.,1.,-0.));
#3507 = PCURVE('',#1587,#3508);
#3508 = DEFINITIONAL_REPRESENTATION('',(#3509),#3513);
#3509 = LINE('',#3510,#3511);
#3510 = CARTESIAN_POINT('',(144.45,-36.675));
#3511 = VECTOR('',#3512,1.);
#3512 = DIRECTION('',(0.,1.));
#3513 = ( GEOMETRIC_REPRESENTATION_CONTEXT(2) 
PARAMETRIC_REPRESENTATION_CONTEXT() REPRESENTATION_CONTEXT('2D SPACE',''
  ) );
#3514 = PCURVE('',#3515,#3520);
#3515 = CYLINDRICAL_SURFACE('',#3516,1.);
#3516 = AXIS2_PLACEMENT_3D('',#3517,#3518,#3519);
#3517 = CARTESIAN_POINT('',(144.45,-36.675,9.6));
#3518 = DIRECTION('',(-0.,1.,-0.));
#3519 = DIRECTION('',(0.,0.,1.));
#3520 = DEFINITIONAL_REPRESENTATION('',(#3521),#3525);
#3521 = LINE('',#3522,#3523);
#3522 = CARTESIAN_POINT('',(-0.,0.));
#3523 = VECTOR('',#3524,1.);
#3524 = DIRECTION('',(-0.,1.));
#3525 = ( GEOMETRIC_REPRESENTATION_CONTEXT(2) 
PARAMETRIC_REPRESENTATION_CONTEXT() REPRESENTATION_CONTEXT('2D SPACE',''
  ) );
#3526 = ORIENTED_EDGE('',*,*,#3527,.F.);
#3527 = EDGE_CURVE('',#3426,#3500,#3528,.T.);
#3528 = SURFACE_CURVE('',#3529,(#3534,#3541),.PCURVE_S1.);
#3529 = CIRCLE('',#3530,3.);
#3530 = AXIS2_PLACEMENT_3D('',#3531,#3532,#3533);
#3531 = CARTESIAN_POINT('',(141.45,-36.675,10.6));
#3532 = DIRECTION('',(0.,0.,1.));
#3533 = DIRECTION('',(0.,-1.,0.));
#3534 = PCURVE('',#1587,#3535);
#3535 = DEFINITIONAL_REPRESENTATION('',(#3536),#3540);
#3536 = CIRCLE('',#3537,3.);
#3537 = AXIS2_PLACEMENT_2D('',#3538,#3539);
#3538 = CARTESIAN_POINT('',(141.45,-36.675));
#3539 = DIRECTION('',(0.,-1.));
#3540 = ( GEOMETRIC_REPRESENTATION_CONTEXT(2) 
PARAMETRIC_REPRESENTATION_CONTEXT() REPRESENTATION_CONTEXT('2D SPACE',''
  ) );
#3541 = PCURVE('',#3542,#3547);
#3542 = TOROIDAL_SURFACE('',#3543,3.,1.);
#3543 = AXIS2_PLACEMENT_3D('',#3544,#3545,#3546);
#3544 = CARTESIAN_POINT('',(141.45,-36.675,9.6));
#3545 = DIRECTION('',(0.,0.,1.));
#3546 = DIRECTION('',(0.,-1.,0.));
#3547 = DEFINITIONAL_REPRESENTATION('',(#3548),#3552);
#3548 = LINE('',#3549,#3550);
#3549 = CARTESIAN_POINT('',(0.,1.570796326795));
#3550 = VECTOR('',#3551,1.);
#3551 = DIRECTION('',(1.,0.));
#3552 = ( GEOMETRIC_REPRESENTATION_CONTEXT(2) 
PARAMETRIC_REPRESENTATION_CONTEXT() REPRESENTATION_CONTEXT('2D SPACE',''
  ) );
#3553 = ADVANCED_FACE('',(#3554),#1531,.T.);
#3554 = FACE_BOUND('',#3555,.F.);
#3555 = EDGE_LOOP('',(#3556,#3557,#3712,#3738));
#3556 = ORIENTED_EDGE('',*,*,#1865,.F.);
#3557 = ORIENTED_EDGE('',*,*,#3558,.T.);
#3558 = EDGE_CURVE('',#1866,#3559,#3561,.T.);
#3559 = VERTEX_POINT('',#3560);
#3560 = CARTESIAN_POINT('',(151.45,34.675,-14.02544228082));
#3561 = SURFACE_CURVE('',#3562,(#3581,#3650),.PCURVE_S1.);
#3562 = ( BOUNDED_CURVE() B_SPLINE_CURVE(9,(#3563,#3564,#3565,#3566,
    #3567,#3568,#3569,#3570,#3571,#3572,#3573,#3574,#3575,#3576,#3577,
#3578,#3579,#3580),.UNSPECIFIED.,.F.,.F.) B_SPLINE_CURVE_WITH_KNOTS((10,
    8,10),(1.140403526963E+03,1.159306293815E+03,1.159778001902E+03),
.UNSPECIFIED.) CURVE() GEOMETRIC_REPRESENTATION_ITEM() 
RATIONAL_B_SPLINE_CURVE((1.,1.,1.,1.,1.,1.,1.,1.,1.,1.,1.,1.,1.,1.,1.,1.
,1.,1.)) REPRESENTATION_ITEM('') );
#3563 = CARTESIAN_POINT('',(139.45,46.675,-14.81372404532));
#3564 = CARTESIAN_POINT('',(141.45270634453,46.675,-14.81372404532));
#3565 = CARTESIAN_POINT('',(143.45538494674,46.29899815017,
    -14.78899271611));
#3566 = CARTESIAN_POINT('',(145.38308155827,45.546886405349,
    -14.73952813516));
#3567 = CARTESIAN_POINT('',(147.15872462049,44.433783785744,
    -14.66632420011));
#3568 = CARTESIAN_POINT('',(148.71256159544,42.989287905742,
    -14.57140796822));
#3569 = CARTESIAN_POINT('',(149.96455187823,41.259192654095,
    -14.45775962738));
#3570 = CARTESIAN_POINT('',(150.86139356936,39.320218102826,
    -14.33042558703));
#3571 = CARTESIAN_POINT('',(151.35793763202,37.248544285729,
    -14.19442677552));
#3572 = CARTESIAN_POINT('',(151.44276756533,35.094856974486,
    -14.05301163529));
#3573 = CARTESIAN_POINT('',(151.44457719252,35.04235240246,
    -14.04956789382));
#3574 = CARTESIAN_POINT('',(151.44612678845,34.989872832799,
    -14.0461231637));
#3575 = CARTESIAN_POINT('',(151.44741769564,34.93739968453,
    -14.04267747781));
#3576 = CARTESIAN_POINT('',(151.44845078747,34.884917688444,
    -14.03923106879));
#3577 = CARTESIAN_POINT('',(151.4492255802,34.832435216642,
    -14.03578420082));
#3578 = CARTESIAN_POINT('',(151.44974172224,34.779959758968,
    -14.03233703735));
#3579 = CARTESIAN_POINT('',(151.45,34.727479256195,-14.02888965088));
#3580 = CARTESIAN_POINT('',(151.45,34.675,-14.02544228082));
#3581 = PCURVE('',#1531,#3582);
#3582 = DEFINITIONAL_REPRESENTATION('',(#3583),#3649);
#3583 = B_SPLINE_CURVE_WITH_KNOTS('',10,(#3584,#3585,#3586,#3587,#3588,
    #3589,#3590,#3591,#3592,#3593,#3594,#3595,#3596,#3597,#3598,#3599,
    #3600,#3601,#3602,#3603,#3604,#3605,#3606,#3607,#3608,#3609,#3610,
    #3611,#3612,#3613,#3614,#3615,#3616,#3617,#3618,#3619,#3620,#3621,
    #3622,#3623,#3624,#3625,#3626,#3627,#3628,#3629,#3630,#3631,#3632,
    #3633,#3634,#3635,#3636,#3637,#3638,#3639,#3640,#3641,#3642,#3643,
    #3644,#3645,#3646,#3647,#3648),.UNSPECIFIED.,.F.,.F.,(11,9,9,9,9,9,9
    ,11),(1.140403526963E+03,1.150090764433E+03,1.154934383167E+03,
    1.157356192535E+03,1.158567097218E+03,1.15917254956E+03,
    1.159475275731E+03,1.159778001902E+03),.UNSPECIFIED.);
#3584 = CARTESIAN_POINT('',(-1.570796326795,-5.997756316731));
#3585 = CARTESIAN_POINT('',(-1.493820722799,-5.997756316731));
#3586 = CARTESIAN_POINT('',(-1.41684537296,-6.002952368062));
#3587 = CARTESIAN_POINT('',(-1.33982645913,-6.013345281762));
#3588 = CARTESIAN_POINT('',(-1.262724059651,-6.028893175203));
#3589 = CARTESIAN_POINT('',(-1.185498448514,-6.049513456895));
#3590 = CARTESIAN_POINT('',(-1.108110875105,-6.075081721209));
#3591 = CARTESIAN_POINT('',(-1.03052650151,-6.105428955916));
#3592 = CARTESIAN_POINT('',(-0.952717174498,-6.140338465554));
#3593 = CARTESIAN_POINT('',(-0.874661709153,-6.179543913517));
#3594 = CARTESIAN_POINT('',(-0.757181187305,-6.244322872018));
#3595 = CARTESIAN_POINT('',(-0.717954804558,-6.266911200133));
#3596 = CARTESIAN_POINT('',(-0.678660038977,-6.29045518214));
#3597 = CARTESIAN_POINT('',(-0.639294937372,-6.314912243873));
#3598 = CARTESIAN_POINT('',(-0.599857767389,-6.340236925028));
#3599 = CARTESIAN_POINT('',(-0.560347017524,-6.366380879212));
#3600 = CARTESIAN_POINT('',(-0.520761397112,-6.393292873885));
#3601 = CARTESIAN_POINT('',(-0.48109983633,-6.420918790411));
#3602 = CARTESIAN_POINT('',(-0.441361486202,-6.449201624023));
#3603 = CARTESIAN_POINT('',(-0.381637834784,-6.49252141375));
#3604 = CARTESIAN_POINT('',(-0.361710630832,-6.507110653538));
#3605 = CARTESIAN_POINT('',(-0.34176399738,-6.521841765308));
#3606 = CARTESIAN_POINT('',(-0.321797871455,-6.536707145162));
#3607 = CARTESIAN_POINT('',(-0.301812236464,-6.551699023214));
#3608 = CARTESIAN_POINT('',(-0.281807122201,-6.566809463568));
#3609 = CARTESIAN_POINT('',(-0.261782604839,-6.582030364342));
#3610 = CARTESIAN_POINT('',(-0.241738806934,-6.59735345765));
#3611 = CARTESIAN_POINT('',(-0.221675897427,-6.612770309611));
#3612 = CARTESIAN_POINT('',(-0.191553188743,-6.636023325712));
#3613 = CARTESIAN_POINT('',(-0.181507573339,-6.643795617149));
#3614 = CARTESIAN_POINT('',(-0.171457275953,-6.651588119462));
#3615 = CARTESIAN_POINT('',(-0.161402335521,-6.659399744797));
#3616 = CARTESIAN_POINT('',(-0.151342799389,-6.667229392657));
#3617 = CARTESIAN_POINT('',(-0.14127872331,-6.675075949875));
#3618 = CARTESIAN_POINT('',(-0.131210171448,-6.682938290647));
#3619 = CARTESIAN_POINT('',(-0.121137216375,-6.690815276501));
#3620 = CARTESIAN_POINT('',(-0.11105993907,-6.698705756318));
#3621 = CARTESIAN_POINT('',(-9.593767385136E-02,-6.710559971324));
#3622 = CARTESIAN_POINT('',(-9.089585792522E-02,-6.714514462586));
#3623 = CARTESIAN_POINT('',(-8.585299563283E-02,-6.718471891042));
#3624 = CARTESIAN_POINT('',(-8.080910146126E-02,-6.722432107633));
#3625 = CARTESIAN_POINT('',(-7.57641898974E-02,-6.726394963286));
#3626 = CARTESIAN_POINT('',(-7.071827542839E-02,-6.730360308946));
#3627 = CARTESIAN_POINT('',(-6.567137254113E-02,-6.734327995541));
#3628 = CARTESIAN_POINT('',(-6.06234957227E-02,-6.738297874012));
#3629 = CARTESIAN_POINT('',(-5.557465946005E-02,-6.742269795291));
#3630 = CARTESIAN_POINT('',(-4.79999876303E-02,-6.74823051783));
#3631 = CARTESIAN_POINT('',(-4.547430684118E-02,-6.750217817336));
#3632 = CARTESIAN_POINT('',(-4.295279412166E-02,-6.752206181883));
#3633 = CARTESIAN_POINT('',(-4.0414803372E-02,-6.75419283004));
#3634 = CARTESIAN_POINT('',(-3.791181966898E-02,-6.756184281594));
#3635 = CARTESIAN_POINT('',(-3.536250051165E-02,-6.758170852228));
#3636 = CARTESIAN_POINT('',(-3.284643110247E-02,-6.760161178318));
#3637 = CARTESIAN_POINT('',(-3.031566080685E-02,-6.762150346897));
#3638 = CARTESIAN_POINT('',(-2.778915229113E-02,-6.764140168247));
#3639 = CARTESIAN_POINT('',(-2.273552498793E-02,-6.768120228946));
#3640 = CARTESIAN_POINT('',(-2.020890701193E-02,-6.77011051262));
#3641 = CARTESIAN_POINT('',(-1.768245964879E-02,-6.772101017779));
#3642 = CARTESIAN_POINT('',(-1.515615783584E-02,-6.774091712594));
#3643 = CARTESIAN_POINT('',(-1.262997651034E-02,-6.776082565214));
#3644 = CARTESIAN_POINT('',(-1.010389060959E-02,-6.778073543816));
#3645 = CARTESIAN_POINT('',(-7.577875070894E-03,-6.780064616552));
#3646 = CARTESIAN_POINT('',(-5.051904831534E-03,-6.782055751592));
#3647 = CARTESIAN_POINT('',(-2.525954828802E-03,-6.784046917094));
#3648 = CARTESIAN_POINT('',(9.12165926463E-15,-6.786038081224));
#3649 = ( GEOMETRIC_REPRESENTATION_CONTEXT(2) 
PARAMETRIC_REPRESENTATION_CONTEXT() REPRESENTATION_CONTEXT('2D SPACE',''
  ) );
#3650 = PCURVE('',#3651,#3706);
#3651 = ( BOUNDED_SURFACE() B_SPLINE_SURFACE(2,9,(
    (#3652,#3653,#3654,#3655,#3656,#3657,#3658,#3659,#3660,#3661,#3662
      ,#3663,#3664,#3665,#3666,#3667,#3668,#3669)
    ,(#3670,#3671,#3672,#3673,#3674,#3675,#3676,#3677,#3678,#3679,#3680
      ,#3681,#3682,#3683,#3684,#3685,#3686,#3687)
    ,(#3688,#3689,#3690,#3691,#3692,#3693,#3694,#3695,#3696,#3697,#3698
      ,#3699,#3700,#3701,#3702,#3703,#3704,#3705
)),.UNSPECIFIED.,.F.,.F.,.F.) B_SPLINE_SURFACE_WITH_KNOTS((3,3),(10,8,10
    ),(0.,19.374474938724),(1.140403526963E+03,1.159306293815E+03,
1.159778001902E+03),.UNSPECIFIED.) GEOMETRIC_REPRESENTATION_ITEM() 
RATIONAL_B_SPLINE_SURFACE((
    (1.,1.,1.,1.,1.,1.,1.,1.,1.,1.,1.,1.,1.,1.,1.,1.,1.,1.)
    ,(0.669130606359,0.669130606359,0.670351668256,0.672794679714
      ,0.676398565597,0.681052240672,0.686572912445,0.692693058808
      ,0.699160539696,0.705811712249,0.705974116902,0.706136196301
      ,0.706298106253,0.706459990787,0.706621801643,0.706783489972
      ,0.706945160854,0.707106781187)
    ,(1.,1.,1.,1.,1.,1.,1.,1.,1.,1.,1.,1.,1.,1.,1.,1.,1.,1.
))) REPRESENTATION_ITEM('') SURFACE() );
#3652 = CARTESIAN_POINT('',(139.45,46.675,-14.81372404532));
#3653 = CARTESIAN_POINT('',(141.45270634453,46.675,-14.81372404532));
#3654 = CARTESIAN_POINT('',(143.45538494674,46.29899815017,
    -14.78899271611));
#3655 = CARTESIAN_POINT('',(145.38308155827,45.546886405349,
    -14.73952813516));
#3656 = CARTESIAN_POINT('',(147.15872462049,44.433783785744,
    -14.66632420011));
#3657 = CARTESIAN_POINT('',(148.71256159544,42.989287905742,
    -14.57140796822));
#3658 = CARTESIAN_POINT('',(149.96455187823,41.259192654095,
    -14.45775962738));
#3659 = CARTESIAN_POINT('',(150.86139356936,39.320218102826,
    -14.33042558703));
#3660 = CARTESIAN_POINT('',(151.35793763202,37.248544285729,
    -14.19442677552));
#3661 = CARTESIAN_POINT('',(151.44276756533,35.094856974486,
    -14.05301163529));
#3662 = CARTESIAN_POINT('',(151.44457719252,35.04235240246,
    -14.04956789382));
#3663 = CARTESIAN_POINT('',(151.44612678845,34.989872832799,
    -14.0461231637));
#3664 = CARTESIAN_POINT('',(151.44741769564,34.93739968453,
    -14.04267747781));
#3665 = CARTESIAN_POINT('',(151.44845078747,34.884917688444,
    -14.03923106879));
#3666 = CARTESIAN_POINT('',(151.4492255802,34.832435216642,
    -14.03578420082));
#3667 = CARTESIAN_POINT('',(151.44974172224,34.779959758968,
    -14.03233703735));
#3668 = CARTESIAN_POINT('',(151.45,34.727479256195,-14.02888965088));
#3669 = CARTESIAN_POINT('',(151.45,34.675,-14.02544228082));
#3670 = CARTESIAN_POINT('',(139.45,46.675,-19.81148036205));
#3671 = CARTESIAN_POINT('',(141.54438551453,46.675,-19.81148036205));
#3672 = CARTESIAN_POINT('',(143.63111940909,46.265305382425,
    -19.76841972257));
#3673 = CARTESIAN_POINT('',(145.62263169174,45.450384462655,
    -19.6827680825));
#3674 = CARTESIAN_POINT('',(147.43222800269,44.254410422434,
    -19.5570661456));
#3675 = CARTESIAN_POINT('',(148.98453462421,42.72111680257,
    -19.39591049225));
#3676 = CARTESIAN_POINT('',(150.20332203062,40.908312690671,
    -19.20537710238));
#3677 = CARTESIAN_POINT('',(151.04008640351,38.903337157307,
    -18.99464568222));
#3678 = CARTESIAN_POINT('',(151.45963997054,36.790441111026,
    -18.77257135908));
#3679 = CARTESIAN_POINT('',(151.45929582051,34.6227303375,
    -18.54473577595));
#3680 = CARTESIAN_POINT('',(151.45902702263,34.570487924265,
    -18.53924487706));
#3681 = CARTESIAN_POINT('',(151.45850446515,34.518235440908,
    -18.53375291976));
#3682 = CARTESIAN_POINT('',(151.4577269433,34.465972991084,
    -18.52825991494));
#3683 = CARTESIAN_POINT('',(151.45669327303,34.413708366025,
    -18.52276668149));
#3684 = CARTESIAN_POINT('',(151.45540380817,34.361441913908,
    -18.51727325601));
#3685 = CARTESIAN_POINT('',(151.45385888518,34.309171157375,
    -18.51177937812));
#3686 = CARTESIAN_POINT('',(151.45205756128,34.25689809547,
    -18.50628525792));
#3687 = CARTESIAN_POINT('',(151.45,34.204621915296,-18.50079080998));
#3688 = CARTESIAN_POINT('',(139.45,41.704621915296,-19.28907257447));
#3689 = CARTESIAN_POINT('',(140.66731177658,41.704621915296,
    -19.28907257447));
#3690 = CARTESIAN_POINT('',(141.8845342191,41.482790866658,
    -19.26575719175));
#3691 = CARTESIAN_POINT('',(143.06184799868,41.039381791482,
    -19.21915301999));
#3692 = CARTESIAN_POINT('',(144.15535522286,40.378801701016,
    -19.14972325475));
#3693 = CARTESIAN_POINT('',(145.13036640437,39.516756733283,
    -19.05911867765));
#3694 = CARTESIAN_POINT('',(145.92818576488,38.46337259499,
    -18.94840354336));
#3695 = CARTESIAN_POINT('',(146.51259930825,37.280333521952,
    -18.8240611263));
#3696 = CARTESIAN_POINT('',(146.86013933518,35.999089307968,
    -18.689396933));
#3697 = CARTESIAN_POINT('',(146.94276473905,34.631031648607,
    -18.54560827891));
#3698 = CARTESIAN_POINT('',(146.9446334142,34.572935142266,
    -18.53950209004));
#3699 = CARTESIAN_POINT('',(146.94614276378,34.517967548494,
    -18.53372476313));
#3700 = CARTESIAN_POINT('',(146.94740593533,34.466086433439,
    -18.52827183821));
#3701 = CARTESIAN_POINT('',(146.94846051181,34.413819734738,
    -18.52277838681));
#3702 = CARTESIAN_POINT('',(146.94924504678,34.361175421326,
    -18.51724524651));
#3703 = CARTESIAN_POINT('',(146.94973301285,34.309253850967,
    -18.51178806956));
#3704 = CARTESIAN_POINT('',(146.95,34.25688614693,-18.50628400208));
#3705 = CARTESIAN_POINT('',(146.95,34.204621915296,-18.50079080998));
#3706 = DEFINITIONAL_REPRESENTATION('',(#3707),#3711);
#3707 = LINE('',#3708,#3709);
#3708 = CARTESIAN_POINT('',(0.,0.));
#3709 = VECTOR('',#3710,1.);
#3710 = DIRECTION('',(0.,1.));
#3711 = ( GEOMETRIC_REPRESENTATION_CONTEXT(2) 
PARAMETRIC_REPRESENTATION_CONTEXT() REPRESENTATION_CONTEXT('2D SPACE',''
  ) );
#3712 = ORIENTED_EDGE('',*,*,#3713,.T.);
#3713 = EDGE_CURVE('',#3559,#1515,#3714,.T.);
#3714 = SURFACE_CURVE('',#3715,(#3719,#3726),.PCURVE_S1.);
#3715 = LINE('',#3716,#3717);
#3716 = CARTESIAN_POINT('',(151.45,34.675,-20.81148036205));
#3717 = VECTOR('',#3718,1.);
#3718 = DIRECTION('',(0.,0.,1.));
#3719 = PCURVE('',#1531,#3720);
#3720 = DEFINITIONAL_REPRESENTATION('',(#3721),#3725);
#3721 = LINE('',#3722,#3723);
#3722 = CARTESIAN_POINT('',(-0.,0.));
#3723 = VECTOR('',#3724,1.);
#3724 = DIRECTION('',(-0.,-1.));
#3725 = ( GEOMETRIC_REPRESENTATION_CONTEXT(2) 
PARAMETRIC_REPRESENTATION_CONTEXT() REPRESENTATION_CONTEXT('2D SPACE',''
  ) );
#3726 = PCURVE('',#3727,#3732);
#3727 = PLANE('',#3728);
#3728 = AXIS2_PLACEMENT_3D('',#3729,#3730,#3731);
#3729 = CARTESIAN_POINT('',(151.45,-34.675,-20.81148036205));
#3730 = DIRECTION('',(-1.,0.,0.));
#3731 = DIRECTION('',(0.,1.,0.));
#3732 = DEFINITIONAL_REPRESENTATION('',(#3733),#3737);
#3733 = LINE('',#3734,#3735);
#3734 = CARTESIAN_POINT('',(69.35,0.));
#3735 = VECTOR('',#3736,1.);
#3736 = DIRECTION('',(0.,-1.));
#3737 = ( GEOMETRIC_REPRESENTATION_CONTEXT(2) 
PARAMETRIC_REPRESENTATION_CONTEXT() REPRESENTATION_CONTEXT('2D SPACE',''
  ) );
#3738 = ORIENTED_EDGE('',*,*,#1514,.F.);
#3739 = ADVANCED_FACE('',(#3740),#1559,.T.);
#3740 = FACE_BOUND('',#3741,.T.);
#3741 = EDGE_LOOP('',(#3742,#3743,#3744,#3766));
#3742 = ORIENTED_EDGE('',*,*,#1543,.T.);
#3743 = ORIENTED_EDGE('',*,*,#3453,.T.);
#3744 = ORIENTED_EDGE('',*,*,#3745,.F.);
#3745 = EDGE_CURVE('',#3746,#3424,#3748,.T.);
#3746 = VERTEX_POINT('',#3747);
#3747 = CARTESIAN_POINT('',(151.45,-34.675,4.1));
#3748 = SURFACE_CURVE('',#3749,(#3754,#3760),.PCURVE_S1.);
#3749 = CIRCLE('',#3750,6.5);
#3750 = AXIS2_PLACEMENT_3D('',#3751,#3752,#3753);
#3751 = CARTESIAN_POINT('',(144.95,-34.675,4.1));
#3752 = DIRECTION('',(-0.,-1.,0.));
#3753 = DIRECTION('',(1.,-0.,0.));
#3754 = PCURVE('',#1559,#3755);
#3755 = DEFINITIONAL_REPRESENTATION('',(#3756),#3759);
#3756 = B_SPLINE_CURVE_WITH_KNOTS('',1,(#3757,#3758),.UNSPECIFIED.,.F.,
  .F.,(2,2),(0.,1.570796326795),.PIECEWISE_BEZIER_KNOTS.);
#3757 = CARTESIAN_POINT('',(0.,69.35));
#3758 = CARTESIAN_POINT('',(1.570796326795,69.35));
#3759 = ( GEOMETRIC_REPRESENTATION_CONTEXT(2) 
PARAMETRIC_REPRESENTATION_CONTEXT() REPRESENTATION_CONTEXT('2D SPACE',''
  ) );
#3760 = PCURVE('',#2203,#3761);
#3761 = DEFINITIONAL_REPRESENTATION('',(#3762),#3765);
#3762 = B_SPLINE_CURVE_WITH_KNOTS('',1,(#3763,#3764),.UNSPECIFIED.,.F.,
  .F.,(2,2),(0.,1.570796326795),.PIECEWISE_BEZIER_KNOTS.);
#3763 = CARTESIAN_POINT('',(0.,0.));
#3764 = CARTESIAN_POINT('',(0.,1.570796326795));
#3765 = ( GEOMETRIC_REPRESENTATION_CONTEXT(2) 
PARAMETRIC_REPRESENTATION_CONTEXT() REPRESENTATION_CONTEXT('2D SPACE',''
  ) );
#3766 = ORIENTED_EDGE('',*,*,#3767,.F.);
#3767 = EDGE_CURVE('',#1515,#3746,#3768,.T.);
#3768 = SURFACE_CURVE('',#3769,(#3773,#3780),.PCURVE_S1.);
#3769 = LINE('',#3770,#3771);
#3770 = CARTESIAN_POINT('',(151.45,34.675,4.1));
#3771 = VECTOR('',#3772,1.);
#3772 = DIRECTION('',(-0.,-1.,-0.));
#3773 = PCURVE('',#1559,#3774);
#3774 = DEFINITIONAL_REPRESENTATION('',(#3775),#3779);
#3775 = LINE('',#3776,#3777);
#3776 = CARTESIAN_POINT('',(0.,0.));
#3777 = VECTOR('',#3778,1.);
#3778 = DIRECTION('',(0.,1.));
#3779 = ( GEOMETRIC_REPRESENTATION_CONTEXT(2) 
PARAMETRIC_REPRESENTATION_CONTEXT() REPRESENTATION_CONTEXT('2D SPACE',''
  ) );
#3780 = PCURVE('',#3727,#3781);
#3781 = DEFINITIONAL_REPRESENTATION('',(#3782),#3786);
#3782 = LINE('',#3783,#3784);
#3783 = CARTESIAN_POINT('',(69.35,-24.91148036205));
#3784 = VECTOR('',#3785,1.);
#3785 = DIRECTION('',(-1.,0.));
#3786 = ( GEOMETRIC_REPRESENTATION_CONTEXT(2) 
PARAMETRIC_REPRESENTATION_CONTEXT() REPRESENTATION_CONTEXT('2D SPACE',''
  ) );
#3787 = ADVANCED_FACE('',(#3788),#1704,.F.);
#3788 = FACE_BOUND('',#3789,.F.);
#3789 = EDGE_LOOP('',(#3790,#3813,#3814,#3815,#3816,#3817));
#3790 = ORIENTED_EDGE('',*,*,#3791,.F.);
#3791 = EDGE_CURVE('',#2866,#3792,#3794,.T.);
#3792 = VERTEX_POINT('',#3793);
#3793 = CARTESIAN_POINT('',(143.45,36.675,9.6));
#3794 = SURFACE_CURVE('',#3795,(#3799,#3806),.PCURVE_S1.);
#3795 = LINE('',#3796,#3797);
#3796 = CARTESIAN_POINT('',(143.45,36.675,-5.));
#3797 = VECTOR('',#3798,1.);
#3798 = DIRECTION('',(0.,0.,1.));
#3799 = PCURVE('',#1704,#3800);
#3800 = DEFINITIONAL_REPRESENTATION('',(#3801),#3805);
#3801 = LINE('',#3802,#3803);
#3802 = CARTESIAN_POINT('',(3.14159265359,0.));
#3803 = VECTOR('',#3804,1.);
#3804 = DIRECTION('',(0.,-1.));
#3805 = ( GEOMETRIC_REPRESENTATION_CONTEXT(2) 
PARAMETRIC_REPRESENTATION_CONTEXT() REPRESENTATION_CONTEXT('2D SPACE',''
  ) );
#3806 = PCURVE('',#2881,#3807);
#3807 = DEFINITIONAL_REPRESENTATION('',(#3808),#3812);
#3808 = LINE('',#3809,#3810);
#3809 = CARTESIAN_POINT('',(73.35,0.));
#3810 = VECTOR('',#3811,1.);
#3811 = DIRECTION('',(0.,-1.));
#3812 = ( GEOMETRIC_REPRESENTATION_CONTEXT(2) 
PARAMETRIC_REPRESENTATION_CONTEXT() REPRESENTATION_CONTEXT('2D SPACE',''
  ) );
#3813 = ORIENTED_EDGE('',*,*,#2893,.F.);
#3814 = ORIENTED_EDGE('',*,*,#2659,.T.);
#3815 = ORIENTED_EDGE('',*,*,#1689,.F.);
#3816 = ORIENTED_EDGE('',*,*,#3388,.F.);
#3817 = ORIENTED_EDGE('',*,*,#3818,.F.);
#3818 = EDGE_CURVE('',#3792,#3354,#3819,.T.);
#3819 = SURFACE_CURVE('',#3820,(#3825,#3832),.PCURVE_S1.);
#3820 = CIRCLE('',#3821,2.);
#3821 = AXIS2_PLACEMENT_3D('',#3822,#3823,#3824);
#3822 = CARTESIAN_POINT('',(141.45,36.675,9.6));
#3823 = DIRECTION('',(0.,0.,1.));
#3824 = DIRECTION('',(1.,0.,-0.));
#3825 = PCURVE('',#1704,#3826);
#3826 = DEFINITIONAL_REPRESENTATION('',(#3827),#3831);
#3827 = LINE('',#3828,#3829);
#3828 = CARTESIAN_POINT('',(3.14159265359,-14.6));
#3829 = VECTOR('',#3830,1.);
#3830 = DIRECTION('',(-1.,-0.));
#3831 = ( GEOMETRIC_REPRESENTATION_CONTEXT(2) 
PARAMETRIC_REPRESENTATION_CONTEXT() REPRESENTATION_CONTEXT('2D SPACE',''
  ) );
#3832 = PCURVE('',#3377,#3833);
#3833 = DEFINITIONAL_REPRESENTATION('',(#3834),#3838);
#3834 = LINE('',#3835,#3836);
#3835 = CARTESIAN_POINT('',(0.,3.14159265359));
#3836 = VECTOR('',#3837,1.);
#3837 = DIRECTION('',(1.,0.));
#3838 = ( GEOMETRIC_REPRESENTATION_CONTEXT(2) 
PARAMETRIC_REPRESENTATION_CONTEXT() REPRESENTATION_CONTEXT('2D SPACE',''
  ) );
#3839 = ADVANCED_FACE('',(#3840,#4079),#1800,.F.);
#3840 = FACE_BOUND('',#3841,.F.);
#3841 = EDGE_LOOP('',(#3842,#3843,#3880,#3908,#3976,#4004,#4057,#4078));
#3842 = ORIENTED_EDGE('',*,*,#3327,.F.);
#3843 = ORIENTED_EDGE('',*,*,#3844,.F.);
#3844 = EDGE_CURVE('',#3845,#3302,#3847,.T.);
#3845 = VERTEX_POINT('',#3846);
#3846 = CARTESIAN_POINT('',(-139.45,-42.6453780847,-10.42353032981));
#3847 = SURFACE_CURVE('',#3848,(#3859,#3873),.PCURVE_S1.);
#3848 = ( BOUNDED_CURVE() B_SPLINE_CURVE(9,(#3849,#3850,#3851,#3852,
    #3853,#3854,#3855,#3856,#3857,#3858),.UNSPECIFIED.,.F.,.F.) 
B_SPLINE_CURVE_WITH_KNOTS((10,10),(1.526838537911E+03,1.545266954853E+03
),.PIECEWISE_BEZIER_KNOTS.) CURVE() GEOMETRIC_REPRESENTATION_ITEM() 
RATIONAL_B_SPLINE_CURVE((1.,1.,1.,1.,1.,1.,1.,1.,1.,1.)) 
REPRESENTATION_ITEM('') );
#3849 = CARTESIAN_POINT('',(-139.45,-42.6453780847,-10.42353032981));
#3850 = CARTESIAN_POINT('',(-140.7987900126,-42.6453780847,
    -10.42353032981));
#3851 = CARTESIAN_POINT('',(-142.181399717,-42.37285504883,
    -10.45217365509));
#3852 = CARTESIAN_POINT('',(-143.51701109,-41.80462117529,
    -10.51189744182));
#3853 = CARTESIAN_POINT('',(-144.7025595483,-40.95592150949,
    -10.60109937116));
#3854 = CARTESIAN_POINT('',(-145.6459506223,-39.89154184659,
    -10.71297018167));
#3855 = CARTESIAN_POINT('',(-146.3070230375,-38.73195314149,
    -10.83484786574));
#3856 = CARTESIAN_POINT('',(-146.734219907,-37.54924622704,
    -10.95915537152));
#3857 = CARTESIAN_POINT('',(-146.9506437533,-36.3507098382,
    -11.08512662211));
#3858 = CARTESIAN_POINT('',(-146.9500013275,-35.14194044891,
    -11.21217340439));
#3859 = PCURVE('',#1800,#3860);
#3860 = DEFINITIONAL_REPRESENTATION('',(#3861),#3872);
#3861 = B_SPLINE_CURVE_WITH_KNOTS('',9,(#3862,#3863,#3864,#3865,#3866,
    #3867,#3868,#3869,#3870,#3871),.UNSPECIFIED.,.F.,.F.,(10,10),(
    1.526838537911E+03,1.545266954853E+03),.PIECEWISE_BEZIER_KNOTS.);
#3862 = CARTESIAN_POINT('',(4.05181819934,139.45));
#3863 = CARTESIAN_POINT('',(4.05181819934,140.79879001265));
#3864 = CARTESIAN_POINT('',(4.325842368275,142.18139971702));
#3865 = CARTESIAN_POINT('',(4.897206232857,143.51701109005));
#3866 = CARTESIAN_POINT('',(5.750580773677,144.70255954837));
#3867 = CARTESIAN_POINT('',(6.820823337321,145.64595062237));
#3868 = CARTESIAN_POINT('',(7.986799381186,146.30702303756));
#3869 = CARTESIAN_POINT('',(9.176020975963,146.73421990705));
#3870 = CARTESIAN_POINT('',(10.3811592383,146.95064375333));
#3871 = CARTESIAN_POINT('',(11.596586867311,146.95000132754));
#3872 = ( GEOMETRIC_REPRESENTATION_CONTEXT(2) 
PARAMETRIC_REPRESENTATION_CONTEXT() REPRESENTATION_CONTEXT('2D SPACE',''
  ) );
#3873 = PCURVE('',#2482,#3874);
#3874 = DEFINITIONAL_REPRESENTATION('',(#3875),#3879);
#3875 = LINE('',#3876,#3877);
#3876 = CARTESIAN_POINT('',(18.428416942257,0.));
#3877 = VECTOR('',#3878,1.);
#3878 = DIRECTION('',(0.,1.));
#3879 = ( GEOMETRIC_REPRESENTATION_CONTEXT(2) 
PARAMETRIC_REPRESENTATION_CONTEXT() REPRESENTATION_CONTEXT('2D SPACE',''
  ) );
#3880 = ORIENTED_EDGE('',*,*,#3881,.F.);
#3881 = EDGE_CURVE('',#3882,#3845,#3884,.T.);
#3882 = VERTEX_POINT('',#3883);
#3883 = CARTESIAN_POINT('',(139.45,-42.6453780847,-10.42353032981));
#3884 = SURFACE_CURVE('',#3885,(#3889,#3896),.PCURVE_S1.);
#3885 = LINE('',#3886,#3887);
#3886 = CARTESIAN_POINT('',(139.45,-42.6453780847,-10.42353032981));
#3887 = VECTOR('',#3888,1.);
#3888 = DIRECTION('',(-1.,-0.,-0.));
#3889 = PCURVE('',#1800,#3890);
#3890 = DEFINITIONAL_REPRESENTATION('',(#3891),#3895);
#3891 = LINE('',#3892,#3893);
#3892 = CARTESIAN_POINT('',(4.05181819934,-139.45));
#3893 = VECTOR('',#3894,1.);
#3894 = DIRECTION('',(0.,1.));
#3895 = ( GEOMETRIC_REPRESENTATION_CONTEXT(2) 
PARAMETRIC_REPRESENTATION_CONTEXT() REPRESENTATION_CONTEXT('2D SPACE',''
  ) );
#3896 = PCURVE('',#3897,#3902);
#3897 = CYLINDRICAL_SURFACE('',#3898,4.5);
#3898 = AXIS2_PLACEMENT_3D('',#3899,#3900,#3901);
#3899 = CARTESIAN_POINT('',(139.45,-42.175,-5.94818180066));
#3900 = DIRECTION('',(-1.,-0.,-0.));
#3901 = DIRECTION('',(0.,-1.,0.));
#3902 = DEFINITIONAL_REPRESENTATION('',(#3903),#3907);
#3903 = LINE('',#3904,#3905);
#3904 = CARTESIAN_POINT('',(-1.466076571675,0.));
#3905 = VECTOR('',#3906,1.);
#3906 = DIRECTION('',(-0.,1.));
#3907 = ( GEOMETRIC_REPRESENTATION_CONTEXT(2) 
PARAMETRIC_REPRESENTATION_CONTEXT() REPRESENTATION_CONTEXT('2D SPACE',''
  ) );
#3908 = ORIENTED_EDGE('',*,*,#3909,.F.);
#3909 = EDGE_CURVE('',#3910,#3882,#3912,.T.);
#3910 = VERTEX_POINT('',#3911);
#3911 = CARTESIAN_POINT('',(146.95,-35.1453780847,-11.21181209431));
#3912 = SURFACE_CURVE('',#3913,(#3924,#3938),.PCURVE_S1.);
#3913 = ( BOUNDED_CURVE() B_SPLINE_CURVE(9,(#3914,#3915,#3916,#3917,
    #3918,#3919,#3920,#3921,#3922,#3923),.UNSPECIFIED.,.F.,.F.) 
B_SPLINE_CURVE_WITH_KNOTS((10,10),(1.229510120969E+03,1.247938537911E+03
),.PIECEWISE_BEZIER_KNOTS.) CURVE() GEOMETRIC_REPRESENTATION_ITEM() 
RATIONAL_B_SPLINE_CURVE((1.,1.,1.,1.,1.,1.,1.,1.,1.,1.)) 
REPRESENTATION_ITEM('') );
#3914 = CARTESIAN_POINT('',(146.95000132754,-35.14194044891,
    -11.21217340439));
#3915 = CARTESIAN_POINT('',(146.95064375333,-36.3507098382,
    -11.08512662211));
#3916 = CARTESIAN_POINT('',(146.73421990704,-37.54924622704,
    -10.95915537152));
#3917 = CARTESIAN_POINT('',(146.30702303757,-38.73195314149,
    -10.83484786574));
#3918 = CARTESIAN_POINT('',(145.64595062236,-39.89154184659,
    -10.71297018167));
#3919 = CARTESIAN_POINT('',(144.70255954838,-40.95592150949,
    -10.60109937116));
#3920 = CARTESIAN_POINT('',(143.51701109004,-41.80462117528,
    -10.51189744182));
#3921 = CARTESIAN_POINT('',(142.18139971702,-42.37285504883,
    -10.45217365509));
#3922 = CARTESIAN_POINT('',(140.79879001265,-42.6453780847,
    -10.42353032981));
#3923 = CARTESIAN_POINT('',(139.45,-42.6453780847,-10.42353032981));
#3924 = PCURVE('',#1800,#3925);
#3925 = DEFINITIONAL_REPRESENTATION('',(#3926),#3937);
#3926 = B_SPLINE_CURVE_WITH_KNOTS('',9,(#3927,#3928,#3929,#3930,#3931,
    #3932,#3933,#3934,#3935,#3936),.UNSPECIFIED.,.F.,.F.,(10,10),(
    1.229510120969E+03,1.247938537911E+03),.PIECEWISE_BEZIER_KNOTS.);
#3927 = CARTESIAN_POINT('',(11.596586867311,-146.9500013275));
#3928 = CARTESIAN_POINT('',(10.3811592383,-146.9506437533));
#3929 = CARTESIAN_POINT('',(9.176020975965,-146.734219907));
#3930 = CARTESIAN_POINT('',(7.986799381183,-146.3070230375));
#3931 = CARTESIAN_POINT('',(6.820823337324,-145.6459506223));
#3932 = CARTESIAN_POINT('',(5.750580773675,-144.7025595483));
#3933 = CARTESIAN_POINT('',(4.897206232858,-143.51701109));
#3934 = CARTESIAN_POINT('',(4.325842368275,-142.181399717));
#3935 = CARTESIAN_POINT('',(4.05181819934,-140.7987900126));
#3936 = CARTESIAN_POINT('',(4.05181819934,-139.45));
#3937 = ( GEOMETRIC_REPRESENTATION_CONTEXT(2) 
PARAMETRIC_REPRESENTATION_CONTEXT() REPRESENTATION_CONTEXT('2D SPACE',''
  ) );
#3938 = PCURVE('',#3939,#3970);
#3939 = ( BOUNDED_SURFACE() B_SPLINE_SURFACE(2,9,(
    (#3940,#3941,#3942,#3943,#3944,#3945,#3946,#3947,#3948,#3949)
    ,(#3950,#3951,#3952,#3953,#3954,#3955,#3956,#3957,#3958,#3959)
    ,(#3960,#3961,#3962,#3963,#3964,#3965,#3966,#3967,#3968,#3969
)),.UNSPECIFIED.,.F.,.F.,.F.) B_SPLINE_SURFACE_WITH_KNOTS((3,3),(10,10),
  (0.,18.428416942257),(1.229510120969E+03,1.247938537911E+03),
.PIECEWISE_BEZIER_KNOTS.) GEOMETRIC_REPRESENTATION_ITEM() 
RATIONAL_B_SPLINE_SURFACE((
    (1.,1.,1.,1.,1.,1.,1.,1.,1.,1.)
    ,(0.707106781187,0.713416891067,0.719619168338,0.725533269935
      ,0.73101556701,0.735745222498,0.739428736404,0.741918253684
      ,0.743144825477,0.743144825477)
,(1.,1.,1.,1.,1.,1.,1.,1.,1.,1.))) REPRESENTATION_ITEM('') SURFACE() );
#3940 = CARTESIAN_POINT('',(151.45,-34.675,-6.736463565152));
#3941 = CARTESIAN_POINT('',(151.45,-36.72393635161,-6.601868658761));
#3942 = CARTESIAN_POINT('',(151.05645851319,-38.75822931557,
    -6.46824358358));
#3943 = CARTESIAN_POINT('',(150.27873180281,-40.71706269664,
    -6.33962464554));
#3944 = CARTESIAN_POINT('',(149.12344564794,-42.54179379416,
    -6.220166894416));
#3945 = CARTESIAN_POINT('',(147.59143748374,-44.14377940084,
    -6.114840333891));
#3946 = CARTESIAN_POINT('',(145.74601467108,-45.40447143779,
    -6.031736453229));
#3947 = CARTESIAN_POINT('',(143.69790808049,-46.25583871031,
    -5.975739789873));
#3948 = CARTESIAN_POINT('',(141.56458105181,-46.675,-5.94818180066));
#3949 = CARTESIAN_POINT('',(139.45,-46.675,-5.94818180066));
#3950 = CARTESIAN_POINT('',(151.45,-35.1453780847,-11.21181209431));
#3951 = CARTESIAN_POINT('',(151.3703958122,-37.1678100568,-10.9992459285
    ));
#3952 = CARTESIAN_POINT('',(150.90765190367,-39.14846882676,
    -10.79107030316));
#3953 = CARTESIAN_POINT('',(150.08079490386,-41.03207789935,
    -10.59309501205));
#3954 = CARTESIAN_POINT('',(148.90438578716,-42.76951078913,
    -10.41048345684));
#3955 = CARTESIAN_POINT('',(147.37973740852,-44.29168852828,
    -10.25049612963));
#3956 = CARTESIAN_POINT('',(145.56131219397,-45.48425901612,
    -10.1251519205));
#3957 = CARTESIAN_POINT('',(143.56120292655,-46.28391116544,
    -10.04110509287));
#3958 = CARTESIAN_POINT('',(141.49210943775,-46.675,-10.));
#3959 = CARTESIAN_POINT('',(139.45,-46.675,-10.));
#3960 = CARTESIAN_POINT('',(146.95000132754,-35.14194044891,
    -11.21217340439));
#3961 = CARTESIAN_POINT('',(146.95064375333,-36.3507098382,
    -11.08512662211));
#3962 = CARTESIAN_POINT('',(146.73421990704,-37.54924622704,
    -10.95915537152));
#3963 = CARTESIAN_POINT('',(146.30702303757,-38.73195314149,
    -10.83484786574));
#3964 = CARTESIAN_POINT('',(145.64595062236,-39.89154184659,
    -10.71297018167));
#3965 = CARTESIAN_POINT('',(144.70255954838,-40.95592150949,
    -10.60109937116));
#3966 = CARTESIAN_POINT('',(143.51701109004,-41.80462117528,
    -10.51189744182));
#3967 = CARTESIAN_POINT('',(142.18139971702,-42.37285504883,
    -10.45217365509));
#3968 = CARTESIAN_POINT('',(140.79879001265,-42.6453780847,
    -10.42353032981));
#3969 = CARTESIAN_POINT('',(139.45,-42.6453780847,-10.42353032981));
#3970 = DEFINITIONAL_REPRESENTATION('',(#3971),#3975);
#3971 = LINE('',#3972,#3973);
#3972 = CARTESIAN_POINT('',(18.428416942257,0.));
#3973 = VECTOR('',#3974,1.);
#3974 = DIRECTION('',(0.,1.));
#3975 = ( GEOMETRIC_REPRESENTATION_CONTEXT(2) 
PARAMETRIC_REPRESENTATION_CONTEXT() REPRESENTATION_CONTEXT('2D SPACE',''
  ) );
#3976 = ORIENTED_EDGE('',*,*,#3977,.F.);
#3977 = EDGE_CURVE('',#3978,#3910,#3980,.T.);
#3978 = VERTEX_POINT('',#3979);
#3979 = CARTESIAN_POINT('',(146.95,34.204621915296,-18.50079080998));
#3980 = SURFACE_CURVE('',#3981,(#3985,#3992),.PCURVE_S1.);
#3981 = LINE('',#3982,#3983);
#3982 = CARTESIAN_POINT('',(146.95,34.675,-18.55022953886));
#3983 = VECTOR('',#3984,1.);
#3984 = DIRECTION('',(-0.,-0.994521895368,0.104528463268));
#3985 = PCURVE('',#1800,#3986);
#3986 = DEFINITIONAL_REPRESENTATION('',(#3987),#3991);
#3987 = LINE('',#3988,#3989);
#3988 = CARTESIAN_POINT('',(81.798098542492,-146.95));
#3989 = VECTOR('',#3990,1.);
#3990 = DIRECTION('',(-1.,0.));
#3991 = ( GEOMETRIC_REPRESENTATION_CONTEXT(2) 
PARAMETRIC_REPRESENTATION_CONTEXT() REPRESENTATION_CONTEXT('2D SPACE',''
  ) );
#3992 = PCURVE('',#3993,#3998);
#3993 = CYLINDRICAL_SURFACE('',#3994,4.5);
#3994 = AXIS2_PLACEMENT_3D('',#3995,#3996,#3997);
#3995 = CARTESIAN_POINT('',(146.95,35.145378084704,-14.0748810097));
#3996 = DIRECTION('',(-0.,-0.994521895368,0.104528463268));
#3997 = DIRECTION('',(1.,-0.,0.));
#3998 = DEFINITIONAL_REPRESENTATION('',(#3999),#4003);
#3999 = LINE('',#4000,#4001);
#4000 = CARTESIAN_POINT('',(-1.570796326795,0.));
#4001 = VECTOR('',#4002,1.);
#4002 = DIRECTION('',(-0.,1.));
#4003 = ( GEOMETRIC_REPRESENTATION_CONTEXT(2) 
PARAMETRIC_REPRESENTATION_CONTEXT() REPRESENTATION_CONTEXT('2D SPACE',''
  ) );
#4004 = ORIENTED_EDGE('',*,*,#4005,.F.);
#4005 = EDGE_CURVE('',#4006,#3978,#4008,.T.);
#4006 = VERTEX_POINT('',#4007);
#4007 = CARTESIAN_POINT('',(139.45,41.704621915296,-19.28907257447));
#4008 = SURFACE_CURVE('',#4009,(#4028,#4050),.PCURVE_S1.);
#4009 = ( BOUNDED_CURVE() B_SPLINE_CURVE(9,(#4010,#4011,#4012,#4013,
    #4014,#4015,#4016,#4017,#4018,#4019,#4020,#4021,#4022,#4023,#4024,
#4025,#4026,#4027),.UNSPECIFIED.,.F.,.F.) B_SPLINE_CURVE_WITH_KNOTS((10,
    8,10),(1.140403526963E+03,1.159306293815E+03,1.159778001902E+03),
.UNSPECIFIED.) CURVE() GEOMETRIC_REPRESENTATION_ITEM() 
RATIONAL_B_SPLINE_CURVE((1.,1.,1.,1.,1.,1.,1.,1.,1.,1.,1.,1.,1.,1.,1.,1.
,1.,1.)) REPRESENTATION_ITEM('') );
#4010 = CARTESIAN_POINT('',(139.45,41.704621915296,-19.28907257447));
#4011 = CARTESIAN_POINT('',(140.66731177658,41.704621915296,
    -19.28907257447));
#4012 = CARTESIAN_POINT('',(141.8845342191,41.482790866658,
    -19.26575719175));
#4013 = CARTESIAN_POINT('',(143.06184799868,41.039381791482,
    -19.21915301999));
#4014 = CARTESIAN_POINT('',(144.15535522286,40.378801701016,
    -19.14972325475));
#4015 = CARTESIAN_POINT('',(145.13036640437,39.516756733283,
    -19.05911867765));
#4016 = CARTESIAN_POINT('',(145.92818576488,38.46337259499,
    -18.94840354336));
#4017 = CARTESIAN_POINT('',(146.51259930825,37.280333521952,
    -18.8240611263));
#4018 = CARTESIAN_POINT('',(146.86013933518,35.999089307968,
    -18.689396933));
#4019 = CARTESIAN_POINT('',(146.94276473905,34.631031648607,
    -18.54560827891));
#4020 = CARTESIAN_POINT('',(146.9446334142,34.572935142266,
    -18.53950209004));
#4021 = CARTESIAN_POINT('',(146.94614276378,34.517967548494,
    -18.53372476313));
#4022 = CARTESIAN_POINT('',(146.94740593533,34.466086433439,
    -18.52827183821));
#4023 = CARTESIAN_POINT('',(146.94846051181,34.413819734738,
    -18.52277838681));
#4024 = CARTESIAN_POINT('',(146.94924504678,34.361175421326,
    -18.51724524651));
#4025 = CARTESIAN_POINT('',(146.94973301285,34.309253850967,
    -18.51178806956));
#4026 = CARTESIAN_POINT('',(146.95,34.25688614693,-18.50628400208));
#4027 = CARTESIAN_POINT('',(146.95,34.204621915296,-18.50079080998));
#4028 = PCURVE('',#1800,#4029);
#4029 = DEFINITIONAL_REPRESENTATION('',(#4030),#4049);
#4030 = B_SPLINE_CURVE_WITH_KNOTS('',9,(#4031,#4032,#4033,#4034,#4035,
    #4036,#4037,#4038,#4039,#4040,#4041,#4042,#4043,#4044,#4045,#4046,
    #4047,#4048),.UNSPECIFIED.,.F.,.F.,(10,8,10),(1.140403526963E+03,
    1.159306293815E+03,1.159778001902E+03),.UNSPECIFIED.);
#4031 = CARTESIAN_POINT('',(88.866441580523,-139.45));
#4032 = CARTESIAN_POINT('',(88.866441580523,-140.6673117765));
#4033 = CARTESIAN_POINT('',(88.643388624454,-141.8845342191));
#4034 = CARTESIAN_POINT('',(88.197537128131,-143.0618479986));
#4035 = CARTESIAN_POINT('',(87.533318377852,-144.1553552228));
#4036 = CARTESIAN_POINT('',(86.666525025442,-145.1303664043));
#4037 = CARTESIAN_POINT('',(85.607338552825,-145.9281857648));
#4038 = CARTESIAN_POINT('',(84.41778296984,-146.5125993082));
#4039 = CARTESIAN_POINT('',(83.129481304535,-146.8601393351));
#4040 = CARTESIAN_POINT('',(81.753888001128,-146.942764739));
#4041 = CARTESIAN_POINT('',(81.695471482986,-146.9446334142));
#4042 = CARTESIAN_POINT('',(81.640201112349,-146.9461427637));
#4043 = CARTESIAN_POINT('',(81.588034221593,-146.9474059353));
#4044 = CARTESIAN_POINT('',(81.535479623321,-146.9484605118));
#4045 = CARTESIAN_POINT('',(81.482545330298,-146.9492450467));
#4046 = CARTESIAN_POINT('',(81.430337761424,-146.9497330128));
#4047 = CARTESIAN_POINT('',(81.377681601429,-146.95));
#4048 = CARTESIAN_POINT('',(81.325129483797,-146.95));
#4049 = ( GEOMETRIC_REPRESENTATION_CONTEXT(2) 
PARAMETRIC_REPRESENTATION_CONTEXT() REPRESENTATION_CONTEXT('2D SPACE',''
  ) );
#4050 = PCURVE('',#3651,#4051);
#4051 = DEFINITIONAL_REPRESENTATION('',(#4052),#4056);
#4052 = LINE('',#4053,#4054);
#4053 = CARTESIAN_POINT('',(19.374474938724,0.));
#4054 = VECTOR('',#4055,1.);
#4055 = DIRECTION('',(0.,1.));
#4056 = ( GEOMETRIC_REPRESENTATION_CONTEXT(2) 
PARAMETRIC_REPRESENTATION_CONTEXT() REPRESENTATION_CONTEXT('2D SPACE',''
  ) );
#4057 = ORIENTED_EDGE('',*,*,#4058,.F.);
#4058 = EDGE_CURVE('',#1770,#4006,#4059,.T.);
#4059 = SURFACE_CURVE('',#4060,(#4064,#4071),.PCURVE_S1.);
#4060 = LINE('',#4061,#4062);
#4061 = CARTESIAN_POINT('',(-139.45,41.704621915296,-19.28907257447));
#4062 = VECTOR('',#4063,1.);
#4063 = DIRECTION('',(1.,0.,0.));
#4064 = PCURVE('',#1800,#4065);
#4065 = DEFINITIONAL_REPRESENTATION('',(#4066),#4070);
#4066 = LINE('',#4067,#4068);
#4067 = CARTESIAN_POINT('',(88.866441580523,139.45));
#4068 = VECTOR('',#4069,1.);
#4069 = DIRECTION('',(0.,-1.));
#4070 = ( GEOMETRIC_REPRESENTATION_CONTEXT(2) 
PARAMETRIC_REPRESENTATION_CONTEXT() REPRESENTATION_CONTEXT('2D SPACE',''
  ) );
#4071 = PCURVE('',#1840,#4072);
#4072 = DEFINITIONAL_REPRESENTATION('',(#4073),#4077);
#4073 = LINE('',#4074,#4075);
#4074 = CARTESIAN_POINT('',(-1.675516081915,0.));
#4075 = VECTOR('',#4076,1.);
#4076 = DIRECTION('',(-0.,1.));
#4077 = ( GEOMETRIC_REPRESENTATION_CONTEXT(2) 
PARAMETRIC_REPRESENTATION_CONTEXT() REPRESENTATION_CONTEXT('2D SPACE',''
  ) );
#4078 = ORIENTED_EDGE('',*,*,#1769,.F.);
#4079 = FACE_BOUND('',#4080,.F.);
#4080 = EDGE_LOOP('',(#4081,#4109,#4143,#4169,#4203,#4229,#4263,#4289));
#4081 = ORIENTED_EDGE('',*,*,#4082,.F.);
#4082 = EDGE_CURVE('',#4083,#4085,#4087,.T.);
#4083 = VERTEX_POINT('',#4084);
#4084 = CARTESIAN_POINT('',(-145.45,34.675,-18.55022953886));
#4085 = VERTEX_POINT('',#4086);
#4086 = CARTESIAN_POINT('',(-145.45,-34.675,-11.26125082318));
#4087 = SURFACE_CURVE('',#4088,(#4092,#4098),.PCURVE_S1.);
#4088 = LINE('',#4089,#4090);
#4089 = CARTESIAN_POINT('',(-145.45,-40.12662098451,-10.68826236865));
#4090 = VECTOR('',#4091,1.);
#4091 = DIRECTION('',(0.,-0.994521895368,0.104528463268));
#4092 = PCURVE('',#1800,#4093);
#4093 = DEFINITIONAL_REPRESENTATION('',(#4094),#4097);
#4094 = B_SPLINE_CURVE_WITH_KNOTS('',1,(#4095,#4096),.UNSPECIFIED.,.F.,
  .F.,(2,2),(-75.2136492247,-5.481650036972),.PIECEWISE_BEZIER_KNOTS.);
#4095 = CARTESIAN_POINT('',(81.798098542492,145.45));
#4096 = CARTESIAN_POINT('',(12.066099354762,145.45));
#4097 = ( GEOMETRIC_REPRESENTATION_CONTEXT(2) 
PARAMETRIC_REPRESENTATION_CONTEXT() REPRESENTATION_CONTEXT('2D SPACE',''
  ) );
#4098 = PCURVE('',#4099,#4104);
#4099 = PLANE('',#4100);
#4100 = AXIS2_PLACEMENT_3D('',#4101,#4102,#4103);
#4101 = CARTESIAN_POINT('',(-145.45,-34.675,-21.81148036205));
#4102 = DIRECTION('',(-1.,0.,0.));
#4103 = DIRECTION('',(0.,1.,0.));
#4104 = DEFINITIONAL_REPRESENTATION('',(#4105),#4108);
#4105 = B_SPLINE_CURVE_WITH_KNOTS('',1,(#4106,#4107),.UNSPECIFIED.,.F.,
  .F.,(2,2),(-75.2136492247,-5.481650036972),.PIECEWISE_BEZIER_KNOTS.);
#4106 = CARTESIAN_POINT('',(69.35,-3.261250823188));
#4107 = CARTESIAN_POINT('',(9.838070312258E-16,-10.55022953886));
#4108 = ( GEOMETRIC_REPRESENTATION_CONTEXT(2) 
PARAMETRIC_REPRESENTATION_CONTEXT() REPRESENTATION_CONTEXT('2D SPACE',''
  ) );
#4109 = ORIENTED_EDGE('',*,*,#4110,.F.);
#4110 = EDGE_CURVE('',#4111,#4083,#4113,.T.);
#4111 = VERTEX_POINT('',#4112);
#4112 = CARTESIAN_POINT('',(-139.45,40.675,-19.18085495045));
#4113 = SURFACE_CURVE('',#4114,(#4119,#4126),.PCURVE_S1.);
#4114 = ELLIPSE('',#4115,6.033049677381,6.);
#4115 = AXIS2_PLACEMENT_3D('',#4116,#4117,#4118);
#4116 = CARTESIAN_POINT('',(-139.45,34.675,-18.55022953886));
#4117 = DIRECTION('',(0.,0.104528463268,0.994521895368));
#4118 = DIRECTION('',(0.,0.994521895368,-0.104528463268));
#4119 = PCURVE('',#1800,#4120);
#4120 = DEFINITIONAL_REPRESENTATION('',(#4121),#4125);
#4121 = ELLIPSE('',#4122,6.033049677381,6.);
#4122 = AXIS2_PLACEMENT_2D('',#4123,#4124);
#4123 = CARTESIAN_POINT('',(81.798098542492,139.45));
#4124 = DIRECTION('',(1.,0.));
#4125 = ( GEOMETRIC_REPRESENTATION_CONTEXT(2) 
PARAMETRIC_REPRESENTATION_CONTEXT() REPRESENTATION_CONTEXT('2D SPACE',''
  ) );
#4126 = PCURVE('',#4127,#4132);
#4127 = CYLINDRICAL_SURFACE('',#4128,6.);
#4128 = AXIS2_PLACEMENT_3D('',#4129,#4130,#4131);
#4129 = CARTESIAN_POINT('',(-139.45,34.675,-21.81148036205));
#4130 = DIRECTION('',(0.,0.,-1.));
#4131 = DIRECTION('',(-1.,0.,0.));
#4132 = DEFINITIONAL_REPRESENTATION('',(#4133),#4142);
#4133 = B_SPLINE_CURVE_WITH_KNOTS('',7,(#4134,#4135,#4136,#4137,#4138,
    #4139,#4140,#4141),.UNSPECIFIED.,.F.,.F.,(8,8),(1.047842570545E-17,
    1.570796326795),.PIECEWISE_BEZIER_KNOTS.);
#4134 = CARTESIAN_POINT('',(1.570796326795,-2.630625411594));
#4135 = CARTESIAN_POINT('',(1.346396851538,-2.630625411594));
#4136 = CARTESIAN_POINT('',(1.121997376282,-2.667673817439));
#4137 = CARTESIAN_POINT('',(0.897597901026,-2.741765254654));
#4138 = CARTESIAN_POINT('',(0.673198425769,-2.848350836694));
#4139 = CARTESIAN_POINT('',(0.448798950513,-2.97822737492));
#4140 = CARTESIAN_POINT('',(0.224399475256,-3.119738811743));
#4141 = CARTESIAN_POINT('',(0.,-3.261250823188));
#4142 = ( GEOMETRIC_REPRESENTATION_CONTEXT(2) 
PARAMETRIC_REPRESENTATION_CONTEXT() REPRESENTATION_CONTEXT('2D SPACE',''
  ) );
#4143 = ORIENTED_EDGE('',*,*,#4144,.F.);
#4144 = EDGE_CURVE('',#4145,#4111,#4147,.T.);
#4145 = VERTEX_POINT('',#4146);
#4146 = CARTESIAN_POINT('',(139.45,40.675,-19.18085495045));
#4147 = SURFACE_CURVE('',#4148,(#4152,#4158),.PCURVE_S1.);
#4148 = LINE('',#4149,#4150);
#4149 = CARTESIAN_POINT('',(-69.725,40.675,-19.18085495045));
#4150 = VECTOR('',#4151,1.);
#4151 = DIRECTION('',(-1.,0.,0.));
#4152 = PCURVE('',#1800,#4153);
#4153 = DEFINITIONAL_REPRESENTATION('',(#4154),#4157);
#4154 = B_SPLINE_CURVE_WITH_KNOTS('',1,(#4155,#4156),.UNSPECIFIED.,.F.,
  .F.,(2,2),(-209.175,69.725),.PIECEWISE_BEZIER_KNOTS.);
#4155 = CARTESIAN_POINT('',(87.831148219873,-139.45));
#4156 = CARTESIAN_POINT('',(87.831148219873,139.45));
#4157 = ( GEOMETRIC_REPRESENTATION_CONTEXT(2) 
PARAMETRIC_REPRESENTATION_CONTEXT() REPRESENTATION_CONTEXT('2D SPACE',''
  ) );
#4158 = PCURVE('',#4159,#4164);
#4159 = PLANE('',#4160);
#4160 = AXIS2_PLACEMENT_3D('',#4161,#4162,#4163);
#4161 = CARTESIAN_POINT('',(-139.45,40.675,-21.81148036205));
#4162 = DIRECTION('',(0.,1.,0.));
#4163 = DIRECTION('',(1.,0.,0.));
#4164 = DEFINITIONAL_REPRESENTATION('',(#4165),#4168);
#4165 = B_SPLINE_CURVE_WITH_KNOTS('',1,(#4166,#4167),.UNSPECIFIED.,.F.,
  .F.,(2,2),(-209.175,69.725),.PIECEWISE_BEZIER_KNOTS.);
#4166 = CARTESIAN_POINT('',(278.9,-2.630625411594));
#4167 = CARTESIAN_POINT('',(0.,-2.630625411594));
#4168 = ( GEOMETRIC_REPRESENTATION_CONTEXT(2) 
PARAMETRIC_REPRESENTATION_CONTEXT() REPRESENTATION_CONTEXT('2D SPACE',''
  ) );
#4169 = ORIENTED_EDGE('',*,*,#4170,.F.);
#4170 = EDGE_CURVE('',#4171,#4145,#4173,.T.);
#4171 = VERTEX_POINT('',#4172);
#4172 = CARTESIAN_POINT('',(145.45,34.675,-18.55022953886));
#4173 = SURFACE_CURVE('',#4174,(#4179,#4186),.PCURVE_S1.);
#4174 = ELLIPSE('',#4175,6.033049677381,6.);
#4175 = AXIS2_PLACEMENT_3D('',#4176,#4177,#4178);
#4176 = CARTESIAN_POINT('',(139.45,34.675,-18.55022953886));
#4177 = DIRECTION('',(0.,0.104528463268,0.994521895368));
#4178 = DIRECTION('',(0.,0.994521895368,-0.104528463268));
#4179 = PCURVE('',#1800,#4180);
#4180 = DEFINITIONAL_REPRESENTATION('',(#4181),#4185);
#4181 = ELLIPSE('',#4182,6.033049677381,6.);
#4182 = AXIS2_PLACEMENT_2D('',#4183,#4184);
#4183 = CARTESIAN_POINT('',(81.798098542492,-139.45));
#4184 = DIRECTION('',(1.,0.));
#4185 = ( GEOMETRIC_REPRESENTATION_CONTEXT(2) 
PARAMETRIC_REPRESENTATION_CONTEXT() REPRESENTATION_CONTEXT('2D SPACE',''
  ) );
#4186 = PCURVE('',#4187,#4192);
#4187 = CYLINDRICAL_SURFACE('',#4188,6.);
#4188 = AXIS2_PLACEMENT_3D('',#4189,#4190,#4191);
#4189 = CARTESIAN_POINT('',(139.45,34.675,-21.81148036205));
#4190 = DIRECTION('',(0.,0.,-1.));
#4191 = DIRECTION('',(-1.,0.,0.));
#4192 = DEFINITIONAL_REPRESENTATION('',(#4193),#4202);
#4193 = B_SPLINE_CURVE_WITH_KNOTS('',7,(#4194,#4195,#4196,#4197,#4198,
    #4199,#4200,#4201),.UNSPECIFIED.,.F.,.F.,(8,8),(4.712388980385,
    6.28318530718),.PIECEWISE_BEZIER_KNOTS.);
#4194 = CARTESIAN_POINT('',(3.14159265359,-3.261250823188));
#4195 = CARTESIAN_POINT('',(2.917193178333,-3.119738811743));
#4196 = CARTESIAN_POINT('',(2.692793703077,-2.97822737492));
#4197 = CARTESIAN_POINT('',(2.46839422782,-2.848350836694));
#4198 = CARTESIAN_POINT('',(2.243994752565,-2.741765254654));
#4199 = CARTESIAN_POINT('',(2.019595277307,-2.667673817439));
#4200 = CARTESIAN_POINT('',(1.795195802051,-2.630625411594));
#4201 = CARTESIAN_POINT('',(1.570796326795,-2.630625411594));
#4202 = ( GEOMETRIC_REPRESENTATION_CONTEXT(2) 
PARAMETRIC_REPRESENTATION_CONTEXT() REPRESENTATION_CONTEXT('2D SPACE',''
  ) );
#4203 = ORIENTED_EDGE('',*,*,#4204,.T.);
#4204 = EDGE_CURVE('',#4171,#4205,#4207,.T.);
#4205 = VERTEX_POINT('',#4206);
#4206 = CARTESIAN_POINT('',(145.45,-34.675,-11.26125082318));
#4207 = SURFACE_CURVE('',#4208,(#4212,#4218),.PCURVE_S1.);
#4208 = LINE('',#4209,#4210);
#4209 = CARTESIAN_POINT('',(145.45,-40.12662098451,-10.68826236865));
#4210 = VECTOR('',#4211,1.);
#4211 = DIRECTION('',(0.,-0.994521895368,0.104528463268));
#4212 = PCURVE('',#1800,#4213);
#4213 = DEFINITIONAL_REPRESENTATION('',(#4214),#4217);
#4214 = B_SPLINE_CURVE_WITH_KNOTS('',1,(#4215,#4216),.UNSPECIFIED.,.F.,
  .F.,(2,2),(-75.2136492247,-5.481650036972),.PIECEWISE_BEZIER_KNOTS.);
#4215 = CARTESIAN_POINT('',(81.798098542492,-145.45));
#4216 = CARTESIAN_POINT('',(12.066099354762,-145.45));
#4217 = ( GEOMETRIC_REPRESENTATION_CONTEXT(2) 
PARAMETRIC_REPRESENTATION_CONTEXT() REPRESENTATION_CONTEXT('2D SPACE',''
  ) );
#4218 = PCURVE('',#4219,#4224);
#4219 = PLANE('',#4220);
#4220 = AXIS2_PLACEMENT_3D('',#4221,#4222,#4223);
#4221 = CARTESIAN_POINT('',(145.45,-34.675,-21.81148036205));
#4222 = DIRECTION('',(-1.,0.,0.));
#4223 = DIRECTION('',(0.,1.,0.));
#4224 = DEFINITIONAL_REPRESENTATION('',(#4225),#4228);
#4225 = B_SPLINE_CURVE_WITH_KNOTS('',1,(#4226,#4227),.UNSPECIFIED.,.F.,
  .F.,(2,2),(-75.2136492247,-5.481650036972),.PIECEWISE_BEZIER_KNOTS.);
#4226 = CARTESIAN_POINT('',(69.35,-3.261250823188));
#4227 = CARTESIAN_POINT('',(9.838070312258E-16,-10.55022953886));
#4228 = ( GEOMETRIC_REPRESENTATION_CONTEXT(2) 
PARAMETRIC_REPRESENTATION_CONTEXT() REPRESENTATION_CONTEXT('2D SPACE',''
  ) );
#4229 = ORIENTED_EDGE('',*,*,#4230,.F.);
#4230 = EDGE_CURVE('',#4231,#4205,#4233,.T.);
#4231 = VERTEX_POINT('',#4232);
#4232 = CARTESIAN_POINT('',(139.45,-40.675,-10.63062541159));
#4233 = SURFACE_CURVE('',#4234,(#4239,#4246),.PCURVE_S1.);
#4234 = ELLIPSE('',#4235,6.033049677381,6.);
#4235 = AXIS2_PLACEMENT_3D('',#4236,#4237,#4238);
#4236 = CARTESIAN_POINT('',(139.45,-34.675,-11.26125082318));
#4237 = DIRECTION('',(0.,0.104528463268,0.994521895368));
#4238 = DIRECTION('',(0.,0.994521895368,-0.104528463268));
#4239 = PCURVE('',#1800,#4240);
#4240 = DEFINITIONAL_REPRESENTATION('',(#4241),#4245);
#4241 = ELLIPSE('',#4242,6.033049677381,6.);
#4242 = AXIS2_PLACEMENT_2D('',#4243,#4244);
#4243 = CARTESIAN_POINT('',(12.066099354762,-139.45));
#4244 = DIRECTION('',(1.,0.));
#4245 = ( GEOMETRIC_REPRESENTATION_CONTEXT(2) 
PARAMETRIC_REPRESENTATION_CONTEXT() REPRESENTATION_CONTEXT('2D SPACE',''
  ) );
#4246 = PCURVE('',#4247,#4252);
#4247 = CYLINDRICAL_SURFACE('',#4248,6.);
#4248 = AXIS2_PLACEMENT_3D('',#4249,#4250,#4251);
#4249 = CARTESIAN_POINT('',(139.45,-34.675,-21.81148036205));
#4250 = DIRECTION('',(0.,0.,-1.));
#4251 = DIRECTION('',(-1.,0.,0.));
#4252 = DEFINITIONAL_REPRESENTATION('',(#4253),#4262);
#4253 = B_SPLINE_CURVE_WITH_KNOTS('',7,(#4254,#4255,#4256,#4257,#4258,
    #4259,#4260,#4261),.UNSPECIFIED.,.F.,.F.,(8,8),(3.14159265359,
    4.712388980385),.PIECEWISE_BEZIER_KNOTS.);
#4254 = CARTESIAN_POINT('',(4.712388980385,-11.18085495045));
#4255 = CARTESIAN_POINT('',(4.487989505128,-11.18085495045));
#4256 = CARTESIAN_POINT('',(4.263590029871,-11.14380654461));
#4257 = CARTESIAN_POINT('',(4.039190554618,-11.0697151074));
#4258 = CARTESIAN_POINT('',(3.814791079357,-10.96312952535));
#4259 = CARTESIAN_POINT('',(3.590391604103,-10.83325298713));
#4260 = CARTESIAN_POINT('',(3.365992128846,-10.6917415503));
#4261 = CARTESIAN_POINT('',(3.14159265359,-10.55022953886));
#4262 = ( GEOMETRIC_REPRESENTATION_CONTEXT(2) 
PARAMETRIC_REPRESENTATION_CONTEXT() REPRESENTATION_CONTEXT('2D SPACE',''
  ) );
#4263 = ORIENTED_EDGE('',*,*,#4264,.T.);
#4264 = EDGE_CURVE('',#4231,#4265,#4267,.T.);
#4265 = VERTEX_POINT('',#4266);
#4266 = CARTESIAN_POINT('',(-139.45,-40.675,-10.63062541159));
#4267 = SURFACE_CURVE('',#4268,(#4272,#4278),.PCURVE_S1.);
#4268 = LINE('',#4269,#4270);
#4269 = CARTESIAN_POINT('',(-69.725,-40.675,-10.63062541159));
#4270 = VECTOR('',#4271,1.);
#4271 = DIRECTION('',(-1.,0.,0.));
#4272 = PCURVE('',#1800,#4273);
#4273 = DEFINITIONAL_REPRESENTATION('',(#4274),#4277);
#4274 = B_SPLINE_CURVE_WITH_KNOTS('',1,(#4275,#4276),.UNSPECIFIED.,.F.,
  .F.,(2,2),(-209.175,69.725),.PIECEWISE_BEZIER_KNOTS.);
#4275 = CARTESIAN_POINT('',(6.033049677381,-139.45));
#4276 = CARTESIAN_POINT('',(6.033049677381,139.45));
#4277 = ( GEOMETRIC_REPRESENTATION_CONTEXT(2) 
PARAMETRIC_REPRESENTATION_CONTEXT() REPRESENTATION_CONTEXT('2D SPACE',''
  ) );
#4278 = PCURVE('',#4279,#4284);
#4279 = PLANE('',#4280);
#4280 = AXIS2_PLACEMENT_3D('',#4281,#4282,#4283);
#4281 = CARTESIAN_POINT('',(-139.45,-40.675,-21.81148036205));
#4282 = DIRECTION('',(0.,1.,0.));
#4283 = DIRECTION('',(1.,0.,0.));
#4284 = DEFINITIONAL_REPRESENTATION('',(#4285),#4288);
#4285 = B_SPLINE_CURVE_WITH_KNOTS('',1,(#4286,#4287),.UNSPECIFIED.,.F.,
  .F.,(2,2),(-209.175,69.725),.PIECEWISE_BEZIER_KNOTS.);
#4286 = CARTESIAN_POINT('',(278.9,-11.18085495045));
#4287 = CARTESIAN_POINT('',(0.,-11.18085495045));
#4288 = ( GEOMETRIC_REPRESENTATION_CONTEXT(2) 
PARAMETRIC_REPRESENTATION_CONTEXT() REPRESENTATION_CONTEXT('2D SPACE',''
  ) );
#4289 = ORIENTED_EDGE('',*,*,#4290,.F.);
#4290 = EDGE_CURVE('',#4085,#4265,#4291,.T.);
#4291 = SURFACE_CURVE('',#4292,(#4297,#4304),.PCURVE_S1.);
#4292 = ELLIPSE('',#4293,6.033049677381,6.);
#4293 = AXIS2_PLACEMENT_3D('',#4294,#4295,#4296);
#4294 = CARTESIAN_POINT('',(-139.45,-34.675,-11.26125082318));
#4295 = DIRECTION('',(0.,0.104528463268,0.994521895368));
#4296 = DIRECTION('',(0.,0.994521895368,-0.104528463268));
#4297 = PCURVE('',#1800,#4298);
#4298 = DEFINITIONAL_REPRESENTATION('',(#4299),#4303);
#4299 = ELLIPSE('',#4300,6.033049677381,6.);
#4300 = AXIS2_PLACEMENT_2D('',#4301,#4302);
#4301 = CARTESIAN_POINT('',(12.066099354762,139.45));
#4302 = DIRECTION('',(1.,0.));
#4303 = ( GEOMETRIC_REPRESENTATION_CONTEXT(2) 
PARAMETRIC_REPRESENTATION_CONTEXT() REPRESENTATION_CONTEXT('2D SPACE',''
  ) );
#4304 = PCURVE('',#4305,#4310);
#4305 = CYLINDRICAL_SURFACE('',#4306,6.);
#4306 = AXIS2_PLACEMENT_3D('',#4307,#4308,#4309);
#4307 = CARTESIAN_POINT('',(-139.45,-34.675,-21.81148036205));
#4308 = DIRECTION('',(0.,0.,-1.));
#4309 = DIRECTION('',(-1.,0.,0.));
#4310 = DEFINITIONAL_REPRESENTATION('',(#4311),#4320);
#4311 = B_SPLINE_CURVE_WITH_KNOTS('',7,(#4312,#4313,#4314,#4315,#4316,
    #4317,#4318,#4319),.UNSPECIFIED.,.F.,.F.,(8,8),(1.570796326795,
    3.14159265359),.PIECEWISE_BEZIER_KNOTS.);
#4312 = CARTESIAN_POINT('',(6.28318530718,-10.55022953886));
#4313 = CARTESIAN_POINT('',(6.058785831923,-10.6917415503));
#4314 = CARTESIAN_POINT('',(5.834386356667,-10.83325298713));
#4315 = CARTESIAN_POINT('',(5.60998688141,-10.96312952535));
#4316 = CARTESIAN_POINT('',(5.385587406154,-11.0697151074));
#4317 = CARTESIAN_POINT('',(5.161187930898,-11.14380654461));
#4318 = CARTESIAN_POINT('',(4.936788455641,-11.18085495045));
#4319 = CARTESIAN_POINT('',(4.712388980385,-11.18085495045));
#4320 = ( GEOMETRIC_REPRESENTATION_CONTEXT(2) 
PARAMETRIC_REPRESENTATION_CONTEXT() REPRESENTATION_CONTEXT('2D SPACE',''
  ) );
#4321 = ADVANCED_FACE('',(#4322),#1840,.T.);
#4322 = FACE_BOUND('',#4323,.F.);
#4323 = EDGE_LOOP('',(#4324,#4325,#4326,#4378));
#4324 = ORIENTED_EDGE('',*,*,#1827,.T.);
#4325 = ORIENTED_EDGE('',*,*,#4058,.T.);
#4326 = ORIENTED_EDGE('',*,*,#4327,.F.);
#4327 = EDGE_CURVE('',#1866,#4006,#4328,.T.);
#4328 = SURFACE_CURVE('',#4329,(#4334,#4340),.PCURVE_S1.);
#4329 = CIRCLE('',#4330,4.5);
#4330 = AXIS2_PLACEMENT_3D('',#4331,#4332,#4333);
#4331 = CARTESIAN_POINT('',(139.45,42.175,-14.81372404532));
#4332 = DIRECTION('',(-1.,0.,-0.));
#4333 = DIRECTION('',(-0.,1.,0.));
#4334 = PCURVE('',#1840,#4335);
#4335 = DEFINITIONAL_REPRESENTATION('',(#4336),#4339);
#4336 = B_SPLINE_CURVE_WITH_KNOTS('',1,(#4337,#4338),.UNSPECIFIED.,.F.,
  .F.,(2,2),(0.,1.675516081915),.PIECEWISE_BEZIER_KNOTS.);
#4337 = CARTESIAN_POINT('',(0.,278.9));
#4338 = CARTESIAN_POINT('',(-1.675516081915,278.9));
#4339 = ( GEOMETRIC_REPRESENTATION_CONTEXT(2) 
PARAMETRIC_REPRESENTATION_CONTEXT() REPRESENTATION_CONTEXT('2D SPACE',''
  ) );
#4340 = PCURVE('',#3651,#4341);
#4341 = DEFINITIONAL_REPRESENTATION('',(#4342),#4377);
#4342 = B_SPLINE_CURVE_WITH_KNOTS('',9,(#4343,#4344,#4345,#4346,#4347,
    #4348,#4349,#4350,#4351,#4352,#4353,#4354,#4355,#4356,#4357,#4358,
    #4359,#4360,#4361,#4362,#4363,#4364,#4365,#4366,#4367,#4368,#4369,
    #4370,#4371,#4372,#4373,#4374,#4375,#4376),.UNSPECIFIED.,.F.,.F.,(10
    ,8,8,8,10),(0.,0.418879020479,0.837758040957,1.256637061436,
    1.675516081915),.UNSPECIFIED.);
#4343 = CARTESIAN_POINT('',(1.7763568394E-15,1.140403526963E+03));
#4344 = CARTESIAN_POINT('',(0.606698034144,1.140403526963E+03));
#4345 = CARTESIAN_POINT('',(1.199252859299,1.140403526963E+03));
#4346 = CARTESIAN_POINT('',(1.779179175864,1.140403526963E+03));
#4347 = CARTESIAN_POINT('',(2.347841214834,1.140403526963E+03));
#4348 = CARTESIAN_POINT('',(2.906477340976,1.140403526963E+03));
#4349 = CARTESIAN_POINT('',(3.456228138277,1.140403526963E+03));
#4350 = CARTESIAN_POINT('',(3.998154811896,1.140403526963E+03));
#4351 = CARTESIAN_POINT('',(4.533249607599,1.140403526963E+03));
#4352 = CARTESIAN_POINT('',(5.591660025017,1.140403526963E+03));
#4353 = CARTESIAN_POINT('',(6.114975162744,1.140403526963E+03));
#4354 = CARTESIAN_POINT('',(6.633345230747,1.140403526964E+03));
#4355 = CARTESIAN_POINT('',(7.147647468844,1.140403526963E+03));
#4356 = CARTESIAN_POINT('',(7.658749520521,1.140403526964E+03));
#4357 = CARTESIAN_POINT('',(8.167456585318,1.140403526963E+03));
#4358 = CARTESIAN_POINT('',(8.674579212653,1.140403526963E+03));
#4359 = CARTESIAN_POINT('',(9.180908338432,1.140403526963E+03));
#4360 = CARTESIAN_POINT('',(10.193566600292,1.140403526963E+03));
#4361 = CARTESIAN_POINT('',(10.699895726072,1.140403526963E+03));
#4362 = CARTESIAN_POINT('',(11.207018353405,1.140403526963E+03));
#4363 = CARTESIAN_POINT('',(11.715725418205,1.140403526963E+03));
#4364 = CARTESIAN_POINT('',(12.226827469879,1.140403526963E+03));
#4365 = CARTESIAN_POINT('',(12.741129707979,1.140403526963E+03));
#4366 = CARTESIAN_POINT('',(13.259499775979,1.140403526963E+03));
#4367 = CARTESIAN_POINT('',(13.782814913707,1.140403526963E+03));
#4368 = CARTESIAN_POINT('',(14.841225331125,1.140403526963E+03));
#4369 = CARTESIAN_POINT('',(15.376320126829,1.140403526963E+03));
#4370 = CARTESIAN_POINT('',(15.918246800446,1.140403526963E+03));
#4371 = CARTESIAN_POINT('',(16.46799759775,1.140403526963E+03));
#4372 = CARTESIAN_POINT('',(17.02663372389,1.140403526963E+03));
#4373 = CARTESIAN_POINT('',(17.59529576286,1.140403526963E+03));
#4374 = CARTESIAN_POINT('',(18.175222079425,1.140403526963E+03));
#4375 = CARTESIAN_POINT('',(18.767776904581,1.140403526963E+03));
#4376 = CARTESIAN_POINT('',(19.374474938724,1.140403526963E+03));
#4377 = ( GEOMETRIC_REPRESENTATION_CONTEXT(2) 
PARAMETRIC_REPRESENTATION_CONTEXT() REPRESENTATION_CONTEXT('2D SPACE',''
  ) );
#4378 = ORIENTED_EDGE('',*,*,#1888,.F.);
#4379 = ADVANCED_FACE('',(#4380),#1931,.F.);
#4380 = FACE_BOUND('',#4381,.F.);
#4381 = EDGE_LOOP('',(#4382,#4405,#4433,#4454));
#4382 = ORIENTED_EDGE('',*,*,#4383,.T.);
#4383 = EDGE_CURVE('',#1914,#4384,#4386,.T.);
#4384 = VERTEX_POINT('',#4385);
#4385 = CARTESIAN_POINT('',(-117.6850003,46.075,2.62));
#4386 = SURFACE_CURVE('',#4387,(#4391,#4398),.PCURVE_S1.);
#4387 = LINE('',#4388,#4389);
#4388 = CARTESIAN_POINT('',(-117.6850003,46.675,2.62));
#4389 = VECTOR('',#4390,1.);
#4390 = DIRECTION('',(-0.,-1.,0.));
#4391 = PCURVE('',#1931,#4392);
#4392 = DEFINITIONAL_REPRESENTATION('',(#4393),#4397);
#4393 = LINE('',#4394,#4395);
#4394 = CARTESIAN_POINT('',(0.,0.));
#4395 = VECTOR('',#4396,1.);
#4396 = DIRECTION('',(0.,-1.));
#4397 = ( GEOMETRIC_REPRESENTATION_CONTEXT(2) 
PARAMETRIC_REPRESENTATION_CONTEXT() REPRESENTATION_CONTEXT('2D SPACE',''
  ) );
#4398 = PCURVE('',#1964,#4399);
#4399 = DEFINITIONAL_REPRESENTATION('',(#4400),#4404);
#4400 = LINE('',#4401,#4402);
#4401 = CARTESIAN_POINT('',(-1.570796326795,0.));
#4402 = VECTOR('',#4403,1.);
#4403 = DIRECTION('',(-0.,-1.));
#4404 = ( GEOMETRIC_REPRESENTATION_CONTEXT(2) 
PARAMETRIC_REPRESENTATION_CONTEXT() REPRESENTATION_CONTEXT('2D SPACE',''
  ) );
#4405 = ORIENTED_EDGE('',*,*,#4406,.T.);
#4406 = EDGE_CURVE('',#4384,#4407,#4409,.T.);
#4407 = VERTEX_POINT('',#4408);
#4408 = CARTESIAN_POINT('',(-82.3149997,46.075,2.62));
#4409 = SURFACE_CURVE('',#4410,(#4414,#4421),.PCURVE_S1.);
#4410 = LINE('',#4411,#4412);
#4411 = CARTESIAN_POINT('',(-117.6850003,46.075,2.62));
#4412 = VECTOR('',#4413,1.);
#4413 = DIRECTION('',(1.,0.,0.));
#4414 = PCURVE('',#1931,#4415);
#4415 = DEFINITIONAL_REPRESENTATION('',(#4416),#4420);
#4416 = LINE('',#4417,#4418);
#4417 = CARTESIAN_POINT('',(0.,-0.6));
#4418 = VECTOR('',#4419,1.);
#4419 = DIRECTION('',(1.,0.));
#4420 = ( GEOMETRIC_REPRESENTATION_CONTEXT(2) 
PARAMETRIC_REPRESENTATION_CONTEXT() REPRESENTATION_CONTEXT('2D SPACE',''
  ) );
#4421 = PCURVE('',#4422,#4427);
#4422 = PLANE('',#4423);
#4423 = AXIS2_PLACEMENT_3D('',#4424,#4425,#4426);
#4424 = CARTESIAN_POINT('',(-100.,46.075,-1.63));
#4425 = DIRECTION('',(0.,1.,0.));
#4426 = DIRECTION('',(-1.,0.,0.));
#4427 = DEFINITIONAL_REPRESENTATION('',(#4428),#4432);
#4428 = LINE('',#4429,#4430);
#4429 = CARTESIAN_POINT('',(17.6850003,4.25));
#4430 = VECTOR('',#4431,1.);
#4431 = DIRECTION('',(-1.,0.));
#4432 = ( GEOMETRIC_REPRESENTATION_CONTEXT(2) 
PARAMETRIC_REPRESENTATION_CONTEXT() REPRESENTATION_CONTEXT('2D SPACE',''
  ) );
#4433 = ORIENTED_EDGE('',*,*,#4434,.F.);
#4434 = EDGE_CURVE('',#1916,#4407,#4435,.T.);
#4435 = SURFACE_CURVE('',#4436,(#4440,#4447),.PCURVE_S1.);
#4436 = LINE('',#4437,#4438);
#4437 = CARTESIAN_POINT('',(-82.3149997,46.675,2.62));
#4438 = VECTOR('',#4439,1.);
#4439 = DIRECTION('',(-0.,-1.,0.));
#4440 = PCURVE('',#1931,#4441);
#4441 = DEFINITIONAL_REPRESENTATION('',(#4442),#4446);
#4442 = LINE('',#4443,#4444);
#4443 = CARTESIAN_POINT('',(35.3700006,0.));
#4444 = VECTOR('',#4445,1.);
#4445 = DIRECTION('',(0.,-1.));
#4446 = ( GEOMETRIC_REPRESENTATION_CONTEXT(2) 
PARAMETRIC_REPRESENTATION_CONTEXT() REPRESENTATION_CONTEXT('2D SPACE',''
  ) );
#4447 = PCURVE('',#2023,#4448);
#4448 = DEFINITIONAL_REPRESENTATION('',(#4449),#4453);
#4449 = LINE('',#4450,#4451);
#4450 = CARTESIAN_POINT('',(-4.712388980385,0.));
#4451 = VECTOR('',#4452,1.);
#4452 = DIRECTION('',(-0.,-1.));
#4453 = ( GEOMETRIC_REPRESENTATION_CONTEXT(2) 
PARAMETRIC_REPRESENTATION_CONTEXT() REPRESENTATION_CONTEXT('2D SPACE',''
  ) );
#4454 = ORIENTED_EDGE('',*,*,#1913,.F.);
#4455 = ADVANCED_FACE('',(#4456),#2023,.F.);
#4456 = FACE_BOUND('',#4457,.T.);
#4457 = EDGE_LOOP('',(#4458,#4481,#4507,#4508));
#4458 = ORIENTED_EDGE('',*,*,#4459,.T.);
#4459 = EDGE_CURVE('',#1977,#4460,#4462,.T.);
#4460 = VERTEX_POINT('',#4461);
#4461 = CARTESIAN_POINT('',(-82.3149997,46.075,-5.88));
#4462 = SURFACE_CURVE('',#4463,(#4467,#4474),.PCURVE_S1.);
#4463 = LINE('',#4464,#4465);
#4464 = CARTESIAN_POINT('',(-82.3149997,46.675,-5.88));
#4465 = VECTOR('',#4466,1.);
#4466 = DIRECTION('',(-0.,-1.,0.));
#4467 = PCURVE('',#2023,#4468);
#4468 = DEFINITIONAL_REPRESENTATION('',(#4469),#4473);
#4469 = LINE('',#4470,#4471);
#4470 = CARTESIAN_POINT('',(-1.570796326795,0.));
#4471 = VECTOR('',#4472,1.);
#4472 = DIRECTION('',(-0.,-1.));
#4473 = ( GEOMETRIC_REPRESENTATION_CONTEXT(2) 
PARAMETRIC_REPRESENTATION_CONTEXT() REPRESENTATION_CONTEXT('2D SPACE',''
  ) );
#4474 = PCURVE('',#1992,#4475);
#4475 = DEFINITIONAL_REPRESENTATION('',(#4476),#4480);
#4476 = LINE('',#4477,#4478);
#4477 = CARTESIAN_POINT('',(0.,0.));
#4478 = VECTOR('',#4479,1.);
#4479 = DIRECTION('',(0.,-1.));
#4480 = ( GEOMETRIC_REPRESENTATION_CONTEXT(2) 
PARAMETRIC_REPRESENTATION_CONTEXT() REPRESENTATION_CONTEXT('2D SPACE',''
  ) );
#4481 = ORIENTED_EDGE('',*,*,#4482,.T.);
#4482 = EDGE_CURVE('',#4460,#4407,#4483,.T.);
#4483 = SURFACE_CURVE('',#4484,(#4489,#4496),.PCURVE_S1.);
#4484 = CIRCLE('',#4485,4.25);
#4485 = AXIS2_PLACEMENT_3D('',#4486,#4487,#4488);
#4486 = CARTESIAN_POINT('',(-82.3149997,46.075,-1.63));
#4487 = DIRECTION('',(-0.,-1.,-0.));
#4488 = DIRECTION('',(-1.,0.,0.));
#4489 = PCURVE('',#2023,#4490);
#4490 = DEFINITIONAL_REPRESENTATION('',(#4491),#4495);
#4491 = LINE('',#4492,#4493);
#4492 = CARTESIAN_POINT('',(-0.,-0.6));
#4493 = VECTOR('',#4494,1.);
#4494 = DIRECTION('',(-1.,0.));
#4495 = ( GEOMETRIC_REPRESENTATION_CONTEXT(2) 
PARAMETRIC_REPRESENTATION_CONTEXT() REPRESENTATION_CONTEXT('2D SPACE',''
  ) );
#4496 = PCURVE('',#4422,#4497);
#4497 = DEFINITIONAL_REPRESENTATION('',(#4498),#4506);
#4498 = ( BOUNDED_CURVE() B_SPLINE_CURVE(2,(#4499,#4500,#4501,#4502,
#4503,#4504,#4505),.UNSPECIFIED.,.T.,.F.) B_SPLINE_CURVE_WITH_KNOTS((1,2
    ,2,2,2,1),(-2.094395102393,0.,2.094395102393,4.188790204786,
6.28318530718,8.377580409573),.UNSPECIFIED.) CURVE() 
GEOMETRIC_REPRESENTATION_ITEM() RATIONAL_B_SPLINE_CURVE((1.,0.5,1.,0.5,
1.,0.5,1.)) REPRESENTATION_ITEM('') );
#4499 = CARTESIAN_POINT('',(-13.4350003,0.));
#4500 = CARTESIAN_POINT('',(-13.4350003,-7.361215932168));
#4501 = CARTESIAN_POINT('',(-19.8100003,-3.680607966084));
#4502 = CARTESIAN_POINT('',(-26.1850003,-1.040949779275E-15));
#4503 = CARTESIAN_POINT('',(-19.8100003,3.680607966084));
#4504 = CARTESIAN_POINT('',(-13.4350003,7.361215932168));
#4505 = CARTESIAN_POINT('',(-13.4350003,0.));
#4506 = ( GEOMETRIC_REPRESENTATION_CONTEXT(2) 
PARAMETRIC_REPRESENTATION_CONTEXT() REPRESENTATION_CONTEXT('2D SPACE',''
  ) );
#4507 = ORIENTED_EDGE('',*,*,#4434,.F.);
#4508 = ORIENTED_EDGE('',*,*,#2004,.F.);
#4509 = ADVANCED_FACE('',(#4510),#1992,.F.);
#4510 = FACE_BOUND('',#4511,.F.);
#4511 = EDGE_LOOP('',(#4512,#4513,#4536,#4557));
#4512 = ORIENTED_EDGE('',*,*,#4459,.T.);
#4513 = ORIENTED_EDGE('',*,*,#4514,.T.);
#4514 = EDGE_CURVE('',#4460,#4515,#4517,.T.);
#4515 = VERTEX_POINT('',#4516);
#4516 = CARTESIAN_POINT('',(-117.6850003,46.075,-5.88));
#4517 = SURFACE_CURVE('',#4518,(#4522,#4529),.PCURVE_S1.);
#4518 = LINE('',#4519,#4520);
#4519 = CARTESIAN_POINT('',(-82.3149997,46.075,-5.88));
#4520 = VECTOR('',#4521,1.);
#4521 = DIRECTION('',(-1.,0.,0.));
#4522 = PCURVE('',#1992,#4523);
#4523 = DEFINITIONAL_REPRESENTATION('',(#4524),#4528);
#4524 = LINE('',#4525,#4526);
#4525 = CARTESIAN_POINT('',(0.,-0.6));
#4526 = VECTOR('',#4527,1.);
#4527 = DIRECTION('',(1.,0.));
#4528 = ( GEOMETRIC_REPRESENTATION_CONTEXT(2) 
PARAMETRIC_REPRESENTATION_CONTEXT() REPRESENTATION_CONTEXT('2D SPACE',''
  ) );
#4529 = PCURVE('',#4422,#4530);
#4530 = DEFINITIONAL_REPRESENTATION('',(#4531),#4535);
#4531 = LINE('',#4532,#4533);
#4532 = CARTESIAN_POINT('',(-17.6850003,-4.25));
#4533 = VECTOR('',#4534,1.);
#4534 = DIRECTION('',(1.,0.));
#4535 = ( GEOMETRIC_REPRESENTATION_CONTEXT(2) 
PARAMETRIC_REPRESENTATION_CONTEXT() REPRESENTATION_CONTEXT('2D SPACE',''
  ) );
#4536 = ORIENTED_EDGE('',*,*,#4537,.F.);
#4537 = EDGE_CURVE('',#1944,#4515,#4538,.T.);
#4538 = SURFACE_CURVE('',#4539,(#4543,#4550),.PCURVE_S1.);
#4539 = LINE('',#4540,#4541);
#4540 = CARTESIAN_POINT('',(-117.6850003,46.675,-5.88));
#4541 = VECTOR('',#4542,1.);
#4542 = DIRECTION('',(-0.,-1.,0.));
#4543 = PCURVE('',#1992,#4544);
#4544 = DEFINITIONAL_REPRESENTATION('',(#4545),#4549);
#4545 = LINE('',#4546,#4547);
#4546 = CARTESIAN_POINT('',(35.3700006,0.));
#4547 = VECTOR('',#4548,1.);
#4548 = DIRECTION('',(0.,-1.));
#4549 = ( GEOMETRIC_REPRESENTATION_CONTEXT(2) 
PARAMETRIC_REPRESENTATION_CONTEXT() REPRESENTATION_CONTEXT('2D SPACE',''
  ) );
#4550 = PCURVE('',#1964,#4551);
#4551 = DEFINITIONAL_REPRESENTATION('',(#4552),#4556);
#4552 = LINE('',#4553,#4554);
#4553 = CARTESIAN_POINT('',(-4.712388980385,0.));
#4554 = VECTOR('',#4555,1.);
#4555 = DIRECTION('',(-0.,-1.));
#4556 = ( GEOMETRIC_REPRESENTATION_CONTEXT(2) 
PARAMETRIC_REPRESENTATION_CONTEXT() REPRESENTATION_CONTEXT('2D SPACE',''
  ) );
#4557 = ORIENTED_EDGE('',*,*,#1976,.F.);
#4558 = ADVANCED_FACE('',(#4559),#1964,.F.);
#4559 = FACE_BOUND('',#4560,.T.);
#4560 = EDGE_LOOP('',(#4561,#4562,#4588,#4589));
#4561 = ORIENTED_EDGE('',*,*,#4383,.T.);
#4562 = ORIENTED_EDGE('',*,*,#4563,.T.);
#4563 = EDGE_CURVE('',#4384,#4515,#4564,.T.);
#4564 = SURFACE_CURVE('',#4565,(#4570,#4577),.PCURVE_S1.);
#4565 = CIRCLE('',#4566,4.25);
#4566 = AXIS2_PLACEMENT_3D('',#4567,#4568,#4569);
#4567 = CARTESIAN_POINT('',(-117.6850003,46.075,-1.63));
#4568 = DIRECTION('',(0.,-1.,0.));
#4569 = DIRECTION('',(1.,0.,0.));
#4570 = PCURVE('',#1964,#4571);
#4571 = DEFINITIONAL_REPRESENTATION('',(#4572),#4576);
#4572 = LINE('',#4573,#4574);
#4573 = CARTESIAN_POINT('',(-0.,-0.6));
#4574 = VECTOR('',#4575,1.);
#4575 = DIRECTION('',(-1.,0.));
#4576 = ( GEOMETRIC_REPRESENTATION_CONTEXT(2) 
PARAMETRIC_REPRESENTATION_CONTEXT() REPRESENTATION_CONTEXT('2D SPACE',''
  ) );
#4577 = PCURVE('',#4422,#4578);
#4578 = DEFINITIONAL_REPRESENTATION('',(#4579),#4587);
#4579 = ( BOUNDED_CURVE() B_SPLINE_CURVE(2,(#4580,#4581,#4582,#4583,
#4584,#4585,#4586),.UNSPECIFIED.,.T.,.F.) B_SPLINE_CURVE_WITH_KNOTS((1,2
    ,2,2,2,1),(-2.094395102393,0.,2.094395102393,4.188790204786,
6.28318530718,8.377580409573),.UNSPECIFIED.) CURVE() 
GEOMETRIC_REPRESENTATION_ITEM() RATIONAL_B_SPLINE_CURVE((1.,0.5,1.,0.5,
1.,0.5,1.)) REPRESENTATION_ITEM('') );
#4580 = CARTESIAN_POINT('',(13.4350003,0.));
#4581 = CARTESIAN_POINT('',(13.4350003,7.361215932168));
#4582 = CARTESIAN_POINT('',(19.8100003,3.680607966084));
#4583 = CARTESIAN_POINT('',(26.1850003,1.040949779275E-15));
#4584 = CARTESIAN_POINT('',(19.8100003,-3.680607966084));
#4585 = CARTESIAN_POINT('',(13.4350003,-7.361215932168));
#4586 = CARTESIAN_POINT('',(13.4350003,0.));
#4587 = ( GEOMETRIC_REPRESENTATION_CONTEXT(2) 
PARAMETRIC_REPRESENTATION_CONTEXT() REPRESENTATION_CONTEXT('2D SPACE',''
  ) );
#4588 = ORIENTED_EDGE('',*,*,#4537,.F.);
#4589 = ORIENTED_EDGE('',*,*,#1943,.F.);
#4590 = ADVANCED_FACE('',(#4591),#2054,.T.);
#4591 = FACE_BOUND('',#4592,.T.);
#4592 = EDGE_LOOP('',(#4593,#4618,#4639,#4640));
#4593 = ORIENTED_EDGE('',*,*,#4594,.F.);
#4594 = EDGE_CURVE('',#4595,#4597,#4599,.T.);
#4595 = VERTEX_POINT('',#4596);
#4596 = CARTESIAN_POINT('',(2.75,37.675,-5.88));
#4597 = VERTEX_POINT('',#4598);
#4598 = CARTESIAN_POINT('',(-2.75,37.675,-5.88));
#4599 = SURFACE_CURVE('',#4600,(#4604,#4611),.PCURVE_S1.);
#4600 = LINE('',#4601,#4602);
#4601 = CARTESIAN_POINT('',(2.75,37.675,-5.88));
#4602 = VECTOR('',#4603,1.);
#4603 = DIRECTION('',(-1.,0.,0.));
#4604 = PCURVE('',#2054,#4605);
#4605 = DEFINITIONAL_REPRESENTATION('',(#4606),#4610);
#4606 = LINE('',#4607,#4608);
#4607 = CARTESIAN_POINT('',(0.,0.));
#4608 = VECTOR('',#4609,1.);
#4609 = DIRECTION('',(1.,0.));
#4610 = ( GEOMETRIC_REPRESENTATION_CONTEXT(2) 
PARAMETRIC_REPRESENTATION_CONTEXT() REPRESENTATION_CONTEXT('2D SPACE',''
  ) );
#4611 = PCURVE('',#2956,#4612);
#4612 = DEFINITIONAL_REPRESENTATION('',(#4613),#4617);
#4613 = LINE('',#4614,#4615);
#4614 = CARTESIAN_POINT('',(2.75,4.25));
#4615 = VECTOR('',#4616,1.);
#4616 = DIRECTION('',(-1.,0.));
#4617 = ( GEOMETRIC_REPRESENTATION_CONTEXT(2) 
PARAMETRIC_REPRESENTATION_CONTEXT() REPRESENTATION_CONTEXT('2D SPACE',''
  ) );
#4618 = ORIENTED_EDGE('',*,*,#4619,.T.);
#4619 = EDGE_CURVE('',#4595,#2040,#4620,.T.);
#4620 = SURFACE_CURVE('',#4621,(#4625,#4632),.PCURVE_S1.);
#4621 = LINE('',#4622,#4623);
#4622 = CARTESIAN_POINT('',(2.75,37.675,-5.88));
#4623 = VECTOR('',#4624,1.);
#4624 = DIRECTION('',(-0.,1.,0.));
#4625 = PCURVE('',#2054,#4626);
#4626 = DEFINITIONAL_REPRESENTATION('',(#4627),#4631);
#4627 = LINE('',#4628,#4629);
#4628 = CARTESIAN_POINT('',(0.,0.));
#4629 = VECTOR('',#4630,1.);
#4630 = DIRECTION('',(0.,-1.));
#4631 = ( GEOMETRIC_REPRESENTATION_CONTEXT(2) 
PARAMETRIC_REPRESENTATION_CONTEXT() REPRESENTATION_CONTEXT('2D SPACE',''
  ) );
#4632 = PCURVE('',#2086,#4633);
#4633 = DEFINITIONAL_REPRESENTATION('',(#4634),#4638);
#4634 = LINE('',#4635,#4636);
#4635 = CARTESIAN_POINT('',(1.570796326795,0.));
#4636 = VECTOR('',#4637,1.);
#4637 = DIRECTION('',(0.,-1.));
#4638 = ( GEOMETRIC_REPRESENTATION_CONTEXT(2) 
PARAMETRIC_REPRESENTATION_CONTEXT() REPRESENTATION_CONTEXT('2D SPACE',''
  ) );
#4639 = ORIENTED_EDGE('',*,*,#2037,.F.);
#4640 = ORIENTED_EDGE('',*,*,#4641,.F.);
#4641 = EDGE_CURVE('',#4597,#2038,#4642,.T.);
#4642 = SURFACE_CURVE('',#4643,(#4647,#4654),.PCURVE_S1.);
#4643 = LINE('',#4644,#4645);
#4644 = CARTESIAN_POINT('',(-2.75,37.675,-5.88));
#4645 = VECTOR('',#4646,1.);
#4646 = DIRECTION('',(-0.,1.,0.));
#4647 = PCURVE('',#2054,#4648);
#4648 = DEFINITIONAL_REPRESENTATION('',(#4649),#4653);
#4649 = LINE('',#4650,#4651);
#4650 = CARTESIAN_POINT('',(5.5,0.));
#4651 = VECTOR('',#4652,1.);
#4652 = DIRECTION('',(0.,-1.));
#4653 = ( GEOMETRIC_REPRESENTATION_CONTEXT(2) 
PARAMETRIC_REPRESENTATION_CONTEXT() REPRESENTATION_CONTEXT('2D SPACE',''
  ) );
#4654 = PCURVE('',#2143,#4655);
#4655 = DEFINITIONAL_REPRESENTATION('',(#4656),#4660);
#4656 = LINE('',#4657,#4658);
#4657 = CARTESIAN_POINT('',(4.712388980385,0.));
#4658 = VECTOR('',#4659,1.);
#4659 = DIRECTION('',(0.,-1.));
#4660 = ( GEOMETRIC_REPRESENTATION_CONTEXT(2) 
PARAMETRIC_REPRESENTATION_CONTEXT() REPRESENTATION_CONTEXT('2D SPACE',''
  ) );
#4661 = ADVANCED_FACE('',(#4662),#2143,.F.);
#4662 = FACE_BOUND('',#4663,.F.);
#4663 = EDGE_LOOP('',(#4664,#4665,#4686,#4687,#4688,#4714));
#4664 = ORIENTED_EDGE('',*,*,#2754,.F.);
#4665 = ORIENTED_EDGE('',*,*,#4666,.T.);
#4666 = EDGE_CURVE('',#2734,#2099,#4667,.T.);
#4667 = SURFACE_CURVE('',#4668,(#4672,#4679),.PCURVE_S1.);
#4668 = LINE('',#4669,#4670);
#4669 = CARTESIAN_POINT('',(-2.75,37.675,2.62));
#4670 = VECTOR('',#4671,1.);
#4671 = DIRECTION('',(-0.,1.,0.));
#4672 = PCURVE('',#2143,#4673);
#4673 = DEFINITIONAL_REPRESENTATION('',(#4674),#4678);
#4674 = LINE('',#4675,#4676);
#4675 = CARTESIAN_POINT('',(1.570796326795,0.));
#4676 = VECTOR('',#4677,1.);
#4677 = DIRECTION('',(0.,-1.));
#4678 = ( GEOMETRIC_REPRESENTATION_CONTEXT(2) 
PARAMETRIC_REPRESENTATION_CONTEXT() REPRESENTATION_CONTEXT('2D SPACE',''
  ) );
#4679 = PCURVE('',#2113,#4680);
#4680 = DEFINITIONAL_REPRESENTATION('',(#4681),#4685);
#4681 = LINE('',#4682,#4683);
#4682 = CARTESIAN_POINT('',(0.,0.));
#4683 = VECTOR('',#4684,1.);
#4684 = DIRECTION('',(0.,-1.));
#4685 = ( GEOMETRIC_REPRESENTATION_CONTEXT(2) 
PARAMETRIC_REPRESENTATION_CONTEXT() REPRESENTATION_CONTEXT('2D SPACE',''
  ) );
#4686 = ORIENTED_EDGE('',*,*,#2124,.T.);
#4687 = ORIENTED_EDGE('',*,*,#4641,.F.);
#4688 = ORIENTED_EDGE('',*,*,#4689,.F.);
#4689 = EDGE_CURVE('',#2942,#4597,#4690,.T.);
#4690 = SURFACE_CURVE('',#4691,(#4696,#4703),.PCURVE_S1.);
#4691 = CIRCLE('',#4692,4.25);
#4692 = AXIS2_PLACEMENT_3D('',#4693,#4694,#4695);
#4693 = CARTESIAN_POINT('',(-2.75,37.675,-1.63));
#4694 = DIRECTION('',(0.,-1.,0.));
#4695 = DIRECTION('',(1.,0.,0.));
#4696 = PCURVE('',#2143,#4697);
#4697 = DEFINITIONAL_REPRESENTATION('',(#4698),#4702);
#4698 = LINE('',#4699,#4700);
#4699 = CARTESIAN_POINT('',(0.,0.));
#4700 = VECTOR('',#4701,1.);
#4701 = DIRECTION('',(1.,0.));
#4702 = ( GEOMETRIC_REPRESENTATION_CONTEXT(2) 
PARAMETRIC_REPRESENTATION_CONTEXT() REPRESENTATION_CONTEXT('2D SPACE',''
  ) );
#4703 = PCURVE('',#2956,#4704);
#4704 = DEFINITIONAL_REPRESENTATION('',(#4705),#4713);
#4705 = ( BOUNDED_CURVE() B_SPLINE_CURVE(2,(#4706,#4707,#4708,#4709,
#4710,#4711,#4712),.UNSPECIFIED.,.T.,.F.) B_SPLINE_CURVE_WITH_KNOTS((1,2
    ,2,2,2,1),(-2.094395102393,0.,2.094395102393,4.188790204786,
6.28318530718,8.377580409573),.UNSPECIFIED.) CURVE() 
GEOMETRIC_REPRESENTATION_ITEM() RATIONAL_B_SPLINE_CURVE((1.,0.5,1.,0.5,
1.,0.5,1.)) REPRESENTATION_ITEM('') );
#4706 = CARTESIAN_POINT('',(1.5,0.));
#4707 = CARTESIAN_POINT('',(1.5,-7.361215932168));
#4708 = CARTESIAN_POINT('',(-4.875,-3.680607966084));
#4709 = CARTESIAN_POINT('',(-11.25,-1.040949779275E-15));
#4710 = CARTESIAN_POINT('',(-4.875,3.680607966084));
#4711 = CARTESIAN_POINT('',(1.5,7.361215932168));
#4712 = CARTESIAN_POINT('',(1.5,0.));
#4713 = ( GEOMETRIC_REPRESENTATION_CONTEXT(2) 
PARAMETRIC_REPRESENTATION_CONTEXT() REPRESENTATION_CONTEXT('2D SPACE',''
  ) );
#4714 = ORIENTED_EDGE('',*,*,#2967,.F.);
#4715 = ADVANCED_FACE('',(#4716),#2086,.F.);
#4716 = FACE_BOUND('',#4717,.F.);
#4717 = EDGE_LOOP('',(#4718,#4744,#4745,#4746,#4767,#4768));
#4718 = ORIENTED_EDGE('',*,*,#4719,.F.);
#4719 = EDGE_CURVE('',#4595,#2921,#4720,.T.);
#4720 = SURFACE_CURVE('',#4721,(#4726,#4733),.PCURVE_S1.);
#4721 = CIRCLE('',#4722,4.25);
#4722 = AXIS2_PLACEMENT_3D('',#4723,#4724,#4725);
#4723 = CARTESIAN_POINT('',(2.75,37.675,-1.63));
#4724 = DIRECTION('',(-0.,-1.,-0.));
#4725 = DIRECTION('',(-1.,0.,0.));
#4726 = PCURVE('',#2086,#4727);
#4727 = DEFINITIONAL_REPRESENTATION('',(#4728),#4732);
#4728 = LINE('',#4729,#4730);
#4729 = CARTESIAN_POINT('',(0.,0.));
#4730 = VECTOR('',#4731,1.);
#4731 = DIRECTION('',(1.,0.));
#4732 = ( GEOMETRIC_REPRESENTATION_CONTEXT(2) 
PARAMETRIC_REPRESENTATION_CONTEXT() REPRESENTATION_CONTEXT('2D SPACE',''
  ) );
#4733 = PCURVE('',#2956,#4734);
#4734 = DEFINITIONAL_REPRESENTATION('',(#4735),#4743);
#4735 = ( BOUNDED_CURVE() B_SPLINE_CURVE(2,(#4736,#4737,#4738,#4739,
#4740,#4741,#4742),.UNSPECIFIED.,.T.,.F.) B_SPLINE_CURVE_WITH_KNOTS((1,2
    ,2,2,2,1),(-2.094395102393,0.,2.094395102393,4.188790204786,
6.28318530718,8.377580409573),.UNSPECIFIED.) CURVE() 
GEOMETRIC_REPRESENTATION_ITEM() RATIONAL_B_SPLINE_CURVE((1.,0.5,1.,0.5,
1.,0.5,1.)) REPRESENTATION_ITEM('') );
#4736 = CARTESIAN_POINT('',(-1.5,0.));
#4737 = CARTESIAN_POINT('',(-1.5,7.361215932168));
#4738 = CARTESIAN_POINT('',(4.875,3.680607966084));
#4739 = CARTESIAN_POINT('',(11.25,1.040949779275E-15));
#4740 = CARTESIAN_POINT('',(4.875,-3.680607966084));
#4741 = CARTESIAN_POINT('',(-1.5,-7.361215932168));
#4742 = CARTESIAN_POINT('',(-1.5,0.));
#4743 = ( GEOMETRIC_REPRESENTATION_CONTEXT(2) 
PARAMETRIC_REPRESENTATION_CONTEXT() REPRESENTATION_CONTEXT('2D SPACE',''
  ) );
#4744 = ORIENTED_EDGE('',*,*,#4619,.T.);
#4745 = ORIENTED_EDGE('',*,*,#2065,.T.);
#4746 = ORIENTED_EDGE('',*,*,#4747,.F.);
#4747 = EDGE_CURVE('',#2706,#2066,#4748,.T.);
#4748 = SURFACE_CURVE('',#4749,(#4753,#4760),.PCURVE_S1.);
#4749 = LINE('',#4750,#4751);
#4750 = CARTESIAN_POINT('',(2.75,37.675,2.62));
#4751 = VECTOR('',#4752,1.);
#4752 = DIRECTION('',(-0.,1.,0.));
#4753 = PCURVE('',#2086,#4754);
#4754 = DEFINITIONAL_REPRESENTATION('',(#4755),#4759);
#4755 = LINE('',#4756,#4757);
#4756 = CARTESIAN_POINT('',(4.712388980385,0.));
#4757 = VECTOR('',#4758,1.);
#4758 = DIRECTION('',(0.,-1.));
#4759 = ( GEOMETRIC_REPRESENTATION_CONTEXT(2) 
PARAMETRIC_REPRESENTATION_CONTEXT() REPRESENTATION_CONTEXT('2D SPACE',''
  ) );
#4760 = PCURVE('',#2113,#4761);
#4761 = DEFINITIONAL_REPRESENTATION('',(#4762),#4766);
#4762 = LINE('',#4763,#4764);
#4763 = CARTESIAN_POINT('',(5.5,0.));
#4764 = VECTOR('',#4765,1.);
#4765 = DIRECTION('',(0.,-1.));
#4766 = ( GEOMETRIC_REPRESENTATION_CONTEXT(2) 
PARAMETRIC_REPRESENTATION_CONTEXT() REPRESENTATION_CONTEXT('2D SPACE',''
  ) );
#4767 = ORIENTED_EDGE('',*,*,#2705,.F.);
#4768 = ORIENTED_EDGE('',*,*,#2920,.T.);
#4769 = ADVANCED_FACE('',(#4770),#2113,.T.);
#4770 = FACE_BOUND('',#4771,.T.);
#4771 = EDGE_LOOP('',(#4772,#4773,#4774,#4775));
#4772 = ORIENTED_EDGE('',*,*,#2733,.T.);
#4773 = ORIENTED_EDGE('',*,*,#4666,.T.);
#4774 = ORIENTED_EDGE('',*,*,#2098,.F.);
#4775 = ORIENTED_EDGE('',*,*,#4747,.F.);
#4776 = ADVANCED_FACE('',(#4777),#2299,.T.);
#4777 = FACE_BOUND('',#4778,.T.);
#4778 = EDGE_LOOP('',(#4779,#4780,#4781,#4801));
#4779 = ORIENTED_EDGE('',*,*,#2347,.F.);
#4780 = ORIENTED_EDGE('',*,*,#2284,.T.);
#4781 = ORIENTED_EDGE('',*,*,#4782,.T.);
#4782 = EDGE_CURVE('',#2257,#2577,#4783,.T.);
#4783 = SURFACE_CURVE('',#4784,(#4789,#4795),.PCURVE_S1.);
#4784 = CIRCLE('',#4785,1.);
#4785 = AXIS2_PLACEMENT_3D('',#4786,#4787,#4788);
#4786 = CARTESIAN_POINT('',(-141.45,-39.675,9.6));
#4787 = DIRECTION('',(-1.,6.123233995737E-17,0.));
#4788 = DIRECTION('',(-6.123233995737E-17,-1.,0.));
#4789 = PCURVE('',#2299,#4790);
#4790 = DEFINITIONAL_REPRESENTATION('',(#4791),#4794);
#4791 = B_SPLINE_CURVE_WITH_KNOTS('',1,(#4792,#4793),.UNSPECIFIED.,.F.,
  .F.,(2,2),(1.570796326795,3.14159265359),.PIECEWISE_BEZIER_KNOTS.);
#4792 = CARTESIAN_POINT('',(1.570796326795,1.570796326795));
#4793 = CARTESIAN_POINT('',(1.570796326795,3.14159265359));
#4794 = ( GEOMETRIC_REPRESENTATION_CONTEXT(2) 
PARAMETRIC_REPRESENTATION_CONTEXT() REPRESENTATION_CONTEXT('2D SPACE',''
  ) );
#4795 = PCURVE('',#2272,#4796);
#4796 = DEFINITIONAL_REPRESENTATION('',(#4797),#4800);
#4797 = B_SPLINE_CURVE_WITH_KNOTS('',1,(#4798,#4799),.UNSPECIFIED.,.F.,
  .F.,(2,2),(1.570796326795,3.14159265359),.PIECEWISE_BEZIER_KNOTS.);
#4798 = CARTESIAN_POINT('',(0.,0.));
#4799 = CARTESIAN_POINT('',(-1.570796326795,0.));
#4800 = ( GEOMETRIC_REPRESENTATION_CONTEXT(2) 
PARAMETRIC_REPRESENTATION_CONTEXT() REPRESENTATION_CONTEXT('2D SPACE',''
  ) );
#4801 = ORIENTED_EDGE('',*,*,#2604,.F.);
#4802 = ADVANCED_FACE('',(#4803),#2272,.T.);
#4803 = FACE_BOUND('',#4804,.F.);
#4804 = EDGE_LOOP('',(#4805,#4806,#4829,#4849));
#4805 = ORIENTED_EDGE('',*,*,#4782,.T.);
#4806 = ORIENTED_EDGE('',*,*,#4807,.T.);
#4807 = EDGE_CURVE('',#2577,#4808,#4810,.T.);
#4808 = VERTEX_POINT('',#4809);
#4809 = CARTESIAN_POINT('',(141.45,-38.675,9.6));
#4810 = SURFACE_CURVE('',#4811,(#4815,#4822),.PCURVE_S1.);
#4811 = LINE('',#4812,#4813);
#4812 = CARTESIAN_POINT('',(-141.45,-38.675,9.6));
#4813 = VECTOR('',#4814,1.);
#4814 = DIRECTION('',(1.,-0.,-0.));
#4815 = PCURVE('',#2272,#4816);
#4816 = DEFINITIONAL_REPRESENTATION('',(#4817),#4821);
#4817 = LINE('',#4818,#4819);
#4818 = CARTESIAN_POINT('',(-1.570796326795,0.));
#4819 = VECTOR('',#4820,1.);
#4820 = DIRECTION('',(-0.,1.));
#4821 = ( GEOMETRIC_REPRESENTATION_CONTEXT(2) 
PARAMETRIC_REPRESENTATION_CONTEXT() REPRESENTATION_CONTEXT('2D SPACE',''
  ) );
#4822 = PCURVE('',#2592,#4823);
#4823 = DEFINITIONAL_REPRESENTATION('',(#4824),#4828);
#4824 = LINE('',#4825,#4826);
#4825 = CARTESIAN_POINT('',(0.,-14.6));
#4826 = VECTOR('',#4827,1.);
#4827 = DIRECTION('',(1.,0.));
#4828 = ( GEOMETRIC_REPRESENTATION_CONTEXT(2) 
PARAMETRIC_REPRESENTATION_CONTEXT() REPRESENTATION_CONTEXT('2D SPACE',''
  ) );
#4829 = ORIENTED_EDGE('',*,*,#4830,.F.);
#4830 = EDGE_CURVE('',#2228,#4808,#4831,.T.);
#4831 = SURFACE_CURVE('',#4832,(#4837,#4843),.PCURVE_S1.);
#4832 = CIRCLE('',#4833,1.);
#4833 = AXIS2_PLACEMENT_3D('',#4834,#4835,#4836);
#4834 = CARTESIAN_POINT('',(141.45,-39.675,9.6));
#4835 = DIRECTION('',(-1.,0.,0.));
#4836 = DIRECTION('',(0.,0.,1.));
#4837 = PCURVE('',#2272,#4838);
#4838 = DEFINITIONAL_REPRESENTATION('',(#4839),#4842);
#4839 = B_SPLINE_CURVE_WITH_KNOTS('',1,(#4840,#4841),.UNSPECIFIED.,.F.,
  .F.,(2,2),(0.,1.570796326795),.PIECEWISE_BEZIER_KNOTS.);
#4840 = CARTESIAN_POINT('',(0.,282.9));
#4841 = CARTESIAN_POINT('',(-1.570796326795,282.9));
#4842 = ( GEOMETRIC_REPRESENTATION_CONTEXT(2) 
PARAMETRIC_REPRESENTATION_CONTEXT() REPRESENTATION_CONTEXT('2D SPACE',''
  ) );
#4843 = PCURVE('',#2244,#4844);
#4844 = DEFINITIONAL_REPRESENTATION('',(#4845),#4848);
#4845 = B_SPLINE_CURVE_WITH_KNOTS('',1,(#4846,#4847),.UNSPECIFIED.,.F.,
  .F.,(2,2),(0.,1.570796326795),.PIECEWISE_BEZIER_KNOTS.);
#4846 = CARTESIAN_POINT('',(0.,1.570796326795));
#4847 = CARTESIAN_POINT('',(0.,3.14159265359));
#4848 = ( GEOMETRIC_REPRESENTATION_CONTEXT(2) 
PARAMETRIC_REPRESENTATION_CONTEXT() REPRESENTATION_CONTEXT('2D SPACE',''
  ) );
#4849 = ORIENTED_EDGE('',*,*,#2256,.F.);
#4850 = ADVANCED_FACE('',(#4851),#2203,.T.);
#4851 = FACE_BOUND('',#4852,.F.);
#4852 = EDGE_LOOP('',(#4853,#4854,#4855,#4882,#4883,#4884));
#4853 = ORIENTED_EDGE('',*,*,#3423,.F.);
#4854 = ORIENTED_EDGE('',*,*,#3745,.F.);
#4855 = ORIENTED_EDGE('',*,*,#4856,.T.);
#4856 = EDGE_CURVE('',#3746,#2379,#4857,.T.);
#4857 = SURFACE_CURVE('',#4858,(#4863,#4870),.PCURVE_S1.);
#4858 = CIRCLE('',#4859,12.);
#4859 = AXIS2_PLACEMENT_3D('',#4860,#4861,#4862);
#4860 = CARTESIAN_POINT('',(139.45,-34.675,4.1));
#4861 = DIRECTION('',(0.,-0.,-1.));
#4862 = DIRECTION('',(1.,0.,-0.));
#4863 = PCURVE('',#2203,#4864);
#4864 = DEFINITIONAL_REPRESENTATION('',(#4865),#4869);
#4865 = LINE('',#4866,#4867);
#4866 = CARTESIAN_POINT('',(-0.,0.));
#4867 = VECTOR('',#4868,1.);
#4868 = DIRECTION('',(-1.,0.));
#4869 = ( GEOMETRIC_REPRESENTATION_CONTEXT(2) 
PARAMETRIC_REPRESENTATION_CONTEXT() REPRESENTATION_CONTEXT('2D SPACE',''
  ) );
#4870 = PCURVE('',#4871,#4876);
#4871 = CYLINDRICAL_SURFACE('',#4872,12.);
#4872 = AXIS2_PLACEMENT_3D('',#4873,#4874,#4875);
#4873 = CARTESIAN_POINT('',(139.45,-34.675,-20.81148036205));
#4874 = DIRECTION('',(-0.,-0.,-1.));
#4875 = DIRECTION('',(1.,0.,0.));
#4876 = DEFINITIONAL_REPRESENTATION('',(#4877),#4881);
#4877 = LINE('',#4878,#4879);
#4878 = CARTESIAN_POINT('',(-6.28318530718,-24.91148036205));
#4879 = VECTOR('',#4880,1.);
#4880 = DIRECTION('',(1.,-0.));
#4881 = ( GEOMETRIC_REPRESENTATION_CONTEXT(2) 
PARAMETRIC_REPRESENTATION_CONTEXT() REPRESENTATION_CONTEXT('2D SPACE',''
  ) );
#4882 = ORIENTED_EDGE('',*,*,#2378,.T.);
#4883 = ORIENTED_EDGE('',*,*,#2182,.F.);
#4884 = ORIENTED_EDGE('',*,*,#4885,.T.);
#4885 = EDGE_CURVE('',#2183,#3426,#4886,.T.);
#4886 = SURFACE_CURVE('',#4887,(#4895,#4907),.PCURVE_S1.);
#4887 = ( BOUNDED_CURVE() B_SPLINE_CURVE(6,(#4888,#4889,#4890,#4891,
#4892,#4893,#4894),.UNSPECIFIED.,.F.,.F.) B_SPLINE_CURVE_WITH_KNOTS((7,7
),(359.61257073713,362.31220722363),.PIECEWISE_BEZIER_KNOTS.) CURVE() 
GEOMETRIC_REPRESENTATION_ITEM() RATIONAL_B_SPLINE_CURVE((1.,1.,1.,1.,1.,
1.,1.)) REPRESENTATION_ITEM('') );
#4888 = CARTESIAN_POINT('',(141.78079312122,-39.65670687877,10.6));
#4889 = CARTESIAN_POINT('',(142.45562686989,-39.61871580616,10.6));
#4890 = CARTESIAN_POINT('',(143.12870148544,-39.38798766369,
    10.588343826284));
#4891 = CARTESIAN_POINT('',(143.72914564119,-38.95414564119,
    10.580369322313));
#4892 = CARTESIAN_POINT('',(144.16298766369,-38.35370148544,
    10.588343826284));
#4893 = CARTESIAN_POINT('',(144.39371580616,-37.68062686989,10.6));
#4894 = CARTESIAN_POINT('',(144.43170687877,-37.00579312122,10.6));
#4895 = PCURVE('',#2203,#4896);
#4896 = DEFINITIONAL_REPRESENTATION('',(#4897),#4906);
#4897 = B_SPLINE_CURVE_WITH_KNOTS('',7,(#4898,#4899,#4900,#4901,#4902,
    #4903,#4904,#4905),.UNSPECIFIED.,.F.,.F.,(8,8),(359.61257073713,
    362.31220722363),.PIECEWISE_BEZIER_KNOTS.);
#4898 = CARTESIAN_POINT('',(-1.13318116724,1.570796326795));
#4899 = CARTESIAN_POINT('',(-1.035413802183,1.537622201602));
#4900 = CARTESIAN_POINT('',(-0.936184376032,1.514289862147));
#4901 = CARTESIAN_POINT('',(-0.835680601218,1.502078077896));
#4902 = CARTESIAN_POINT('',(-0.735115725576,1.502078077896));
#4903 = CARTESIAN_POINT('',(-0.634611950763,1.514289862147));
#4904 = CARTESIAN_POINT('',(-0.535382524612,1.537622201602));
#4905 = CARTESIAN_POINT('',(-0.437615159555,1.570796326795));
#4906 = ( GEOMETRIC_REPRESENTATION_CONTEXT(2) 
PARAMETRIC_REPRESENTATION_CONTEXT() REPRESENTATION_CONTEXT('2D SPACE',''
  ) );
#4907 = PCURVE('',#4908,#4930);
#4908 = ( BOUNDED_SURFACE() B_SPLINE_SURFACE(2,6,(
    (#4909,#4910,#4911,#4912,#4913,#4914,#4915)
    ,(#4916,#4917,#4918,#4919,#4920,#4921,#4922)
    ,(#4923,#4924,#4925,#4926,#4927,#4928,#4929
)),.UNSPECIFIED.,.F.,.F.,.F.) B_SPLINE_SURFACE_WITH_KNOTS((3,3),(7,7),(
    0.,2.699636486507),(359.61257073713,362.31220722363),
.PIECEWISE_BEZIER_KNOTS.) GEOMETRIC_REPRESENTATION_ITEM() 
RATIONAL_B_SPLINE_SURFACE((
    (1.,1.,1.,1.,1.,1.,1.)
    ,(0.707106781187,0.694148799638,0.684347883939,0.680421428004
      ,0.684347883939,0.694148799638,0.707106781187)
,(1.,1.,1.,1.,1.,1.,1.))) REPRESENTATION_ITEM('') SURFACE() );
#4909 = CARTESIAN_POINT('',(141.78079312122,-39.65670687877,10.6));
#4910 = CARTESIAN_POINT('',(142.45562686989,-39.61871580616,10.6));
#4911 = CARTESIAN_POINT('',(143.12870148544,-39.38798766369,
    10.588343826284));
#4912 = CARTESIAN_POINT('',(143.72914564119,-38.95414564119,
    10.580369322313));
#4913 = CARTESIAN_POINT('',(144.16298766369,-38.35370148544,
    10.588343826284));
#4914 = CARTESIAN_POINT('',(144.39371580616,-37.68062686989,10.6));
#4915 = CARTESIAN_POINT('',(144.43170687877,-37.00579312122,10.6));
#4916 = CARTESIAN_POINT('',(141.67052874748,-38.66280458585,10.6));
#4917 = CARTESIAN_POINT('',(142.12607172103,-38.61226625723,
    10.637334881385));
#4918 = CARTESIAN_POINT('',(142.56085633357,-38.43755176925,
    10.655268013807));
#4919 = CARTESIAN_POINT('',(142.92833656381,-38.15333656381,
    10.660784768659));
#4920 = CARTESIAN_POINT('',(143.21255176925,-37.78585633357,
    10.655268013807));
#4921 = CARTESIAN_POINT('',(143.38726625723,-37.35107172103,
    10.637334881385));
#4922 = CARTESIAN_POINT('',(143.43780458585,-36.89552874748,10.6));
#4923 = CARTESIAN_POINT('',(141.67052874748,-38.66280458585,9.6));
#4924 = CARTESIAN_POINT('',(142.11772373512,-38.61319238996,9.6));
#4925 = CARTESIAN_POINT('',(142.55151282622,-38.44286709737,
    9.589942922921));
#4926 = CARTESIAN_POINT('',(142.93125685371,-38.15625685371,
    9.583680023657));
#4927 = CARTESIAN_POINT('',(143.21786709737,-37.77651282622,
    9.589942922921));
#4928 = CARTESIAN_POINT('',(143.38819238996,-37.34272373512,9.6));
#4929 = CARTESIAN_POINT('',(143.43780458585,-36.89552874748,9.6));
#4930 = DEFINITIONAL_REPRESENTATION('',(#4931),#4935);
#4931 = LINE('',#4932,#4933);
#4932 = CARTESIAN_POINT('',(0.,0.));
#4933 = VECTOR('',#4934,1.);
#4934 = DIRECTION('',(0.,1.));
#4935 = ( GEOMETRIC_REPRESENTATION_CONTEXT(2) 
PARAMETRIC_REPRESENTATION_CONTEXT() REPRESENTATION_CONTEXT('2D SPACE',''
  ) );
#4936 = ADVANCED_FACE('',(#4937),#2244,.T.);
#4937 = FACE_BOUND('',#4938,.T.);
#4938 = EDGE_LOOP('',(#4939,#4940,#4941,#4971));
#4939 = ORIENTED_EDGE('',*,*,#4830,.F.);
#4940 = ORIENTED_EDGE('',*,*,#2227,.T.);
#4941 = ORIENTED_EDGE('',*,*,#4942,.T.);
#4942 = EDGE_CURVE('',#2183,#4943,#4945,.T.);
#4943 = VERTEX_POINT('',#4944);
#4944 = CARTESIAN_POINT('',(141.67052874748,-38.66280458585,9.6));
#4945 = SURFACE_CURVE('',#4946,(#4951,#4957),.PCURVE_S1.);
#4946 = CIRCLE('',#4947,1.);
#4947 = AXIS2_PLACEMENT_3D('',#4948,#4949,#4950);
#4948 = CARTESIAN_POINT('',(141.78079312122,-39.65670687877,9.6));
#4949 = DIRECTION('',(-0.993902292926,-0.110264373741,0.));
#4950 = DIRECTION('',(0.110264373741,-0.993902292926,0.));
#4951 = PCURVE('',#2244,#4952);
#4952 = DEFINITIONAL_REPRESENTATION('',(#4953),#4956);
#4953 = B_SPLINE_CURVE_WITH_KNOTS('',1,(#4954,#4955),.UNSPECIFIED.,.F.,
  .F.,(2,2),(1.570796326795,3.14159265359),.PIECEWISE_BEZIER_KNOTS.);
#4954 = CARTESIAN_POINT('',(0.110489041771,1.570796326795));
#4955 = CARTESIAN_POINT('',(0.110489041771,3.14159265359));
#4956 = ( GEOMETRIC_REPRESENTATION_CONTEXT(2) 
PARAMETRIC_REPRESENTATION_CONTEXT() REPRESENTATION_CONTEXT('2D SPACE',''
  ) );
#4957 = PCURVE('',#4908,#4958);
#4958 = DEFINITIONAL_REPRESENTATION('',(#4959),#4970);
#4959 = B_SPLINE_CURVE_WITH_KNOTS('',9,(#4960,#4961,#4962,#4963,#4964,
    #4965,#4966,#4967,#4968,#4969),.UNSPECIFIED.,.F.,.F.,(10,10),(
    1.570796326795,3.14159265359),.PIECEWISE_BEZIER_KNOTS.);
#4960 = CARTESIAN_POINT('',(0.,359.61257073713));
#4961 = CARTESIAN_POINT('',(0.33317135792,359.61257073713));
#4962 = CARTESIAN_POINT('',(0.639245936724,359.61257073713));
#4963 = CARTESIAN_POINT('',(0.929339374253,359.61257073713));
#4964 = CARTESIAN_POINT('',(1.210576756788,359.61257073712));
#4965 = CARTESIAN_POINT('',(1.489059729719,359.61257073714));
#4966 = CARTESIAN_POINT('',(1.770297112254,359.61257073712));
#4967 = CARTESIAN_POINT('',(2.060390549783,359.61257073713));
#4968 = CARTESIAN_POINT('',(2.366465128586,359.61257073713));
#4969 = CARTESIAN_POINT('',(2.699636486507,359.61257073713));
#4970 = ( GEOMETRIC_REPRESENTATION_CONTEXT(2) 
PARAMETRIC_REPRESENTATION_CONTEXT() REPRESENTATION_CONTEXT('2D SPACE',''
  ) );
#4971 = ORIENTED_EDGE('',*,*,#4972,.F.);
#4972 = EDGE_CURVE('',#4808,#4943,#4973,.T.);
#4973 = SURFACE_CURVE('',#4974,(#4979,#4986),.PCURVE_S1.);
#4974 = CIRCLE('',#4975,2.);
#4975 = AXIS2_PLACEMENT_3D('',#4976,#4977,#4978);
#4976 = CARTESIAN_POINT('',(141.45,-36.675,9.6));
#4977 = DIRECTION('',(0.,0.,1.));
#4978 = DIRECTION('',(0.,-1.,0.));
#4979 = PCURVE('',#2244,#4980);
#4980 = DEFINITIONAL_REPRESENTATION('',(#4981),#4985);
#4981 = LINE('',#4982,#4983);
#4982 = CARTESIAN_POINT('',(0.,3.14159265359));
#4983 = VECTOR('',#4984,1.);
#4984 = DIRECTION('',(1.,0.));
#4985 = ( GEOMETRIC_REPRESENTATION_CONTEXT(2) 
PARAMETRIC_REPRESENTATION_CONTEXT() REPRESENTATION_CONTEXT('2D SPACE',''
  ) );
#4986 = PCURVE('',#2853,#4987);
#4987 = DEFINITIONAL_REPRESENTATION('',(#4988),#4992);
#4988 = LINE('',#4989,#4990);
#4989 = CARTESIAN_POINT('',(4.712388980385,-14.6));
#4990 = VECTOR('',#4991,1.);
#4991 = DIRECTION('',(-1.,-0.));
#4992 = ( GEOMETRIC_REPRESENTATION_CONTEXT(2) 
PARAMETRIC_REPRESENTATION_CONTEXT() REPRESENTATION_CONTEXT('2D SPACE',''
  ) );
#4993 = ADVANCED_FACE('',(#4994),#2416,.F.);
#4994 = FACE_BOUND('',#4995,.F.);
#4995 = EDGE_LOOP('',(#4996,#5019,#5040,#5041));
#4996 = ORIENTED_EDGE('',*,*,#4997,.F.);
#4997 = EDGE_CURVE('',#4998,#2379,#5000,.T.);
#4998 = VERTEX_POINT('',#4999);
#4999 = CARTESIAN_POINT('',(139.45,-46.675,-5.94818180066));
#5000 = SURFACE_CURVE('',#5001,(#5005,#5012),.PCURVE_S1.);
#5001 = LINE('',#5002,#5003);
#5002 = CARTESIAN_POINT('',(139.45,-46.675,-20.81148036205));
#5003 = VECTOR('',#5004,1.);
#5004 = DIRECTION('',(0.,0.,1.));
#5005 = PCURVE('',#2416,#5006);
#5006 = DEFINITIONAL_REPRESENTATION('',(#5007),#5011);
#5007 = LINE('',#5008,#5009);
#5008 = CARTESIAN_POINT('',(278.9,0.));
#5009 = VECTOR('',#5010,1.);
#5010 = DIRECTION('',(0.,-1.));
#5011 = ( GEOMETRIC_REPRESENTATION_CONTEXT(2) 
PARAMETRIC_REPRESENTATION_CONTEXT() REPRESENTATION_CONTEXT('2D SPACE',''
  ) );
#5012 = PCURVE('',#4871,#5013);
#5013 = DEFINITIONAL_REPRESENTATION('',(#5014),#5018);
#5014 = LINE('',#5015,#5016);
#5015 = CARTESIAN_POINT('',(-4.712388980385,0.));
#5016 = VECTOR('',#5017,1.);
#5017 = DIRECTION('',(-0.,-1.));
#5018 = ( GEOMETRIC_REPRESENTATION_CONTEXT(2) 
PARAMETRIC_REPRESENTATION_CONTEXT() REPRESENTATION_CONTEXT('2D SPACE',''
  ) );
#5019 = ORIENTED_EDGE('',*,*,#5020,.T.);
#5020 = EDGE_CURVE('',#4998,#2432,#5021,.T.);
#5021 = SURFACE_CURVE('',#5022,(#5026,#5033),.PCURVE_S1.);
#5022 = LINE('',#5023,#5024);
#5023 = CARTESIAN_POINT('',(139.45,-46.675,-5.94818180066));
#5024 = VECTOR('',#5025,1.);
#5025 = DIRECTION('',(-1.,-0.,-0.));
#5026 = PCURVE('',#2416,#5027);
#5027 = DEFINITIONAL_REPRESENTATION('',(#5028),#5032);
#5028 = LINE('',#5029,#5030);
#5029 = CARTESIAN_POINT('',(278.9,-14.86329856139));
#5030 = VECTOR('',#5031,1.);
#5031 = DIRECTION('',(-1.,0.));
#5032 = ( GEOMETRIC_REPRESENTATION_CONTEXT(2) 
PARAMETRIC_REPRESENTATION_CONTEXT() REPRESENTATION_CONTEXT('2D SPACE',''
  ) );
#5033 = PCURVE('',#3897,#5034);
#5034 = DEFINITIONAL_REPRESENTATION('',(#5035),#5039);
#5035 = LINE('',#5036,#5037);
#5036 = CARTESIAN_POINT('',(-0.,0.));
#5037 = VECTOR('',#5038,1.);
#5038 = DIRECTION('',(-0.,1.));
#5039 = ( GEOMETRIC_REPRESENTATION_CONTEXT(2) 
PARAMETRIC_REPRESENTATION_CONTEXT() REPRESENTATION_CONTEXT('2D SPACE',''
  ) );
#5040 = ORIENTED_EDGE('',*,*,#2431,.T.);
#5041 = ORIENTED_EDGE('',*,*,#2402,.F.);
#5042 = ADVANCED_FACE('',(#5043),#2482,.F.);
#5043 = FACE_BOUND('',#5044,.F.);
#5044 = EDGE_LOOP('',(#5045,#5097,#5098,#5099));
#5045 = ORIENTED_EDGE('',*,*,#5046,.T.);
#5046 = EDGE_CURVE('',#2432,#3845,#5047,.T.);
#5047 = SURFACE_CURVE('',#5048,(#5053,#5091),.PCURVE_S1.);
#5048 = CIRCLE('',#5049,4.5);
#5049 = AXIS2_PLACEMENT_3D('',#5050,#5051,#5052);
#5050 = CARTESIAN_POINT('',(-139.45,-42.175,-5.94818180066));
#5051 = DIRECTION('',(1.,0.,0.));
#5052 = DIRECTION('',(0.,-1.,0.));
#5053 = PCURVE('',#2482,#5054);
#5054 = DEFINITIONAL_REPRESENTATION('',(#5055),#5090);
#5055 = B_SPLINE_CURVE_WITH_KNOTS('',9,(#5056,#5057,#5058,#5059,#5060,
    #5061,#5062,#5063,#5064,#5065,#5066,#5067,#5068,#5069,#5070,#5071,
    #5072,#5073,#5074,#5075,#5076,#5077,#5078,#5079,#5080,#5081,#5082,
    #5083,#5084,#5085,#5086,#5087,#5088,#5089),.UNSPECIFIED.,.F.,.F.,(10
    ,8,8,8,10),(0.,0.366519142919,0.733038285838,1.099557428756,
    1.466076571675),.UNSPECIFIED.);
#5056 = CARTESIAN_POINT('',(1.7763568394E-15,1.526838537911E+03));
#5057 = CARTESIAN_POINT('',(0.560791331222,1.526838537911E+03));
#5058 = CARTESIAN_POINT('',(1.111720139284,1.526838537911E+03));
#5059 = CARTESIAN_POINT('',(1.653756686492,1.526838537911E+03));
#5060 = CARTESIAN_POINT('',(2.187793442095,1.526838537912E+03));
#5061 = CARTESIAN_POINT('',(2.714660053298,1.526838537911E+03));
#5062 = CARTESIAN_POINT('',(3.235133980347,1.526838537911E+03));
#5063 = CARTESIAN_POINT('',(3.749948665432,1.526838537911E+03));
#5064 = CARTESIAN_POINT('',(4.259801105195,1.526838537911E+03));
#5065 = CARTESIAN_POINT('',(5.270920288005,1.526838537911E+03));
#5066 = CARTESIAN_POINT('',(5.77218661975,1.526838537911E+03));
#5067 = CARTESIAN_POINT('',(6.269833789654,1.526838537911E+03));
#5068 = CARTESIAN_POINT('',(6.764486125448,1.526838537911E+03));
#5069 = CARTESIAN_POINT('',(7.256784153007,1.526838537911E+03));
#5070 = CARTESIAN_POINT('',(7.747311073813,1.526838537911E+03));
#5071 = CARTESIAN_POINT('',(8.236667989889,1.526838537911E+03));
#5072 = CARTESIAN_POINT('',(8.725438215168,1.526838537911E+03));
#5073 = CARTESIAN_POINT('',(9.702978727089,1.526838537911E+03));
#5074 = CARTESIAN_POINT('',(10.191748952368,1.526838537911E+03));
#5075 = CARTESIAN_POINT('',(10.681105868444,1.526838537911E+03));
#5076 = CARTESIAN_POINT('',(11.17163278925,1.526838537911E+03));
#5077 = CARTESIAN_POINT('',(11.663930816809,1.526838537911E+03));
#5078 = CARTESIAN_POINT('',(12.158583152603,1.526838537911E+03));
#5079 = CARTESIAN_POINT('',(12.656230322507,1.526838537911E+03));
#5080 = CARTESIAN_POINT('',(13.157496654252,1.526838537911E+03));
#5081 = CARTESIAN_POINT('',(14.168615837062,1.526838537911E+03));
#5082 = CARTESIAN_POINT('',(14.678468276825,1.526838537911E+03));
#5083 = CARTESIAN_POINT('',(15.19328296191,1.526838537911E+03));
#5084 = CARTESIAN_POINT('',(15.713756888958,1.526838537911E+03));
#5085 = CARTESIAN_POINT('',(16.240623500163,1.526838537911E+03));
#5086 = CARTESIAN_POINT('',(16.774660255764,1.526838537911E+03));
#5087 = CARTESIAN_POINT('',(17.316696802973,1.526838537911E+03));
#5088 = CARTESIAN_POINT('',(17.867625611035,1.526838537911E+03));
#5089 = CARTESIAN_POINT('',(18.428416942257,1.526838537911E+03));
#5090 = ( GEOMETRIC_REPRESENTATION_CONTEXT(2) 
PARAMETRIC_REPRESENTATION_CONTEXT() REPRESENTATION_CONTEXT('2D SPACE',''
  ) );
#5091 = PCURVE('',#3897,#5092);
#5092 = DEFINITIONAL_REPRESENTATION('',(#5093),#5096);
#5093 = B_SPLINE_CURVE_WITH_KNOTS('',1,(#5094,#5095),.UNSPECIFIED.,.F.,
  .F.,(2,2),(0.,1.466076571675),.PIECEWISE_BEZIER_KNOTS.);
#5094 = CARTESIAN_POINT('',(0.,278.9));
#5095 = CARTESIAN_POINT('',(-1.466076571675,278.9));
#5096 = ( GEOMETRIC_REPRESENTATION_CONTEXT(2) 
PARAMETRIC_REPRESENTATION_CONTEXT() REPRESENTATION_CONTEXT('2D SPACE',''
  ) );
#5097 = ORIENTED_EDGE('',*,*,#3844,.T.);
#5098 = ORIENTED_EDGE('',*,*,#3301,.F.);
#5099 = ORIENTED_EDGE('',*,*,#2454,.F.);
#5100 = ADVANCED_FACE('',(#5101),#2592,.T.);
#5101 = FACE_BOUND('',#5102,.T.);
#5102 = EDGE_LOOP('',(#5103,#5124,#5125,#5126));
#5103 = ORIENTED_EDGE('',*,*,#5104,.F.);
#5104 = EDGE_CURVE('',#2810,#4808,#5105,.T.);
#5105 = SURFACE_CURVE('',#5106,(#5110,#5117),.PCURVE_S1.);
#5106 = LINE('',#5107,#5108);
#5107 = CARTESIAN_POINT('',(141.45,-38.675,-5.));
#5108 = VECTOR('',#5109,1.);
#5109 = DIRECTION('',(0.,0.,1.));
#5110 = PCURVE('',#2592,#5111);
#5111 = DEFINITIONAL_REPRESENTATION('',(#5112),#5116);
#5112 = LINE('',#5113,#5114);
#5113 = CARTESIAN_POINT('',(282.9,0.));
#5114 = VECTOR('',#5115,1.);
#5115 = DIRECTION('',(0.,-1.));
#5116 = ( GEOMETRIC_REPRESENTATION_CONTEXT(2) 
PARAMETRIC_REPRESENTATION_CONTEXT() REPRESENTATION_CONTEXT('2D SPACE',''
  ) );
#5117 = PCURVE('',#2853,#5118);
#5118 = DEFINITIONAL_REPRESENTATION('',(#5119),#5123);
#5119 = LINE('',#5120,#5121);
#5120 = CARTESIAN_POINT('',(4.712388980385,0.));
#5121 = VECTOR('',#5122,1.);
#5122 = DIRECTION('',(0.,-1.));
#5123 = ( GEOMETRIC_REPRESENTATION_CONTEXT(2) 
PARAMETRIC_REPRESENTATION_CONTEXT() REPRESENTATION_CONTEXT('2D SPACE',''
  ) );
#5124 = ORIENTED_EDGE('',*,*,#2809,.F.);
#5125 = ORIENTED_EDGE('',*,*,#2576,.T.);
#5126 = ORIENTED_EDGE('',*,*,#4807,.T.);
#5127 = ADVANCED_FACE('',(#5128),#2956,.T.);
#5128 = FACE_BOUND('',#5129,.T.);
#5129 = EDGE_LOOP('',(#5130,#5131,#5132,#5133));
#5130 = ORIENTED_EDGE('',*,*,#4719,.F.);
#5131 = ORIENTED_EDGE('',*,*,#4594,.T.);
#5132 = ORIENTED_EDGE('',*,*,#4689,.F.);
#5133 = ORIENTED_EDGE('',*,*,#2941,.F.);
#5134 = ADVANCED_FACE('',(#5135),#2881,.T.);
#5135 = FACE_BOUND('',#5136,.T.);
#5136 = EDGE_LOOP('',(#5137,#5138,#5139,#5162));
#5137 = ORIENTED_EDGE('',*,*,#3791,.F.);
#5138 = ORIENTED_EDGE('',*,*,#2865,.F.);
#5139 = ORIENTED_EDGE('',*,*,#5140,.T.);
#5140 = EDGE_CURVE('',#2833,#5141,#5143,.T.);
#5141 = VERTEX_POINT('',#5142);
#5142 = CARTESIAN_POINT('',(143.45,-36.675,9.6));
#5143 = SURFACE_CURVE('',#5144,(#5148,#5155),.PCURVE_S1.);
#5144 = LINE('',#5145,#5146);
#5145 = CARTESIAN_POINT('',(143.45,-36.675,-5.));
#5146 = VECTOR('',#5147,1.);
#5147 = DIRECTION('',(0.,0.,1.));
#5148 = PCURVE('',#2881,#5149);
#5149 = DEFINITIONAL_REPRESENTATION('',(#5150),#5154);
#5150 = LINE('',#5151,#5152);
#5151 = CARTESIAN_POINT('',(0.,0.));
#5152 = VECTOR('',#5153,1.);
#5153 = DIRECTION('',(0.,-1.));
#5154 = ( GEOMETRIC_REPRESENTATION_CONTEXT(2) 
PARAMETRIC_REPRESENTATION_CONTEXT() REPRESENTATION_CONTEXT('2D SPACE',''
  ) );
#5155 = PCURVE('',#2853,#5156);
#5156 = DEFINITIONAL_REPRESENTATION('',(#5157),#5161);
#5157 = LINE('',#5158,#5159);
#5158 = CARTESIAN_POINT('',(3.14159265359,0.));
#5159 = VECTOR('',#5160,1.);
#5160 = DIRECTION('',(0.,-1.));
#5161 = ( GEOMETRIC_REPRESENTATION_CONTEXT(2) 
PARAMETRIC_REPRESENTATION_CONTEXT() REPRESENTATION_CONTEXT('2D SPACE',''
  ) );
#5162 = ORIENTED_EDGE('',*,*,#5163,.T.);
#5163 = EDGE_CURVE('',#5141,#3792,#5164,.T.);
#5164 = SURFACE_CURVE('',#5165,(#5169,#5176),.PCURVE_S1.);
#5165 = LINE('',#5166,#5167);
#5166 = CARTESIAN_POINT('',(143.45,-36.675,9.6));
#5167 = VECTOR('',#5168,1.);
#5168 = DIRECTION('',(-0.,1.,-0.));
#5169 = PCURVE('',#2881,#5170);
#5170 = DEFINITIONAL_REPRESENTATION('',(#5171),#5175);
#5171 = LINE('',#5172,#5173);
#5172 = CARTESIAN_POINT('',(0.,-14.6));
#5173 = VECTOR('',#5174,1.);
#5174 = DIRECTION('',(1.,0.));
#5175 = ( GEOMETRIC_REPRESENTATION_CONTEXT(2) 
PARAMETRIC_REPRESENTATION_CONTEXT() REPRESENTATION_CONTEXT('2D SPACE',''
  ) );
#5176 = PCURVE('',#3515,#5177);
#5177 = DEFINITIONAL_REPRESENTATION('',(#5178),#5182);
#5178 = LINE('',#5179,#5180);
#5179 = CARTESIAN_POINT('',(-1.570796326795,0.));
#5180 = VECTOR('',#5181,1.);
#5181 = DIRECTION('',(-0.,1.));
#5182 = ( GEOMETRIC_REPRESENTATION_CONTEXT(2) 
PARAMETRIC_REPRESENTATION_CONTEXT() REPRESENTATION_CONTEXT('2D SPACE',''
  ) );
#5183 = ADVANCED_FACE('',(#5184),#2853,.F.);
#5184 = FACE_BOUND('',#5185,.F.);
#5185 = EDGE_LOOP('',(#5186,#5187,#5188,#5189,#5213,#5243));
#5186 = ORIENTED_EDGE('',*,*,#5104,.F.);
#5187 = ORIENTED_EDGE('',*,*,#2832,.F.);
#5188 = ORIENTED_EDGE('',*,*,#5140,.T.);
#5189 = ORIENTED_EDGE('',*,*,#5190,.F.);
#5190 = EDGE_CURVE('',#5191,#5141,#5193,.T.);
#5191 = VERTEX_POINT('',#5192);
#5192 = CARTESIAN_POINT('',(143.43780458585,-36.89552874748,9.6));
#5193 = SURFACE_CURVE('',#5194,(#5199,#5206),.PCURVE_S1.);
#5194 = CIRCLE('',#5195,2.);
#5195 = AXIS2_PLACEMENT_3D('',#5196,#5197,#5198);
#5196 = CARTESIAN_POINT('',(141.45,-36.675,9.6));
#5197 = DIRECTION('',(0.,0.,1.));
#5198 = DIRECTION('',(0.,-1.,0.));
#5199 = PCURVE('',#2853,#5200);
#5200 = DEFINITIONAL_REPRESENTATION('',(#5201),#5205);
#5201 = LINE('',#5202,#5203);
#5202 = CARTESIAN_POINT('',(4.712388980385,-14.6));
#5203 = VECTOR('',#5204,1.);
#5204 = DIRECTION('',(-1.,-0.));
#5205 = ( GEOMETRIC_REPRESENTATION_CONTEXT(2) 
PARAMETRIC_REPRESENTATION_CONTEXT() REPRESENTATION_CONTEXT('2D SPACE',''
  ) );
#5206 = PCURVE('',#3542,#5207);
#5207 = DEFINITIONAL_REPRESENTATION('',(#5208),#5212);
#5208 = LINE('',#5209,#5210);
#5209 = CARTESIAN_POINT('',(0.,3.14159265359));
#5210 = VECTOR('',#5211,1.);
#5211 = DIRECTION('',(1.,0.));
#5212 = ( GEOMETRIC_REPRESENTATION_CONTEXT(2) 
PARAMETRIC_REPRESENTATION_CONTEXT() REPRESENTATION_CONTEXT('2D SPACE',''
  ) );
#5213 = ORIENTED_EDGE('',*,*,#5214,.F.);
#5214 = EDGE_CURVE('',#4943,#5191,#5215,.T.);
#5215 = SURFACE_CURVE('',#5216,(#5224,#5236),.PCURVE_S1.);
#5216 = ( BOUNDED_CURVE() B_SPLINE_CURVE(6,(#5217,#5218,#5219,#5220,
#5221,#5222,#5223),.UNSPECIFIED.,.F.,.F.) B_SPLINE_CURVE_WITH_KNOTS((7,7
),(359.61257073713,362.31220722363),.PIECEWISE_BEZIER_KNOTS.) CURVE() 
GEOMETRIC_REPRESENTATION_ITEM() RATIONAL_B_SPLINE_CURVE((1.,1.,1.,1.,1.,
1.,1.)) REPRESENTATION_ITEM('') );
#5217 = CARTESIAN_POINT('',(141.67052874748,-38.66280458585,9.6));
#5218 = CARTESIAN_POINT('',(142.11772373512,-38.61319238996,9.6));
#5219 = CARTESIAN_POINT('',(142.55151282622,-38.44286709737,
    9.589942922921));
#5220 = CARTESIAN_POINT('',(142.93125685371,-38.15625685371,
    9.583680023657));
#5221 = CARTESIAN_POINT('',(143.21786709737,-37.77651282622,
    9.589942922921));
#5222 = CARTESIAN_POINT('',(143.38819238996,-37.34272373512,9.6));
#5223 = CARTESIAN_POINT('',(143.43780458585,-36.89552874748,9.6));
#5224 = PCURVE('',#2853,#5225);
#5225 = DEFINITIONAL_REPRESENTATION('',(#5226),#5235);
#5226 = B_SPLINE_CURVE_WITH_KNOTS('',7,(#5227,#5228,#5229,#5230,#5231,
    #5232,#5233,#5234),.UNSPECIFIED.,.F.,.F.,(8,8),(359.61257073713,
    362.31220722363),.PIECEWISE_BEZIER_KNOTS.);
#5227 = CARTESIAN_POINT('',(4.601899938614,-14.6));
#5228 = CARTESIAN_POINT('',(4.40906911805,-14.6));
#5229 = CARTESIAN_POINT('',(4.216243974148,-14.59281640983));
#5230 = CARTESIAN_POINT('',(4.023389355768,-14.58636408928));
#5231 = CARTESIAN_POINT('',(3.830592278207,-14.58636408928));
#5232 = CARTESIAN_POINT('',(3.637737659826,-14.59281640983));
#5233 = CARTESIAN_POINT('',(3.444912515925,-14.6));
#5234 = CARTESIAN_POINT('',(3.252081695361,-14.6));
#5235 = ( GEOMETRIC_REPRESENTATION_CONTEXT(2) 
PARAMETRIC_REPRESENTATION_CONTEXT() REPRESENTATION_CONTEXT('2D SPACE',''
  ) );
#5236 = PCURVE('',#4908,#5237);
#5237 = DEFINITIONAL_REPRESENTATION('',(#5238),#5242);
#5238 = LINE('',#5239,#5240);
#5239 = CARTESIAN_POINT('',(2.699636486507,0.));
#5240 = VECTOR('',#5241,1.);
#5241 = DIRECTION('',(0.,1.));
#5242 = ( GEOMETRIC_REPRESENTATION_CONTEXT(2) 
PARAMETRIC_REPRESENTATION_CONTEXT() REPRESENTATION_CONTEXT('2D SPACE',''
  ) );
#5243 = ORIENTED_EDGE('',*,*,#4972,.F.);
#5244 = ADVANCED_FACE('',(#5245),#3007,.T.);
#5245 = FACE_BOUND('',#5246,.T.);
#5246 = EDGE_LOOP('',(#5247,#5276,#5297,#5298));
#5247 = ORIENTED_EDGE('',*,*,#5248,.F.);
#5248 = EDGE_CURVE('',#5249,#5249,#5251,.T.);
#5249 = VERTEX_POINT('',#5250);
#5250 = CARTESIAN_POINT('',(2.5,-32.631,0.));
#5251 = SURFACE_CURVE('',#5252,(#5257,#5264),.PCURVE_S1.);
#5252 = CIRCLE('',#5253,2.5);
#5253 = AXIS2_PLACEMENT_3D('',#5254,#5255,#5256);
#5254 = CARTESIAN_POINT('',(0.,-32.631,0.));
#5255 = DIRECTION('',(0.,0.,1.));
#5256 = DIRECTION('',(1.,0.,-0.));
#5257 = PCURVE('',#3007,#5258);
#5258 = DEFINITIONAL_REPRESENTATION('',(#5259),#5263);
#5259 = LINE('',#5260,#5261);
#5260 = CARTESIAN_POINT('',(0.,5.));
#5261 = VECTOR('',#5262,1.);
#5262 = DIRECTION('',(1.,0.));
#5263 = ( GEOMETRIC_REPRESENTATION_CONTEXT(2) 
PARAMETRIC_REPRESENTATION_CONTEXT() REPRESENTATION_CONTEXT('2D SPACE',''
  ) );
#5264 = PCURVE('',#5265,#5270);
#5265 = PLANE('',#5266);
#5266 = AXIS2_PLACEMENT_3D('',#5267,#5268,#5269);
#5267 = CARTESIAN_POINT('',(0.,-32.631,0.));
#5268 = DIRECTION('',(0.,0.,1.));
#5269 = DIRECTION('',(1.,0.,-0.));
#5270 = DEFINITIONAL_REPRESENTATION('',(#5271),#5275);
#5271 = CIRCLE('',#5272,2.5);
#5272 = AXIS2_PLACEMENT_2D('',#5273,#5274);
#5273 = CARTESIAN_POINT('',(0.,0.));
#5274 = DIRECTION('',(1.,0.));
#5275 = ( GEOMETRIC_REPRESENTATION_CONTEXT(2) 
PARAMETRIC_REPRESENTATION_CONTEXT() REPRESENTATION_CONTEXT('2D SPACE',''
  ) );
#5276 = ORIENTED_EDGE('',*,*,#5277,.F.);
#5277 = EDGE_CURVE('',#2991,#5249,#5278,.T.);
#5278 = SEAM_CURVE('',#5279,(#5283,#5290),.PCURVE_S1.);
#5279 = LINE('',#5280,#5281);
#5280 = CARTESIAN_POINT('',(2.5,-32.631,-5.));
#5281 = VECTOR('',#5282,1.);
#5282 = DIRECTION('',(0.,0.,1.));
#5283 = PCURVE('',#3007,#5284);
#5284 = DEFINITIONAL_REPRESENTATION('',(#5285),#5289);
#5285 = LINE('',#5286,#5287);
#5286 = CARTESIAN_POINT('',(6.28318530718,-0.));
#5287 = VECTOR('',#5288,1.);
#5288 = DIRECTION('',(0.,1.));
#5289 = ( GEOMETRIC_REPRESENTATION_CONTEXT(2) 
PARAMETRIC_REPRESENTATION_CONTEXT() REPRESENTATION_CONTEXT('2D SPACE',''
  ) );
#5290 = PCURVE('',#3007,#5291);
#5291 = DEFINITIONAL_REPRESENTATION('',(#5292),#5296);
#5292 = LINE('',#5293,#5294);
#5293 = CARTESIAN_POINT('',(0.,-0.));
#5294 = VECTOR('',#5295,1.);
#5295 = DIRECTION('',(0.,1.));
#5296 = ( GEOMETRIC_REPRESENTATION_CONTEXT(2) 
PARAMETRIC_REPRESENTATION_CONTEXT() REPRESENTATION_CONTEXT('2D SPACE',''
  ) );
#5297 = ORIENTED_EDGE('',*,*,#2990,.T.);
#5298 = ORIENTED_EDGE('',*,*,#5277,.T.);
#5299 = ADVANCED_FACE('',(#5300),#3038,.T.);
#5300 = FACE_BOUND('',#5301,.T.);
#5301 = EDGE_LOOP('',(#5302,#5331,#5352,#5353));
#5302 = ORIENTED_EDGE('',*,*,#5303,.F.);
#5303 = EDGE_CURVE('',#5304,#5304,#5306,.T.);
#5304 = VERTEX_POINT('',#5305);
#5305 = CARTESIAN_POINT('',(-121.075,-19.05,0.));
#5306 = SURFACE_CURVE('',#5307,(#5312,#5319),.PCURVE_S1.);
#5307 = CIRCLE('',#5308,2.75);
#5308 = AXIS2_PLACEMENT_3D('',#5309,#5310,#5311);
#5309 = CARTESIAN_POINT('',(-123.825,-19.05,0.));
#5310 = DIRECTION('',(0.,0.,1.));
#5311 = DIRECTION('',(1.,0.,-0.));
#5312 = PCURVE('',#3038,#5313);
#5313 = DEFINITIONAL_REPRESENTATION('',(#5314),#5318);
#5314 = LINE('',#5315,#5316);
#5315 = CARTESIAN_POINT('',(0.,5.));
#5316 = VECTOR('',#5317,1.);
#5317 = DIRECTION('',(1.,0.));
#5318 = ( GEOMETRIC_REPRESENTATION_CONTEXT(2) 
PARAMETRIC_REPRESENTATION_CONTEXT() REPRESENTATION_CONTEXT('2D SPACE',''
  ) );
#5319 = PCURVE('',#5320,#5325);
#5320 = PLANE('',#5321);
#5321 = AXIS2_PLACEMENT_3D('',#5322,#5323,#5324);
#5322 = CARTESIAN_POINT('',(-123.825,-19.05,0.));
#5323 = DIRECTION('',(0.,0.,1.));
#5324 = DIRECTION('',(1.,0.,-0.));
#5325 = DEFINITIONAL_REPRESENTATION('',(#5326),#5330);
#5326 = CIRCLE('',#5327,2.75);
#5327 = AXIS2_PLACEMENT_2D('',#5328,#5329);
#5328 = CARTESIAN_POINT('',(0.,0.));
#5329 = DIRECTION('',(1.,0.));
#5330 = ( GEOMETRIC_REPRESENTATION_CONTEXT(2) 
PARAMETRIC_REPRESENTATION_CONTEXT() REPRESENTATION_CONTEXT('2D SPACE',''
  ) );
#5331 = ORIENTED_EDGE('',*,*,#5332,.F.);
#5332 = EDGE_CURVE('',#3022,#5304,#5333,.T.);
#5333 = SEAM_CURVE('',#5334,(#5338,#5345),.PCURVE_S1.);
#5334 = LINE('',#5335,#5336);
#5335 = CARTESIAN_POINT('',(-121.075,-19.05,-5.));
#5336 = VECTOR('',#5337,1.);
#5337 = DIRECTION('',(0.,0.,1.));
#5338 = PCURVE('',#3038,#5339);
#5339 = DEFINITIONAL_REPRESENTATION('',(#5340),#5344);
#5340 = LINE('',#5341,#5342);
#5341 = CARTESIAN_POINT('',(6.28318530718,-0.));
#5342 = VECTOR('',#5343,1.);
#5343 = DIRECTION('',(0.,1.));
#5344 = ( GEOMETRIC_REPRESENTATION_CONTEXT(2) 
PARAMETRIC_REPRESENTATION_CONTEXT() REPRESENTATION_CONTEXT('2D SPACE',''
  ) );
#5345 = PCURVE('',#3038,#5346);
#5346 = DEFINITIONAL_REPRESENTATION('',(#5347),#5351);
#5347 = LINE('',#5348,#5349);
#5348 = CARTESIAN_POINT('',(0.,-0.));
#5349 = VECTOR('',#5350,1.);
#5350 = DIRECTION('',(0.,1.));
#5351 = ( GEOMETRIC_REPRESENTATION_CONTEXT(2) 
PARAMETRIC_REPRESENTATION_CONTEXT() REPRESENTATION_CONTEXT('2D SPACE',''
  ) );
#5352 = ORIENTED_EDGE('',*,*,#3021,.T.);
#5353 = ORIENTED_EDGE('',*,*,#5332,.T.);
#5354 = ADVANCED_FACE('',(#5355),#3069,.T.);
#5355 = FACE_BOUND('',#5356,.T.);
#5356 = EDGE_LOOP('',(#5357,#5386,#5407,#5408));
#5357 = ORIENTED_EDGE('',*,*,#5358,.F.);
#5358 = EDGE_CURVE('',#5359,#5359,#5361,.T.);
#5359 = VERTEX_POINT('',#5360);
#5360 = CARTESIAN_POINT('',(-44.875,-19.05,0.));
#5361 = SURFACE_CURVE('',#5362,(#5367,#5374),.PCURVE_S1.);
#5362 = CIRCLE('',#5363,2.75);
#5363 = AXIS2_PLACEMENT_3D('',#5364,#5365,#5366);
#5364 = CARTESIAN_POINT('',(-47.625,-19.05,0.));
#5365 = DIRECTION('',(0.,0.,1.));
#5366 = DIRECTION('',(1.,0.,-0.));
#5367 = PCURVE('',#3069,#5368);
#5368 = DEFINITIONAL_REPRESENTATION('',(#5369),#5373);
#5369 = LINE('',#5370,#5371);
#5370 = CARTESIAN_POINT('',(0.,5.));
#5371 = VECTOR('',#5372,1.);
#5372 = DIRECTION('',(1.,0.));
#5373 = ( GEOMETRIC_REPRESENTATION_CONTEXT(2) 
PARAMETRIC_REPRESENTATION_CONTEXT() REPRESENTATION_CONTEXT('2D SPACE',''
  ) );
#5374 = PCURVE('',#5375,#5380);
#5375 = PLANE('',#5376);
#5376 = AXIS2_PLACEMENT_3D('',#5377,#5378,#5379);
#5377 = CARTESIAN_POINT('',(-47.625,-19.05,0.));
#5378 = DIRECTION('',(0.,0.,1.));
#5379 = DIRECTION('',(1.,0.,-0.));
#5380 = DEFINITIONAL_REPRESENTATION('',(#5381),#5385);
#5381 = CIRCLE('',#5382,2.75);
#5382 = AXIS2_PLACEMENT_2D('',#5383,#5384);
#5383 = CARTESIAN_POINT('',(0.,0.));
#5384 = DIRECTION('',(1.,0.));
#5385 = ( GEOMETRIC_REPRESENTATION_CONTEXT(2) 
PARAMETRIC_REPRESENTATION_CONTEXT() REPRESENTATION_CONTEXT('2D SPACE',''
  ) );
#5386 = ORIENTED_EDGE('',*,*,#5387,.F.);
#5387 = EDGE_CURVE('',#3053,#5359,#5388,.T.);
#5388 = SEAM_CURVE('',#5389,(#5393,#5400),.PCURVE_S1.);
#5389 = LINE('',#5390,#5391);
#5390 = CARTESIAN_POINT('',(-44.875,-19.05,-5.));
#5391 = VECTOR('',#5392,1.);
#5392 = DIRECTION('',(0.,0.,1.));
#5393 = PCURVE('',#3069,#5394);
#5394 = DEFINITIONAL_REPRESENTATION('',(#5395),#5399);
#5395 = LINE('',#5396,#5397);
#5396 = CARTESIAN_POINT('',(6.28318530718,-0.));
#5397 = VECTOR('',#5398,1.);
#5398 = DIRECTION('',(0.,1.));
#5399 = ( GEOMETRIC_REPRESENTATION_CONTEXT(2) 
PARAMETRIC_REPRESENTATION_CONTEXT() REPRESENTATION_CONTEXT('2D SPACE',''
  ) );
#5400 = PCURVE('',#3069,#5401);
#5401 = DEFINITIONAL_REPRESENTATION('',(#5402),#5406);
#5402 = LINE('',#5403,#5404);
#5403 = CARTESIAN_POINT('',(0.,-0.));
#5404 = VECTOR('',#5405,1.);
#5405 = DIRECTION('',(0.,1.));
#5406 = ( GEOMETRIC_REPRESENTATION_CONTEXT(2) 
PARAMETRIC_REPRESENTATION_CONTEXT() REPRESENTATION_CONTEXT('2D SPACE',''
  ) );
#5407 = ORIENTED_EDGE('',*,*,#3052,.T.);
#5408 = ORIENTED_EDGE('',*,*,#5387,.T.);
#5409 = ADVANCED_FACE('',(#5410),#3100,.T.);
#5410 = FACE_BOUND('',#5411,.T.);
#5411 = EDGE_LOOP('',(#5412,#5441,#5462,#5463));
#5412 = ORIENTED_EDGE('',*,*,#5413,.F.);
#5413 = EDGE_CURVE('',#5414,#5414,#5416,.T.);
#5414 = VERTEX_POINT('',#5415);
#5415 = CARTESIAN_POINT('',(50.375,-19.05,0.));
#5416 = SURFACE_CURVE('',#5417,(#5422,#5429),.PCURVE_S1.);
#5417 = CIRCLE('',#5418,2.75);
#5418 = AXIS2_PLACEMENT_3D('',#5419,#5420,#5421);
#5419 = CARTESIAN_POINT('',(47.625,-19.05,0.));
#5420 = DIRECTION('',(0.,0.,1.));
#5421 = DIRECTION('',(1.,0.,-0.));
#5422 = PCURVE('',#3100,#5423);
#5423 = DEFINITIONAL_REPRESENTATION('',(#5424),#5428);
#5424 = LINE('',#5425,#5426);
#5425 = CARTESIAN_POINT('',(0.,5.));
#5426 = VECTOR('',#5427,1.);
#5427 = DIRECTION('',(1.,0.));
#5428 = ( GEOMETRIC_REPRESENTATION_CONTEXT(2) 
PARAMETRIC_REPRESENTATION_CONTEXT() REPRESENTATION_CONTEXT('2D SPACE',''
  ) );
#5429 = PCURVE('',#5430,#5435);
#5430 = PLANE('',#5431);
#5431 = AXIS2_PLACEMENT_3D('',#5432,#5433,#5434);
#5432 = CARTESIAN_POINT('',(47.625,-19.05,0.));
#5433 = DIRECTION('',(0.,0.,1.));
#5434 = DIRECTION('',(1.,0.,-0.));
#5435 = DEFINITIONAL_REPRESENTATION('',(#5436),#5440);
#5436 = CIRCLE('',#5437,2.75);
#5437 = AXIS2_PLACEMENT_2D('',#5438,#5439);
#5438 = CARTESIAN_POINT('',(0.,0.));
#5439 = DIRECTION('',(1.,0.));
#5440 = ( GEOMETRIC_REPRESENTATION_CONTEXT(2) 
PARAMETRIC_REPRESENTATION_CONTEXT() REPRESENTATION_CONTEXT('2D SPACE',''
  ) );
#5441 = ORIENTED_EDGE('',*,*,#5442,.F.);
#5442 = EDGE_CURVE('',#3084,#5414,#5443,.T.);
#5443 = SEAM_CURVE('',#5444,(#5448,#5455),.PCURVE_S1.);
#5444 = LINE('',#5445,#5446);
#5445 = CARTESIAN_POINT('',(50.375,-19.05,-5.));
#5446 = VECTOR('',#5447,1.);
#5447 = DIRECTION('',(0.,0.,1.));
#5448 = PCURVE('',#3100,#5449);
#5449 = DEFINITIONAL_REPRESENTATION('',(#5450),#5454);
#5450 = LINE('',#5451,#5452);
#5451 = CARTESIAN_POINT('',(6.28318530718,-0.));
#5452 = VECTOR('',#5453,1.);
#5453 = DIRECTION('',(0.,1.));
#5454 = ( GEOMETRIC_REPRESENTATION_CONTEXT(2) 
PARAMETRIC_REPRESENTATION_CONTEXT() REPRESENTATION_CONTEXT('2D SPACE',''
  ) );
#5455 = PCURVE('',#3100,#5456);
#5456 = DEFINITIONAL_REPRESENTATION('',(#5457),#5461);
#5457 = LINE('',#5458,#5459);
#5458 = CARTESIAN_POINT('',(0.,-0.));
#5459 = VECTOR('',#5460,1.);
#5460 = DIRECTION('',(0.,1.));
#5461 = ( GEOMETRIC_REPRESENTATION_CONTEXT(2) 
PARAMETRIC_REPRESENTATION_CONTEXT() REPRESENTATION_CONTEXT('2D SPACE',''
  ) );
#5462 = ORIENTED_EDGE('',*,*,#3083,.T.);
#5463 = ORIENTED_EDGE('',*,*,#5442,.T.);
#5464 = ADVANCED_FACE('',(#5465),#3131,.T.);
#5465 = FACE_BOUND('',#5466,.T.);
#5466 = EDGE_LOOP('',(#5467,#5496,#5517,#5518));
#5467 = ORIENTED_EDGE('',*,*,#5468,.F.);
#5468 = EDGE_CURVE('',#5469,#5469,#5471,.T.);
#5469 = VERTEX_POINT('',#5470);
#5470 = CARTESIAN_POINT('',(126.575,-19.05,0.));
#5471 = SURFACE_CURVE('',#5472,(#5477,#5484),.PCURVE_S1.);
#5472 = CIRCLE('',#5473,2.75);
#5473 = AXIS2_PLACEMENT_3D('',#5474,#5475,#5476);
#5474 = CARTESIAN_POINT('',(123.825,-19.05,0.));
#5475 = DIRECTION('',(0.,0.,1.));
#5476 = DIRECTION('',(1.,0.,-0.));
#5477 = PCURVE('',#3131,#5478);
#5478 = DEFINITIONAL_REPRESENTATION('',(#5479),#5483);
#5479 = LINE('',#5480,#5481);
#5480 = CARTESIAN_POINT('',(0.,5.));
#5481 = VECTOR('',#5482,1.);
#5482 = DIRECTION('',(1.,0.));
#5483 = ( GEOMETRIC_REPRESENTATION_CONTEXT(2) 
PARAMETRIC_REPRESENTATION_CONTEXT() REPRESENTATION_CONTEXT('2D SPACE',''
  ) );
#5484 = PCURVE('',#5485,#5490);
#5485 = PLANE('',#5486);
#5486 = AXIS2_PLACEMENT_3D('',#5487,#5488,#5489);
#5487 = CARTESIAN_POINT('',(123.825,-19.05,0.));
#5488 = DIRECTION('',(0.,0.,1.));
#5489 = DIRECTION('',(1.,0.,-0.));
#5490 = DEFINITIONAL_REPRESENTATION('',(#5491),#5495);
#5491 = CIRCLE('',#5492,2.75);
#5492 = AXIS2_PLACEMENT_2D('',#5493,#5494);
#5493 = CARTESIAN_POINT('',(0.,0.));
#5494 = DIRECTION('',(1.,0.));
#5495 = ( GEOMETRIC_REPRESENTATION_CONTEXT(2) 
PARAMETRIC_REPRESENTATION_CONTEXT() REPRESENTATION_CONTEXT('2D SPACE',''
  ) );
#5496 = ORIENTED_EDGE('',*,*,#5497,.F.);
#5497 = EDGE_CURVE('',#3115,#5469,#5498,.T.);
#5498 = SEAM_CURVE('',#5499,(#5503,#5510),.PCURVE_S1.);
#5499 = LINE('',#5500,#5501);
#5500 = CARTESIAN_POINT('',(126.575,-19.05,-5.));
#5501 = VECTOR('',#5502,1.);
#5502 = DIRECTION('',(0.,0.,1.));
#5503 = PCURVE('',#3131,#5504);
#5504 = DEFINITIONAL_REPRESENTATION('',(#5505),#5509);
#5505 = LINE('',#5506,#5507);
#5506 = CARTESIAN_POINT('',(6.28318530718,-0.));
#5507 = VECTOR('',#5508,1.);
#5508 = DIRECTION('',(0.,1.));
#5509 = ( GEOMETRIC_REPRESENTATION_CONTEXT(2) 
PARAMETRIC_REPRESENTATION_CONTEXT() REPRESENTATION_CONTEXT('2D SPACE',''
  ) );
#5510 = PCURVE('',#3131,#5511);
#5511 = DEFINITIONAL_REPRESENTATION('',(#5512),#5516);
#5512 = LINE('',#5513,#5514);
#5513 = CARTESIAN_POINT('',(0.,-0.));
#5514 = VECTOR('',#5515,1.);
#5515 = DIRECTION('',(0.,1.));
#5516 = ( GEOMETRIC_REPRESENTATION_CONTEXT(2) 
PARAMETRIC_REPRESENTATION_CONTEXT() REPRESENTATION_CONTEXT('2D SPACE',''
  ) );
#5517 = ORIENTED_EDGE('',*,*,#3114,.T.);
#5518 = ORIENTED_EDGE('',*,*,#5497,.T.);
#5519 = ADVANCED_FACE('',(#5520),#3162,.T.);
#5520 = FACE_BOUND('',#5521,.T.);
#5521 = EDGE_LOOP('',(#5522,#5551,#5572,#5573));
#5522 = ORIENTED_EDGE('',*,*,#5523,.F.);
#5523 = EDGE_CURVE('',#5524,#5524,#5526,.T.);
#5524 = VERTEX_POINT('',#5525);
#5525 = CARTESIAN_POINT('',(-121.075,19.05,0.));
#5526 = SURFACE_CURVE('',#5527,(#5532,#5539),.PCURVE_S1.);
#5527 = CIRCLE('',#5528,2.75);
#5528 = AXIS2_PLACEMENT_3D('',#5529,#5530,#5531);
#5529 = CARTESIAN_POINT('',(-123.825,19.05,0.));
#5530 = DIRECTION('',(0.,0.,1.));
#5531 = DIRECTION('',(1.,0.,-0.));
#5532 = PCURVE('',#3162,#5533);
#5533 = DEFINITIONAL_REPRESENTATION('',(#5534),#5538);
#5534 = LINE('',#5535,#5536);
#5535 = CARTESIAN_POINT('',(0.,5.));
#5536 = VECTOR('',#5537,1.);
#5537 = DIRECTION('',(1.,0.));
#5538 = ( GEOMETRIC_REPRESENTATION_CONTEXT(2) 
PARAMETRIC_REPRESENTATION_CONTEXT() REPRESENTATION_CONTEXT('2D SPACE',''
  ) );
#5539 = PCURVE('',#5540,#5545);
#5540 = PLANE('',#5541);
#5541 = AXIS2_PLACEMENT_3D('',#5542,#5543,#5544);
#5542 = CARTESIAN_POINT('',(-123.825,19.05,0.));
#5543 = DIRECTION('',(0.,0.,1.));
#5544 = DIRECTION('',(1.,0.,-0.));
#5545 = DEFINITIONAL_REPRESENTATION('',(#5546),#5550);
#5546 = CIRCLE('',#5547,2.75);
#5547 = AXIS2_PLACEMENT_2D('',#5548,#5549);
#5548 = CARTESIAN_POINT('',(0.,0.));
#5549 = DIRECTION('',(1.,0.));
#5550 = ( GEOMETRIC_REPRESENTATION_CONTEXT(2) 
PARAMETRIC_REPRESENTATION_CONTEXT() REPRESENTATION_CONTEXT('2D SPACE',''
  ) );
#5551 = ORIENTED_EDGE('',*,*,#5552,.F.);
#5552 = EDGE_CURVE('',#3146,#5524,#5553,.T.);
#5553 = SEAM_CURVE('',#5554,(#5558,#5565),.PCURVE_S1.);
#5554 = LINE('',#5555,#5556);
#5555 = CARTESIAN_POINT('',(-121.075,19.05,-5.));
#5556 = VECTOR('',#5557,1.);
#5557 = DIRECTION('',(0.,0.,1.));
#5558 = PCURVE('',#3162,#5559);
#5559 = DEFINITIONAL_REPRESENTATION('',(#5560),#5564);
#5560 = LINE('',#5561,#5562);
#5561 = CARTESIAN_POINT('',(6.28318530718,-0.));
#5562 = VECTOR('',#5563,1.);
#5563 = DIRECTION('',(0.,1.));
#5564 = ( GEOMETRIC_REPRESENTATION_CONTEXT(2) 
PARAMETRIC_REPRESENTATION_CONTEXT() REPRESENTATION_CONTEXT('2D SPACE',''
  ) );
#5565 = PCURVE('',#3162,#5566);
#5566 = DEFINITIONAL_REPRESENTATION('',(#5567),#5571);
#5567 = LINE('',#5568,#5569);
#5568 = CARTESIAN_POINT('',(0.,-0.));
#5569 = VECTOR('',#5570,1.);
#5570 = DIRECTION('',(0.,1.));
#5571 = ( GEOMETRIC_REPRESENTATION_CONTEXT(2) 
PARAMETRIC_REPRESENTATION_CONTEXT() REPRESENTATION_CONTEXT('2D SPACE',''
  ) );
#5572 = ORIENTED_EDGE('',*,*,#3145,.T.);
#5573 = ORIENTED_EDGE('',*,*,#5552,.T.);
#5574 = ADVANCED_FACE('',(#5575),#3193,.T.);
#5575 = FACE_BOUND('',#5576,.T.);
#5576 = EDGE_LOOP('',(#5577,#5606,#5627,#5628));
#5577 = ORIENTED_EDGE('',*,*,#5578,.F.);
#5578 = EDGE_CURVE('',#5579,#5579,#5581,.T.);
#5579 = VERTEX_POINT('',#5580);
#5580 = CARTESIAN_POINT('',(-44.875,19.05,0.));
#5581 = SURFACE_CURVE('',#5582,(#5587,#5594),.PCURVE_S1.);
#5582 = CIRCLE('',#5583,2.75);
#5583 = AXIS2_PLACEMENT_3D('',#5584,#5585,#5586);
#5584 = CARTESIAN_POINT('',(-47.625,19.05,0.));
#5585 = DIRECTION('',(0.,0.,1.));
#5586 = DIRECTION('',(1.,0.,-0.));
#5587 = PCURVE('',#3193,#5588);
#5588 = DEFINITIONAL_REPRESENTATION('',(#5589),#5593);
#5589 = LINE('',#5590,#5591);
#5590 = CARTESIAN_POINT('',(0.,5.));
#5591 = VECTOR('',#5592,1.);
#5592 = DIRECTION('',(1.,0.));
#5593 = ( GEOMETRIC_REPRESENTATION_CONTEXT(2) 
PARAMETRIC_REPRESENTATION_CONTEXT() REPRESENTATION_CONTEXT('2D SPACE',''
  ) );
#5594 = PCURVE('',#5595,#5600);
#5595 = PLANE('',#5596);
#5596 = AXIS2_PLACEMENT_3D('',#5597,#5598,#5599);
#5597 = CARTESIAN_POINT('',(-47.625,19.05,0.));
#5598 = DIRECTION('',(0.,0.,1.));
#5599 = DIRECTION('',(1.,0.,-0.));
#5600 = DEFINITIONAL_REPRESENTATION('',(#5601),#5605);
#5601 = CIRCLE('',#5602,2.75);
#5602 = AXIS2_PLACEMENT_2D('',#5603,#5604);
#5603 = CARTESIAN_POINT('',(0.,0.));
#5604 = DIRECTION('',(1.,0.));
#5605 = ( GEOMETRIC_REPRESENTATION_CONTEXT(2) 
PARAMETRIC_REPRESENTATION_CONTEXT() REPRESENTATION_CONTEXT('2D SPACE',''
  ) );
#5606 = ORIENTED_EDGE('',*,*,#5607,.F.);
#5607 = EDGE_CURVE('',#3177,#5579,#5608,.T.);
#5608 = SEAM_CURVE('',#5609,(#5613,#5620),.PCURVE_S1.);
#5609 = LINE('',#5610,#5611);
#5610 = CARTESIAN_POINT('',(-44.875,19.05,-5.));
#5611 = VECTOR('',#5612,1.);
#5612 = DIRECTION('',(0.,0.,1.));
#5613 = PCURVE('',#3193,#5614);
#5614 = DEFINITIONAL_REPRESENTATION('',(#5615),#5619);
#5615 = LINE('',#5616,#5617);
#5616 = CARTESIAN_POINT('',(6.28318530718,-0.));
#5617 = VECTOR('',#5618,1.);
#5618 = DIRECTION('',(0.,1.));
#5619 = ( GEOMETRIC_REPRESENTATION_CONTEXT(2) 
PARAMETRIC_REPRESENTATION_CONTEXT() REPRESENTATION_CONTEXT('2D SPACE',''
  ) );
#5620 = PCURVE('',#3193,#5621);
#5621 = DEFINITIONAL_REPRESENTATION('',(#5622),#5626);
#5622 = LINE('',#5623,#5624);
#5623 = CARTESIAN_POINT('',(0.,-0.));
#5624 = VECTOR('',#5625,1.);
#5625 = DIRECTION('',(0.,1.));
#5626 = ( GEOMETRIC_REPRESENTATION_CONTEXT(2) 
PARAMETRIC_REPRESENTATION_CONTEXT() REPRESENTATION_CONTEXT('2D SPACE',''
  ) );
#5627 = ORIENTED_EDGE('',*,*,#3176,.T.);
#5628 = ORIENTED_EDGE('',*,*,#5607,.T.);
#5629 = ADVANCED_FACE('',(#5630),#3224,.T.);
#5630 = FACE_BOUND('',#5631,.T.);
#5631 = EDGE_LOOP('',(#5632,#5661,#5682,#5683));
#5632 = ORIENTED_EDGE('',*,*,#5633,.F.);
#5633 = EDGE_CURVE('',#5634,#5634,#5636,.T.);
#5634 = VERTEX_POINT('',#5635);
#5635 = CARTESIAN_POINT('',(2.5,24.869,0.));
#5636 = SURFACE_CURVE('',#5637,(#5642,#5649),.PCURVE_S1.);
#5637 = CIRCLE('',#5638,2.5);
#5638 = AXIS2_PLACEMENT_3D('',#5639,#5640,#5641);
#5639 = CARTESIAN_POINT('',(0.,24.869,0.));
#5640 = DIRECTION('',(0.,0.,1.));
#5641 = DIRECTION('',(1.,0.,-0.));
#5642 = PCURVE('',#3224,#5643);
#5643 = DEFINITIONAL_REPRESENTATION('',(#5644),#5648);
#5644 = LINE('',#5645,#5646);
#5645 = CARTESIAN_POINT('',(0.,5.));
#5646 = VECTOR('',#5647,1.);
#5647 = DIRECTION('',(1.,0.));
#5648 = ( GEOMETRIC_REPRESENTATION_CONTEXT(2) 
PARAMETRIC_REPRESENTATION_CONTEXT() REPRESENTATION_CONTEXT('2D SPACE',''
  ) );
#5649 = PCURVE('',#5650,#5655);
#5650 = PLANE('',#5651);
#5651 = AXIS2_PLACEMENT_3D('',#5652,#5653,#5654);
#5652 = CARTESIAN_POINT('',(0.,24.869,0.));
#5653 = DIRECTION('',(0.,0.,1.));
#5654 = DIRECTION('',(1.,0.,-0.));
#5655 = DEFINITIONAL_REPRESENTATION('',(#5656),#5660);
#5656 = CIRCLE('',#5657,2.5);
#5657 = AXIS2_PLACEMENT_2D('',#5658,#5659);
#5658 = CARTESIAN_POINT('',(0.,0.));
#5659 = DIRECTION('',(1.,0.));
#5660 = ( GEOMETRIC_REPRESENTATION_CONTEXT(2) 
PARAMETRIC_REPRESENTATION_CONTEXT() REPRESENTATION_CONTEXT('2D SPACE',''
  ) );
#5661 = ORIENTED_EDGE('',*,*,#5662,.F.);
#5662 = EDGE_CURVE('',#3208,#5634,#5663,.T.);
#5663 = SEAM_CURVE('',#5664,(#5668,#5675),.PCURVE_S1.);
#5664 = LINE('',#5665,#5666);
#5665 = CARTESIAN_POINT('',(2.5,24.869,-5.));
#5666 = VECTOR('',#5667,1.);
#5667 = DIRECTION('',(0.,0.,1.));
#5668 = PCURVE('',#3224,#5669);
#5669 = DEFINITIONAL_REPRESENTATION('',(#5670),#5674);
#5670 = LINE('',#5671,#5672);
#5671 = CARTESIAN_POINT('',(6.28318530718,-0.));
#5672 = VECTOR('',#5673,1.);
#5673 = DIRECTION('',(0.,1.));
#5674 = ( GEOMETRIC_REPRESENTATION_CONTEXT(2) 
PARAMETRIC_REPRESENTATION_CONTEXT() REPRESENTATION_CONTEXT('2D SPACE',''
  ) );
#5675 = PCURVE('',#3224,#5676);
#5676 = DEFINITIONAL_REPRESENTATION('',(#5677),#5681);
#5677 = LINE('',#5678,#5679);
#5678 = CARTESIAN_POINT('',(0.,-0.));
#5679 = VECTOR('',#5680,1.);
#5680 = DIRECTION('',(0.,1.));
#5681 = ( GEOMETRIC_REPRESENTATION_CONTEXT(2) 
PARAMETRIC_REPRESENTATION_CONTEXT() REPRESENTATION_CONTEXT('2D SPACE',''
  ) );
#5682 = ORIENTED_EDGE('',*,*,#3207,.T.);
#5683 = ORIENTED_EDGE('',*,*,#5662,.T.);
#5684 = ADVANCED_FACE('',(#5685),#3255,.T.);
#5685 = FACE_BOUND('',#5686,.T.);
#5686 = EDGE_LOOP('',(#5687,#5716,#5737,#5738));
#5687 = ORIENTED_EDGE('',*,*,#5688,.F.);
#5688 = EDGE_CURVE('',#5689,#5689,#5691,.T.);
#5689 = VERTEX_POINT('',#5690);
#5690 = CARTESIAN_POINT('',(50.375,19.05,0.));
#5691 = SURFACE_CURVE('',#5692,(#5697,#5704),.PCURVE_S1.);
#5692 = CIRCLE('',#5693,2.75);
#5693 = AXIS2_PLACEMENT_3D('',#5694,#5695,#5696);
#5694 = CARTESIAN_POINT('',(47.625,19.05,0.));
#5695 = DIRECTION('',(0.,0.,1.));
#5696 = DIRECTION('',(1.,0.,-0.));
#5697 = PCURVE('',#3255,#5698);
#5698 = DEFINITIONAL_REPRESENTATION('',(#5699),#5703);
#5699 = LINE('',#5700,#5701);
#5700 = CARTESIAN_POINT('',(0.,5.));
#5701 = VECTOR('',#5702,1.);
#5702 = DIRECTION('',(1.,0.));
#5703 = ( GEOMETRIC_REPRESENTATION_CONTEXT(2) 
PARAMETRIC_REPRESENTATION_CONTEXT() REPRESENTATION_CONTEXT('2D SPACE',''
  ) );
#5704 = PCURVE('',#5705,#5710);
#5705 = PLANE('',#5706);
#5706 = AXIS2_PLACEMENT_3D('',#5707,#5708,#5709);
#5707 = CARTESIAN_POINT('',(47.625,19.05,0.));
#5708 = DIRECTION('',(0.,0.,1.));
#5709 = DIRECTION('',(1.,0.,-0.));
#5710 = DEFINITIONAL_REPRESENTATION('',(#5711),#5715);
#5711 = CIRCLE('',#5712,2.75);
#5712 = AXIS2_PLACEMENT_2D('',#5713,#5714);
#5713 = CARTESIAN_POINT('',(0.,0.));
#5714 = DIRECTION('',(1.,0.));
#5715 = ( GEOMETRIC_REPRESENTATION_CONTEXT(2) 
PARAMETRIC_REPRESENTATION_CONTEXT() REPRESENTATION_CONTEXT('2D SPACE',''
  ) );
#5716 = ORIENTED_EDGE('',*,*,#5717,.F.);
#5717 = EDGE_CURVE('',#3239,#5689,#5718,.T.);
#5718 = SEAM_CURVE('',#5719,(#5723,#5730),.PCURVE_S1.);
#5719 = LINE('',#5720,#5721);
#5720 = CARTESIAN_POINT('',(50.375,19.05,-5.));
#5721 = VECTOR('',#5722,1.);
#5722 = DIRECTION('',(0.,0.,1.));
#5723 = PCURVE('',#3255,#5724);
#5724 = DEFINITIONAL_REPRESENTATION('',(#5725),#5729);
#5725 = LINE('',#5726,#5727);
#5726 = CARTESIAN_POINT('',(6.28318530718,-0.));
#5727 = VECTOR('',#5728,1.);
#5728 = DIRECTION('',(0.,1.));
#5729 = ( GEOMETRIC_REPRESENTATION_CONTEXT(2) 
PARAMETRIC_REPRESENTATION_CONTEXT() REPRESENTATION_CONTEXT('2D SPACE',''
  ) );
#5730 = PCURVE('',#3255,#5731);
#5731 = DEFINITIONAL_REPRESENTATION('',(#5732),#5736);
#5732 = LINE('',#5733,#5734);
#5733 = CARTESIAN_POINT('',(0.,-0.));
#5734 = VECTOR('',#5735,1.);
#5735 = DIRECTION('',(0.,1.));
#5736 = ( GEOMETRIC_REPRESENTATION_CONTEXT(2) 
PARAMETRIC_REPRESENTATION_CONTEXT() REPRESENTATION_CONTEXT('2D SPACE',''
  ) );
#5737 = ORIENTED_EDGE('',*,*,#3238,.T.);
#5738 = ORIENTED_EDGE('',*,*,#5717,.T.);
#5739 = ADVANCED_FACE('',(#5740),#3286,.T.);
#5740 = FACE_BOUND('',#5741,.T.);
#5741 = EDGE_LOOP('',(#5742,#5771,#5792,#5793));
#5742 = ORIENTED_EDGE('',*,*,#5743,.F.);
#5743 = EDGE_CURVE('',#5744,#5744,#5746,.T.);
#5744 = VERTEX_POINT('',#5745);
#5745 = CARTESIAN_POINT('',(126.575,19.05,0.));
#5746 = SURFACE_CURVE('',#5747,(#5752,#5759),.PCURVE_S1.);
#5747 = CIRCLE('',#5748,2.75);
#5748 = AXIS2_PLACEMENT_3D('',#5749,#5750,#5751);
#5749 = CARTESIAN_POINT('',(123.825,19.05,0.));
#5750 = DIRECTION('',(0.,0.,1.));
#5751 = DIRECTION('',(1.,0.,-0.));
#5752 = PCURVE('',#3286,#5753);
#5753 = DEFINITIONAL_REPRESENTATION('',(#5754),#5758);
#5754 = LINE('',#5755,#5756);
#5755 = CARTESIAN_POINT('',(0.,5.));
#5756 = VECTOR('',#5757,1.);
#5757 = DIRECTION('',(1.,0.));
#5758 = ( GEOMETRIC_REPRESENTATION_CONTEXT(2) 
PARAMETRIC_REPRESENTATION_CONTEXT() REPRESENTATION_CONTEXT('2D SPACE',''
  ) );
#5759 = PCURVE('',#5760,#5765);
#5760 = PLANE('',#5761);
#5761 = AXIS2_PLACEMENT_3D('',#5762,#5763,#5764);
#5762 = CARTESIAN_POINT('',(123.825,19.05,0.));
#5763 = DIRECTION('',(0.,0.,1.));
#5764 = DIRECTION('',(1.,0.,-0.));
#5765 = DEFINITIONAL_REPRESENTATION('',(#5766),#5770);
#5766 = CIRCLE('',#5767,2.75);
#5767 = AXIS2_PLACEMENT_2D('',#5768,#5769);
#5768 = CARTESIAN_POINT('',(0.,0.));
#5769 = DIRECTION('',(1.,0.));
#5770 = ( GEOMETRIC_REPRESENTATION_CONTEXT(2) 
PARAMETRIC_REPRESENTATION_CONTEXT() REPRESENTATION_CONTEXT('2D SPACE',''
  ) );
#5771 = ORIENTED_EDGE('',*,*,#5772,.F.);
#5772 = EDGE_CURVE('',#3270,#5744,#5773,.T.);
#5773 = SEAM_CURVE('',#5774,(#5778,#5785),.PCURVE_S1.);
#5774 = LINE('',#5775,#5776);
#5775 = CARTESIAN_POINT('',(126.575,19.05,-5.));
#5776 = VECTOR('',#5777,1.);
#5777 = DIRECTION('',(0.,0.,1.));
#5778 = PCURVE('',#3286,#5779);
#5779 = DEFINITIONAL_REPRESENTATION('',(#5780),#5784);
#5780 = LINE('',#5781,#5782);
#5781 = CARTESIAN_POINT('',(6.28318530718,-0.));
#5782 = VECTOR('',#5783,1.);
#5783 = DIRECTION('',(0.,1.));
#5784 = ( GEOMETRIC_REPRESENTATION_CONTEXT(2) 
PARAMETRIC_REPRESENTATION_CONTEXT() REPRESENTATION_CONTEXT('2D SPACE',''
  ) );
#5785 = PCURVE('',#3286,#5786);
#5786 = DEFINITIONAL_REPRESENTATION('',(#5787),#5791);
#5787 = LINE('',#5788,#5789);
#5788 = CARTESIAN_POINT('',(0.,-0.));
#5789 = VECTOR('',#5790,1.);
#5790 = DIRECTION('',(0.,1.));
#5791 = ( GEOMETRIC_REPRESENTATION_CONTEXT(2) 
PARAMETRIC_REPRESENTATION_CONTEXT() REPRESENTATION_CONTEXT('2D SPACE',''
  ) );
#5792 = ORIENTED_EDGE('',*,*,#3269,.T.);
#5793 = ORIENTED_EDGE('',*,*,#5772,.T.);
#5794 = ADVANCED_FACE('',(#5795),#3377,.T.);
#5795 = FACE_BOUND('',#5796,.T.);
#5796 = EDGE_LOOP('',(#5797,#5817,#5818,#5819));
#5797 = ORIENTED_EDGE('',*,*,#5798,.F.);
#5798 = EDGE_CURVE('',#3476,#3792,#5799,.T.);
#5799 = SURFACE_CURVE('',#5800,(#5805,#5811),.PCURVE_S1.);
#5800 = CIRCLE('',#5801,1.);
#5801 = AXIS2_PLACEMENT_3D('',#5802,#5803,#5804);
#5802 = CARTESIAN_POINT('',(144.45,36.675,9.6));
#5803 = DIRECTION('',(0.,-1.,0.));
#5804 = DIRECTION('',(0.,0.,1.));
#5805 = PCURVE('',#3377,#5806);
#5806 = DEFINITIONAL_REPRESENTATION('',(#5807),#5810);
#5807 = B_SPLINE_CURVE_WITH_KNOTS('',1,(#5808,#5809),.UNSPECIFIED.,.F.,
  .F.,(2,2),(0.,1.570796326795),.PIECEWISE_BEZIER_KNOTS.);
#5808 = CARTESIAN_POINT('',(0.,1.570796326795));
#5809 = CARTESIAN_POINT('',(0.,3.14159265359));
#5810 = ( GEOMETRIC_REPRESENTATION_CONTEXT(2) 
PARAMETRIC_REPRESENTATION_CONTEXT() REPRESENTATION_CONTEXT('2D SPACE',''
  ) );
#5811 = PCURVE('',#3515,#5812);
#5812 = DEFINITIONAL_REPRESENTATION('',(#5813),#5816);
#5813 = B_SPLINE_CURVE_WITH_KNOTS('',1,(#5814,#5815),.UNSPECIFIED.,.F.,
  .F.,(2,2),(0.,1.570796326795),.PIECEWISE_BEZIER_KNOTS.);
#5814 = CARTESIAN_POINT('',(0.,73.35));
#5815 = CARTESIAN_POINT('',(-1.570796326795,73.35));
#5816 = ( GEOMETRIC_REPRESENTATION_CONTEXT(2) 
PARAMETRIC_REPRESENTATION_CONTEXT() REPRESENTATION_CONTEXT('2D SPACE',''
  ) );
#5817 = ORIENTED_EDGE('',*,*,#3475,.T.);
#5818 = ORIENTED_EDGE('',*,*,#3353,.T.);
#5819 = ORIENTED_EDGE('',*,*,#3818,.F.);
#5820 = ADVANCED_FACE('',(#5821),#3542,.T.);
#5821 = FACE_BOUND('',#5822,.T.);
#5822 = EDGE_LOOP('',(#5823,#5850,#5851,#5871));
#5823 = ORIENTED_EDGE('',*,*,#5824,.F.);
#5824 = EDGE_CURVE('',#3426,#5191,#5825,.T.);
#5825 = SURFACE_CURVE('',#5826,(#5830,#5844),.PCURVE_S1.);
#5826 = ( BOUNDED_CURVE() B_SPLINE_CURVE(2,(#5827,#5828,#5829),
.UNSPECIFIED.,.F.,.F.) B_SPLINE_CURVE_WITH_KNOTS((3,3),(0.,
2.699636486507),.PIECEWISE_BEZIER_KNOTS.) CURVE() 
GEOMETRIC_REPRESENTATION_ITEM() RATIONAL_B_SPLINE_CURVE((1.,
0.707106781187,1.)) REPRESENTATION_ITEM('') );
#5827 = CARTESIAN_POINT('',(144.43170687877,-37.00579312122,10.6));
#5828 = CARTESIAN_POINT('',(143.43780458585,-36.89552874748,10.6));
#5829 = CARTESIAN_POINT('',(143.43780458585,-36.89552874748,9.6));
#5830 = PCURVE('',#3542,#5831);
#5831 = DEFINITIONAL_REPRESENTATION('',(#5832),#5843);
#5832 = B_SPLINE_CURVE_WITH_KNOTS('',9,(#5833,#5834,#5835,#5836,#5837,
    #5838,#5839,#5840,#5841,#5842),.UNSPECIFIED.,.F.,.F.,(10,10),(0.,
    2.699636486507),.PIECEWISE_BEZIER_KNOTS.);
#5833 = CARTESIAN_POINT('',(1.460307285024,1.570796326795));
#5834 = CARTESIAN_POINT('',(1.460307285024,1.727931167059));
#5835 = CARTESIAN_POINT('',(1.460307285024,1.896571043616));
#5836 = CARTESIAN_POINT('',(1.460307285024,2.075362713666));
#5837 = CARTESIAN_POINT('',(1.460307285024,2.261541178406));
#5838 = CARTESIAN_POINT('',(1.460307285024,2.450847801979));
#5839 = CARTESIAN_POINT('',(1.460307285024,2.637026266719));
#5840 = CARTESIAN_POINT('',(1.460307285024,2.815817936769));
#5841 = CARTESIAN_POINT('',(1.460307285024,2.984457813326));
#5842 = CARTESIAN_POINT('',(1.460307285024,3.14159265359));
#5843 = ( GEOMETRIC_REPRESENTATION_CONTEXT(2) 
PARAMETRIC_REPRESENTATION_CONTEXT() REPRESENTATION_CONTEXT('2D SPACE',''
  ) );
#5844 = PCURVE('',#4908,#5845);
#5845 = DEFINITIONAL_REPRESENTATION('',(#5846),#5849);
#5846 = B_SPLINE_CURVE_WITH_KNOTS('',1,(#5847,#5848),.UNSPECIFIED.,.F.,
  .F.,(2,2),(0.,2.699636486507),.PIECEWISE_BEZIER_KNOTS.);
#5847 = CARTESIAN_POINT('',(0.,362.31220722363));
#5848 = CARTESIAN_POINT('',(2.699636486507,362.31220722363));
#5849 = ( GEOMETRIC_REPRESENTATION_CONTEXT(2) 
PARAMETRIC_REPRESENTATION_CONTEXT() REPRESENTATION_CONTEXT('2D SPACE',''
  ) );
#5850 = ORIENTED_EDGE('',*,*,#3527,.T.);
#5851 = ORIENTED_EDGE('',*,*,#5852,.T.);
#5852 = EDGE_CURVE('',#3500,#5141,#5853,.T.);
#5853 = SURFACE_CURVE('',#5854,(#5859,#5865),.PCURVE_S1.);
#5854 = CIRCLE('',#5855,1.);
#5855 = AXIS2_PLACEMENT_3D('',#5856,#5857,#5858);
#5856 = CARTESIAN_POINT('',(144.45,-36.675,9.6));
#5857 = DIRECTION('',(-6.123233995737E-17,-1.,0.));
#5858 = DIRECTION('',(1.,-6.123233995737E-17,0.));
#5859 = PCURVE('',#3542,#5860);
#5860 = DEFINITIONAL_REPRESENTATION('',(#5861),#5864);
#5861 = B_SPLINE_CURVE_WITH_KNOTS('',1,(#5862,#5863),.UNSPECIFIED.,.F.,
  .F.,(2,2),(1.570796326795,3.14159265359),.PIECEWISE_BEZIER_KNOTS.);
#5862 = CARTESIAN_POINT('',(1.570796326795,1.570796326795));
#5863 = CARTESIAN_POINT('',(1.570796326795,3.14159265359));
#5864 = ( GEOMETRIC_REPRESENTATION_CONTEXT(2) 
PARAMETRIC_REPRESENTATION_CONTEXT() REPRESENTATION_CONTEXT('2D SPACE',''
  ) );
#5865 = PCURVE('',#3515,#5866);
#5866 = DEFINITIONAL_REPRESENTATION('',(#5867),#5870);
#5867 = B_SPLINE_CURVE_WITH_KNOTS('',1,(#5868,#5869),.UNSPECIFIED.,.F.,
  .F.,(2,2),(1.570796326795,3.14159265359),.PIECEWISE_BEZIER_KNOTS.);
#5868 = CARTESIAN_POINT('',(0.,0.));
#5869 = CARTESIAN_POINT('',(-1.570796326795,0.));
#5870 = ( GEOMETRIC_REPRESENTATION_CONTEXT(2) 
PARAMETRIC_REPRESENTATION_CONTEXT() REPRESENTATION_CONTEXT('2D SPACE',''
  ) );
#5871 = ORIENTED_EDGE('',*,*,#5190,.F.);
#5872 = ADVANCED_FACE('',(#5873),#3515,.T.);
#5873 = FACE_BOUND('',#5874,.F.);
#5874 = EDGE_LOOP('',(#5875,#5876,#5877,#5878));
#5875 = ORIENTED_EDGE('',*,*,#5852,.T.);
#5876 = ORIENTED_EDGE('',*,*,#5163,.T.);
#5877 = ORIENTED_EDGE('',*,*,#5798,.F.);
#5878 = ORIENTED_EDGE('',*,*,#3499,.F.);
#5879 = ADVANCED_FACE('',(#5880),#3651,.F.);
#5880 = FACE_BOUND('',#5881,.F.);
#5881 = EDGE_LOOP('',(#5882,#5883,#5884,#5911));
#5882 = ORIENTED_EDGE('',*,*,#4327,.T.);
#5883 = ORIENTED_EDGE('',*,*,#4005,.T.);
#5884 = ORIENTED_EDGE('',*,*,#5885,.F.);
#5885 = EDGE_CURVE('',#3559,#3978,#5886,.T.);
#5886 = SURFACE_CURVE('',#5887,(#5891,#5897),.PCURVE_S1.);
#5887 = ( BOUNDED_CURVE() B_SPLINE_CURVE(2,(#5888,#5889,#5890),
.UNSPECIFIED.,.F.,.F.) B_SPLINE_CURVE_WITH_KNOTS((3,3),(0.,
19.374474938724),.PIECEWISE_BEZIER_KNOTS.) CURVE() 
GEOMETRIC_REPRESENTATION_ITEM() RATIONAL_B_SPLINE_CURVE((1.,
0.707106781187,1.)) REPRESENTATION_ITEM('') );
#5888 = CARTESIAN_POINT('',(151.45,34.675,-14.02544228082));
#5889 = CARTESIAN_POINT('',(151.45,34.204621915296,-18.50079080998));
#5890 = CARTESIAN_POINT('',(146.95,34.204621915296,-18.50079080998));
#5891 = PCURVE('',#3651,#5892);
#5892 = DEFINITIONAL_REPRESENTATION('',(#5893),#5896);
#5893 = B_SPLINE_CURVE_WITH_KNOTS('',1,(#5894,#5895),.UNSPECIFIED.,.F.,
  .F.,(2,2),(0.,19.374474938724),.PIECEWISE_BEZIER_KNOTS.);
#5894 = CARTESIAN_POINT('',(0.,1.159778001902E+03));
#5895 = CARTESIAN_POINT('',(19.374474938724,1.159778001902E+03));
#5896 = ( GEOMETRIC_REPRESENTATION_CONTEXT(2) 
PARAMETRIC_REPRESENTATION_CONTEXT() REPRESENTATION_CONTEXT('2D SPACE',''
  ) );
#5897 = PCURVE('',#3993,#5898);
#5898 = DEFINITIONAL_REPRESENTATION('',(#5899),#5910);
#5899 = B_SPLINE_CURVE_WITH_KNOTS('',9,(#5900,#5901,#5902,#5903,#5904,
    #5905,#5906,#5907,#5908,#5909),.UNSPECIFIED.,.F.,.F.,(10,10),(0.,
    19.374474938724),.PIECEWISE_BEZIER_KNOTS.);
#5900 = CARTESIAN_POINT('',(2.22044604925E-16,0.472969058696));
#5901 = CARTESIAN_POINT('',(-0.157134840264,0.472969058696));
#5902 = CARTESIAN_POINT('',(-0.325774875487,0.472969058696));
#5903 = CARTESIAN_POINT('',(-0.504565887825,0.472969058696));
#5904 = CARTESIAN_POINT('',(-0.690745646465,0.472969058696));
#5905 = CARTESIAN_POINT('',(-0.88005068033,0.472969058696));
#5906 = CARTESIAN_POINT('',(-1.066230438969,0.472969058696));
#5907 = CARTESIAN_POINT('',(-1.245021451309,0.472969058696));
#5908 = CARTESIAN_POINT('',(-1.413661486531,0.472969058696));
#5909 = CARTESIAN_POINT('',(-1.570796326795,0.472969058696));
#5910 = ( GEOMETRIC_REPRESENTATION_CONTEXT(2) 
PARAMETRIC_REPRESENTATION_CONTEXT() REPRESENTATION_CONTEXT('2D SPACE',''
  ) );
#5911 = ORIENTED_EDGE('',*,*,#3558,.F.);
#5912 = ADVANCED_FACE('',(#5913),#3727,.F.);
#5913 = FACE_BOUND('',#5914,.F.);
#5914 = EDGE_LOOP('',(#5915,#5916,#5939,#5960));
#5915 = ORIENTED_EDGE('',*,*,#3713,.F.);
#5916 = ORIENTED_EDGE('',*,*,#5917,.T.);
#5917 = EDGE_CURVE('',#3559,#5918,#5920,.T.);
#5918 = VERTEX_POINT('',#5919);
#5919 = CARTESIAN_POINT('',(151.45,-34.675,-6.736463565152));
#5920 = SURFACE_CURVE('',#5921,(#5925,#5932),.PCURVE_S1.);
#5921 = LINE('',#5922,#5923);
#5922 = CARTESIAN_POINT('',(151.45,35.145378084704,-14.0748810097));
#5923 = VECTOR('',#5924,1.);
#5924 = DIRECTION('',(-0.,-0.994521895368,0.104528463268));
#5925 = PCURVE('',#3727,#5926);
#5926 = DEFINITIONAL_REPRESENTATION('',(#5927),#5931);
#5927 = LINE('',#5928,#5929);
#5928 = CARTESIAN_POINT('',(69.820378084704,-6.736599352345));
#5929 = VECTOR('',#5930,1.);
#5930 = DIRECTION('',(-0.994521895368,-0.104528463268));
#5931 = ( GEOMETRIC_REPRESENTATION_CONTEXT(2) 
PARAMETRIC_REPRESENTATION_CONTEXT() REPRESENTATION_CONTEXT('2D SPACE',''
  ) );
#5932 = PCURVE('',#3993,#5933);
#5933 = DEFINITIONAL_REPRESENTATION('',(#5934),#5938);
#5934 = LINE('',#5935,#5936);
#5935 = CARTESIAN_POINT('',(-0.,0.));
#5936 = VECTOR('',#5937,1.);
#5937 = DIRECTION('',(-0.,1.));
#5938 = ( GEOMETRIC_REPRESENTATION_CONTEXT(2) 
PARAMETRIC_REPRESENTATION_CONTEXT() REPRESENTATION_CONTEXT('2D SPACE',''
  ) );
#5939 = ORIENTED_EDGE('',*,*,#5940,.T.);
#5940 = EDGE_CURVE('',#5918,#3746,#5941,.T.);
#5941 = SURFACE_CURVE('',#5942,(#5946,#5953),.PCURVE_S1.);
#5942 = LINE('',#5943,#5944);
#5943 = CARTESIAN_POINT('',(151.45,-34.675,-20.81148036205));
#5944 = VECTOR('',#5945,1.);
#5945 = DIRECTION('',(0.,0.,1.));
#5946 = PCURVE('',#3727,#5947);
#5947 = DEFINITIONAL_REPRESENTATION('',(#5948),#5952);
#5948 = LINE('',#5949,#5950);
#5949 = CARTESIAN_POINT('',(0.,0.));
#5950 = VECTOR('',#5951,1.);
#5951 = DIRECTION('',(0.,-1.));
#5952 = ( GEOMETRIC_REPRESENTATION_CONTEXT(2) 
PARAMETRIC_REPRESENTATION_CONTEXT() REPRESENTATION_CONTEXT('2D SPACE',''
  ) );
#5953 = PCURVE('',#4871,#5954);
#5954 = DEFINITIONAL_REPRESENTATION('',(#5955),#5959);
#5955 = LINE('',#5956,#5957);
#5956 = CARTESIAN_POINT('',(-6.28318530718,0.));
#5957 = VECTOR('',#5958,1.);
#5958 = DIRECTION('',(-0.,-1.));
#5959 = ( GEOMETRIC_REPRESENTATION_CONTEXT(2) 
PARAMETRIC_REPRESENTATION_CONTEXT() REPRESENTATION_CONTEXT('2D SPACE',''
  ) );
#5960 = ORIENTED_EDGE('',*,*,#3767,.F.);
#5961 = ADVANCED_FACE('',(#5962),#3897,.T.);
#5962 = FACE_BOUND('',#5963,.F.);
#5963 = EDGE_LOOP('',(#5964,#5991,#5992,#5993));
#5964 = ORIENTED_EDGE('',*,*,#5965,.T.);
#5965 = EDGE_CURVE('',#4998,#3882,#5966,.T.);
#5966 = SURFACE_CURVE('',#5967,(#5971,#5985),.PCURVE_S1.);
#5967 = ( BOUNDED_CURVE() B_SPLINE_CURVE(2,(#5968,#5969,#5970),
.UNSPECIFIED.,.F.,.F.) B_SPLINE_CURVE_WITH_KNOTS((3,3),(0.,
18.428416942257),.PIECEWISE_BEZIER_KNOTS.) CURVE() 
GEOMETRIC_REPRESENTATION_ITEM() RATIONAL_B_SPLINE_CURVE((1.,
0.743144825477,1.)) REPRESENTATION_ITEM('') );
#5968 = CARTESIAN_POINT('',(139.45,-46.675,-5.94818180066));
#5969 = CARTESIAN_POINT('',(139.45,-46.675,-10.));
#5970 = CARTESIAN_POINT('',(139.45,-42.6453780847,-10.42353032981));
#5971 = PCURVE('',#3897,#5972);
#5972 = DEFINITIONAL_REPRESENTATION('',(#5973),#5984);
#5973 = B_SPLINE_CURVE_WITH_KNOTS('',9,(#5974,#5975,#5976,#5977,#5978,
    #5979,#5980,#5981,#5982,#5983),.UNSPECIFIED.,.F.,.F.,(10,10),(0.,
    18.428416942257),.PIECEWISE_BEZIER_KNOTS.);
#5974 = CARTESIAN_POINT('',(1.110223024625E-16,-5.684341886081E-14));
#5975 = CARTESIAN_POINT('',(-0.148695690302,-5.684341886081E-14));
#5976 = CARTESIAN_POINT('',(-0.306939350487,-5.684341886082E-14));
#5977 = CARTESIAN_POINT('',(-0.473407832908,-5.684341886079E-14));
#5978 = CARTESIAN_POINT('',(-0.645714776364,-5.684341886083E-14));
#5979 = CARTESIAN_POINT('',(-0.820361795311,-5.684341886079E-14));
#5980 = CARTESIAN_POINT('',(-0.992668738767,-5.684341886082E-14));
#5981 = CARTESIAN_POINT('',(-1.159137221189,-5.68434188608E-14));
#5982 = CARTESIAN_POINT('',(-1.317380881373,-5.684341886081E-14));
#5983 = CARTESIAN_POINT('',(-1.466076571675,-5.684341886081E-14));
#5984 = ( GEOMETRIC_REPRESENTATION_CONTEXT(2) 
PARAMETRIC_REPRESENTATION_CONTEXT() REPRESENTATION_CONTEXT('2D SPACE',''
  ) );
#5985 = PCURVE('',#3939,#5986);
#5986 = DEFINITIONAL_REPRESENTATION('',(#5987),#5990);
#5987 = B_SPLINE_CURVE_WITH_KNOTS('',1,(#5988,#5989),.UNSPECIFIED.,.F.,
  .F.,(2,2),(0.,18.428416942257),.PIECEWISE_BEZIER_KNOTS.);
#5988 = CARTESIAN_POINT('',(0.,1.247938537911E+03));
#5989 = CARTESIAN_POINT('',(18.428416942257,1.247938537911E+03));
#5990 = ( GEOMETRIC_REPRESENTATION_CONTEXT(2) 
PARAMETRIC_REPRESENTATION_CONTEXT() REPRESENTATION_CONTEXT('2D SPACE',''
  ) );
#5991 = ORIENTED_EDGE('',*,*,#3881,.T.);
#5992 = ORIENTED_EDGE('',*,*,#5046,.F.);
#5993 = ORIENTED_EDGE('',*,*,#5020,.F.);
#5994 = ADVANCED_FACE('',(#5995),#3939,.F.);
#5995 = FACE_BOUND('',#5996,.F.);
#5996 = EDGE_LOOP('',(#5997,#6021,#6022,#6023));
#5997 = ORIENTED_EDGE('',*,*,#5998,.T.);
#5998 = EDGE_CURVE('',#5918,#3910,#5999,.T.);
#5999 = SURFACE_CURVE('',#6000,(#6005,#6015),.PCURVE_S1.);
#6000 = CIRCLE('',#6001,4.5);
#6001 = AXIS2_PLACEMENT_3D('',#6002,#6003,#6004);
#6002 = CARTESIAN_POINT('',(146.95,-34.675,-6.736463565152));
#6003 = DIRECTION('',(0.,0.994521895368,-0.104528463268));
#6004 = DIRECTION('',(1.,-0.,0.));
#6005 = PCURVE('',#3939,#6006);
#6006 = DEFINITIONAL_REPRESENTATION('',(#6007),#6014);
#6007 = B_SPLINE_CURVE_WITH_KNOTS('',5,(#6008,#6009,#6010,#6011,#6012,
    #6013),.UNSPECIFIED.,.F.,.F.,(6,6),(0.,1.570796326795),
  .PIECEWISE_BEZIER_KNOTS.);
#6008 = CARTESIAN_POINT('',(0.,1.229510120969E+03));
#6009 = CARTESIAN_POINT('',(4.093764960502,1.229510120969E+03));
#6010 = CARTESIAN_POINT('',(7.524243967978,1.229510120969E+03));
#6011 = CARTESIAN_POINT('',(10.904176642746,1.229510120969E+03));
#6012 = CARTESIAN_POINT('',(14.334651981756,1.229510120969E+03));
#6013 = CARTESIAN_POINT('',(18.428416942257,1.229510120969E+03));
#6014 = ( GEOMETRIC_REPRESENTATION_CONTEXT(2) 
PARAMETRIC_REPRESENTATION_CONTEXT() REPRESENTATION_CONTEXT('2D SPACE',''
  ) );
#6015 = PCURVE('',#3993,#6016);
#6016 = DEFINITIONAL_REPRESENTATION('',(#6017),#6020);
#6017 = B_SPLINE_CURVE_WITH_KNOTS('',1,(#6018,#6019),.UNSPECIFIED.,.F.,
  .F.,(2,2),(0.,1.570796326795),.PIECEWISE_BEZIER_KNOTS.);
#6018 = CARTESIAN_POINT('',(0.,70.204968246425));
#6019 = CARTESIAN_POINT('',(-1.570796326795,70.204968246425));
#6020 = ( GEOMETRIC_REPRESENTATION_CONTEXT(2) 
PARAMETRIC_REPRESENTATION_CONTEXT() REPRESENTATION_CONTEXT('2D SPACE',''
  ) );
#6021 = ORIENTED_EDGE('',*,*,#3909,.T.);
#6022 = ORIENTED_EDGE('',*,*,#5965,.F.);
#6023 = ORIENTED_EDGE('',*,*,#6024,.F.);
#6024 = EDGE_CURVE('',#5918,#4998,#6025,.T.);
#6025 = SURFACE_CURVE('',#6026,(#6037,#6044),.PCURVE_S1.);
#6026 = ( BOUNDED_CURVE() B_SPLINE_CURVE(9,(#6027,#6028,#6029,#6030,
    #6031,#6032,#6033,#6034,#6035,#6036),.UNSPECIFIED.,.F.,.F.) 
B_SPLINE_CURVE_WITH_KNOTS((10,10),(1.229510120969E+03,1.247938537911E+03
),.PIECEWISE_BEZIER_KNOTS.) CURVE() GEOMETRIC_REPRESENTATION_ITEM() 
RATIONAL_B_SPLINE_CURVE((1.,1.,1.,1.,1.,1.,1.,1.,1.,1.)) 
REPRESENTATION_ITEM('') );
#6027 = CARTESIAN_POINT('',(151.45,-34.675,-6.736463565152));
#6028 = CARTESIAN_POINT('',(151.45,-36.72393635161,-6.601868658761));
#6029 = CARTESIAN_POINT('',(151.05645851319,-38.75822931557,
    -6.46824358358));
#6030 = CARTESIAN_POINT('',(150.27873180281,-40.71706269664,
    -6.33962464554));
#6031 = CARTESIAN_POINT('',(149.12344564794,-42.54179379416,
    -6.220166894416));
#6032 = CARTESIAN_POINT('',(147.59143748374,-44.14377940084,
    -6.114840333891));
#6033 = CARTESIAN_POINT('',(145.74601467108,-45.40447143779,
    -6.031736453229));
#6034 = CARTESIAN_POINT('',(143.69790808049,-46.25583871031,
    -5.975739789873));
#6035 = CARTESIAN_POINT('',(141.56458105181,-46.675,-5.94818180066));
#6036 = CARTESIAN_POINT('',(139.45,-46.675,-5.94818180066));
#6037 = PCURVE('',#3939,#6038);
#6038 = DEFINITIONAL_REPRESENTATION('',(#6039),#6043);
#6039 = LINE('',#6040,#6041);
#6040 = CARTESIAN_POINT('',(0.,0.));
#6041 = VECTOR('',#6042,1.);
#6042 = DIRECTION('',(0.,1.));
#6043 = ( GEOMETRIC_REPRESENTATION_CONTEXT(2) 
PARAMETRIC_REPRESENTATION_CONTEXT() REPRESENTATION_CONTEXT('2D SPACE',''
  ) );
#6044 = PCURVE('',#4871,#6045);
#6045 = DEFINITIONAL_REPRESENTATION('',(#6046),#6057);
#6046 = B_SPLINE_CURVE_WITH_KNOTS('',9,(#6047,#6048,#6049,#6050,#6051,
    #6052,#6053,#6054,#6055,#6056),.UNSPECIFIED.,.F.,.F.,(10,10),(
    1.229510120969E+03,1.247938537911E+03),.PIECEWISE_BEZIER_KNOTS.);
#6047 = CARTESIAN_POINT('',(-6.28318530718,-14.07501679689));
#6048 = CARTESIAN_POINT('',(-6.112440611212,-14.20961170328));
#6049 = CARTESIAN_POINT('',(-5.942916778527,-14.34323712214));
#6050 = CARTESIAN_POINT('',(-5.772476241491,-14.47185447451));
#6051 = CARTESIAN_POINT('',(-5.599241542158,-14.59131548931));
#6052 = CARTESIAN_POINT('',(-5.423032263514,-14.69663822956));
#6053 = CARTESIAN_POINT('',(-5.244982256471,-14.7797447759));
#6054 = CARTESIAN_POINT('',(-5.066379352248,-14.83574038853));
#6055 = CARTESIAN_POINT('',(-4.888604068036,-14.86329856139));
#6056 = CARTESIAN_POINT('',(-4.712388980385,-14.86329856139));
#6057 = ( GEOMETRIC_REPRESENTATION_CONTEXT(2) 
PARAMETRIC_REPRESENTATION_CONTEXT() REPRESENTATION_CONTEXT('2D SPACE',''
  ) );
#6058 = ADVANCED_FACE('',(#6059),#3993,.T.);
#6059 = FACE_BOUND('',#6060,.F.);
#6060 = EDGE_LOOP('',(#6061,#6062,#6063,#6064));
#6061 = ORIENTED_EDGE('',*,*,#5885,.T.);
#6062 = ORIENTED_EDGE('',*,*,#3977,.T.);
#6063 = ORIENTED_EDGE('',*,*,#5998,.F.);
#6064 = ORIENTED_EDGE('',*,*,#5917,.F.);
#6065 = ADVANCED_FACE('',(#6066),#4099,.F.);
#6066 = FACE_BOUND('',#6067,.F.);
#6067 = EDGE_LOOP('',(#6068,#6069,#6092,#6120));
#6068 = ORIENTED_EDGE('',*,*,#4082,.T.);
#6069 = ORIENTED_EDGE('',*,*,#6070,.T.);
#6070 = EDGE_CURVE('',#4085,#6071,#6073,.T.);
#6071 = VERTEX_POINT('',#6072);
#6072 = CARTESIAN_POINT('',(-145.45,-34.675,-8.));
#6073 = SURFACE_CURVE('',#6074,(#6078,#6085),.PCURVE_S1.);
#6074 = LINE('',#6075,#6076);
#6075 = CARTESIAN_POINT('',(-145.45,-34.675,-21.81148036205));
#6076 = VECTOR('',#6077,1.);
#6077 = DIRECTION('',(0.,0.,1.));
#6078 = PCURVE('',#4099,#6079);
#6079 = DEFINITIONAL_REPRESENTATION('',(#6080),#6084);
#6080 = LINE('',#6081,#6082);
#6081 = CARTESIAN_POINT('',(0.,0.));
#6082 = VECTOR('',#6083,1.);
#6083 = DIRECTION('',(0.,-1.));
#6084 = ( GEOMETRIC_REPRESENTATION_CONTEXT(2) 
PARAMETRIC_REPRESENTATION_CONTEXT() REPRESENTATION_CONTEXT('2D SPACE',''
  ) );
#6085 = PCURVE('',#4305,#6086);
#6086 = DEFINITIONAL_REPRESENTATION('',(#6087),#6091);
#6087 = LINE('',#6088,#6089);
#6088 = CARTESIAN_POINT('',(6.28318530718,0.));
#6089 = VECTOR('',#6090,1.);
#6090 = DIRECTION('',(0.,-1.));
#6091 = ( GEOMETRIC_REPRESENTATION_CONTEXT(2) 
PARAMETRIC_REPRESENTATION_CONTEXT() REPRESENTATION_CONTEXT('2D SPACE',''
  ) );
#6092 = ORIENTED_EDGE('',*,*,#6093,.T.);
#6093 = EDGE_CURVE('',#6071,#6094,#6096,.T.);
#6094 = VERTEX_POINT('',#6095);
#6095 = CARTESIAN_POINT('',(-145.45,34.675,-8.));
#6096 = SURFACE_CURVE('',#6097,(#6101,#6108),.PCURVE_S1.);
#6097 = LINE('',#6098,#6099);
#6098 = CARTESIAN_POINT('',(-145.45,0.,-8.));
#6099 = VECTOR('',#6100,1.);
#6100 = DIRECTION('',(0.,1.,0.));
#6101 = PCURVE('',#4099,#6102);
#6102 = DEFINITIONAL_REPRESENTATION('',(#6103),#6107);
#6103 = LINE('',#6104,#6105);
#6104 = CARTESIAN_POINT('',(34.675,-13.81148036205));
#6105 = VECTOR('',#6106,1.);
#6106 = DIRECTION('',(1.,0.));
#6107 = ( GEOMETRIC_REPRESENTATION_CONTEXT(2) 
PARAMETRIC_REPRESENTATION_CONTEXT() REPRESENTATION_CONTEXT('2D SPACE',''
  ) );
#6108 = PCURVE('',#6109,#6114);
#6109 = PLANE('',#6110);
#6110 = AXIS2_PLACEMENT_3D('',#6111,#6112,#6113);
#6111 = CARTESIAN_POINT('',(-2.517697994954E-15,1.326633174264E-15,-8.)
  );
#6112 = DIRECTION('',(0.,0.,1.));
#6113 = DIRECTION('',(1.,0.,0.));
#6114 = DEFINITIONAL_REPRESENTATION('',(#6115),#6119);
#6115 = LINE('',#6116,#6117);
#6116 = CARTESIAN_POINT('',(-145.45,-1.326633174264E-15));
#6117 = VECTOR('',#6118,1.);
#6118 = DIRECTION('',(0.,1.));
#6119 = ( GEOMETRIC_REPRESENTATION_CONTEXT(2) 
PARAMETRIC_REPRESENTATION_CONTEXT() REPRESENTATION_CONTEXT('2D SPACE',''
  ) );
#6120 = ORIENTED_EDGE('',*,*,#6121,.F.);
#6121 = EDGE_CURVE('',#4083,#6094,#6122,.T.);
#6122 = SURFACE_CURVE('',#6123,(#6127,#6134),.PCURVE_S1.);
#6123 = LINE('',#6124,#6125);
#6124 = CARTESIAN_POINT('',(-145.45,34.675,-21.81148036205));
#6125 = VECTOR('',#6126,1.);
#6126 = DIRECTION('',(0.,0.,1.));
#6127 = PCURVE('',#4099,#6128);
#6128 = DEFINITIONAL_REPRESENTATION('',(#6129),#6133);
#6129 = LINE('',#6130,#6131);
#6130 = CARTESIAN_POINT('',(69.35,0.));
#6131 = VECTOR('',#6132,1.);
#6132 = DIRECTION('',(0.,-1.));
#6133 = ( GEOMETRIC_REPRESENTATION_CONTEXT(2) 
PARAMETRIC_REPRESENTATION_CONTEXT() REPRESENTATION_CONTEXT('2D SPACE',''
  ) );
#6134 = PCURVE('',#4127,#6135);
#6135 = DEFINITIONAL_REPRESENTATION('',(#6136),#6140);
#6136 = LINE('',#6137,#6138);
#6137 = CARTESIAN_POINT('',(0.,0.));
#6138 = VECTOR('',#6139,1.);
#6139 = DIRECTION('',(0.,-1.));
#6140 = ( GEOMETRIC_REPRESENTATION_CONTEXT(2) 
PARAMETRIC_REPRESENTATION_CONTEXT() REPRESENTATION_CONTEXT('2D SPACE',''
  ) );
#6141 = ADVANCED_FACE('',(#6142),#4305,.F.);
#6142 = FACE_BOUND('',#6143,.F.);
#6143 = EDGE_LOOP('',(#6144,#6145,#6168,#6194));
#6144 = ORIENTED_EDGE('',*,*,#4290,.T.);
#6145 = ORIENTED_EDGE('',*,*,#6146,.T.);
#6146 = EDGE_CURVE('',#4265,#6147,#6149,.T.);
#6147 = VERTEX_POINT('',#6148);
#6148 = CARTESIAN_POINT('',(-139.45,-40.675,-8.));
#6149 = SURFACE_CURVE('',#6150,(#6154,#6161),.PCURVE_S1.);
#6150 = LINE('',#6151,#6152);
#6151 = CARTESIAN_POINT('',(-139.45,-40.675,-21.81148036205));
#6152 = VECTOR('',#6153,1.);
#6153 = DIRECTION('',(0.,0.,1.));
#6154 = PCURVE('',#4305,#6155);
#6155 = DEFINITIONAL_REPRESENTATION('',(#6156),#6160);
#6156 = LINE('',#6157,#6158);
#6157 = CARTESIAN_POINT('',(4.712388980385,0.));
#6158 = VECTOR('',#6159,1.);
#6159 = DIRECTION('',(0.,-1.));
#6160 = ( GEOMETRIC_REPRESENTATION_CONTEXT(2) 
PARAMETRIC_REPRESENTATION_CONTEXT() REPRESENTATION_CONTEXT('2D SPACE',''
  ) );
#6161 = PCURVE('',#4279,#6162);
#6162 = DEFINITIONAL_REPRESENTATION('',(#6163),#6167);
#6163 = LINE('',#6164,#6165);
#6164 = CARTESIAN_POINT('',(0.,0.));
#6165 = VECTOR('',#6166,1.);
#6166 = DIRECTION('',(0.,-1.));
#6167 = ( GEOMETRIC_REPRESENTATION_CONTEXT(2) 
PARAMETRIC_REPRESENTATION_CONTEXT() REPRESENTATION_CONTEXT('2D SPACE',''
  ) );
#6168 = ORIENTED_EDGE('',*,*,#6169,.T.);
#6169 = EDGE_CURVE('',#6147,#6071,#6170,.T.);
#6170 = SURFACE_CURVE('',#6171,(#6176,#6183),.PCURVE_S1.);
#6171 = CIRCLE('',#6172,6.);
#6172 = AXIS2_PLACEMENT_3D('',#6173,#6174,#6175);
#6173 = CARTESIAN_POINT('',(-139.45,-34.675,-8.));
#6174 = DIRECTION('',(0.,0.,-1.));
#6175 = DIRECTION('',(-1.,0.,0.));
#6176 = PCURVE('',#4305,#6177);
#6177 = DEFINITIONAL_REPRESENTATION('',(#6178),#6182);
#6178 = LINE('',#6179,#6180);
#6179 = CARTESIAN_POINT('',(0.,-13.81148036205));
#6180 = VECTOR('',#6181,1.);
#6181 = DIRECTION('',(1.,0.));
#6182 = ( GEOMETRIC_REPRESENTATION_CONTEXT(2) 
PARAMETRIC_REPRESENTATION_CONTEXT() REPRESENTATION_CONTEXT('2D SPACE',''
  ) );
#6183 = PCURVE('',#6109,#6184);
#6184 = DEFINITIONAL_REPRESENTATION('',(#6185),#6193);
#6185 = ( BOUNDED_CURVE() B_SPLINE_CURVE(2,(#6186,#6187,#6188,#6189,
#6190,#6191,#6192),.UNSPECIFIED.,.T.,.F.) B_SPLINE_CURVE_WITH_KNOTS((1,2
    ,2,2,2,1),(-2.094395102393,0.,2.094395102393,4.188790204786,
6.28318530718,8.377580409573),.UNSPECIFIED.) CURVE() 
GEOMETRIC_REPRESENTATION_ITEM() RATIONAL_B_SPLINE_CURVE((1.,0.5,1.,0.5,
1.,0.5,1.)) REPRESENTATION_ITEM('') );
#6186 = CARTESIAN_POINT('',(-145.45,-34.675));
#6187 = CARTESIAN_POINT('',(-145.45,-24.28269515458));
#6188 = CARTESIAN_POINT('',(-136.45,-29.47884757729));
#6189 = CARTESIAN_POINT('',(-127.45,-34.675));
#6190 = CARTESIAN_POINT('',(-136.45,-39.8711524227));
#6191 = CARTESIAN_POINT('',(-145.45,-45.06730484541));
#6192 = CARTESIAN_POINT('',(-145.45,-34.675));
#6193 = ( GEOMETRIC_REPRESENTATION_CONTEXT(2) 
PARAMETRIC_REPRESENTATION_CONTEXT() REPRESENTATION_CONTEXT('2D SPACE',''
  ) );
#6194 = ORIENTED_EDGE('',*,*,#6070,.F.);
#6195 = ADVANCED_FACE('',(#6196),#4279,.T.);
#6196 = FACE_BOUND('',#6197,.T.);
#6197 = EDGE_LOOP('',(#6198,#6199,#6200,#6223));
#6198 = ORIENTED_EDGE('',*,*,#4264,.T.);
#6199 = ORIENTED_EDGE('',*,*,#6146,.T.);
#6200 = ORIENTED_EDGE('',*,*,#6201,.T.);
#6201 = EDGE_CURVE('',#6147,#6202,#6204,.T.);
#6202 = VERTEX_POINT('',#6203);
#6203 = CARTESIAN_POINT('',(139.45,-40.675,-8.));
#6204 = SURFACE_CURVE('',#6205,(#6209,#6216),.PCURVE_S1.);
#6205 = LINE('',#6206,#6207);
#6206 = CARTESIAN_POINT('',(0.,-40.675,-8.));
#6207 = VECTOR('',#6208,1.);
#6208 = DIRECTION('',(1.,0.,0.));
#6209 = PCURVE('',#4279,#6210);
#6210 = DEFINITIONAL_REPRESENTATION('',(#6211),#6215);
#6211 = LINE('',#6212,#6213);
#6212 = CARTESIAN_POINT('',(139.45,-13.81148036205));
#6213 = VECTOR('',#6214,1.);
#6214 = DIRECTION('',(1.,0.));
#6215 = ( GEOMETRIC_REPRESENTATION_CONTEXT(2) 
PARAMETRIC_REPRESENTATION_CONTEXT() REPRESENTATION_CONTEXT('2D SPACE',''
  ) );
#6216 = PCURVE('',#6109,#6217);
#6217 = DEFINITIONAL_REPRESENTATION('',(#6218),#6222);
#6218 = LINE('',#6219,#6220);
#6219 = CARTESIAN_POINT('',(2.517697994954E-15,-40.675));
#6220 = VECTOR('',#6221,1.);
#6221 = DIRECTION('',(1.,0.));
#6222 = ( GEOMETRIC_REPRESENTATION_CONTEXT(2) 
PARAMETRIC_REPRESENTATION_CONTEXT() REPRESENTATION_CONTEXT('2D SPACE',''
  ) );
#6223 = ORIENTED_EDGE('',*,*,#6224,.F.);
#6224 = EDGE_CURVE('',#4231,#6202,#6225,.T.);
#6225 = SURFACE_CURVE('',#6226,(#6230,#6237),.PCURVE_S1.);
#6226 = LINE('',#6227,#6228);
#6227 = CARTESIAN_POINT('',(139.45,-40.675,-21.81148036205));
#6228 = VECTOR('',#6229,1.);
#6229 = DIRECTION('',(0.,0.,1.));
#6230 = PCURVE('',#4279,#6231);
#6231 = DEFINITIONAL_REPRESENTATION('',(#6232),#6236);
#6232 = LINE('',#6233,#6234);
#6233 = CARTESIAN_POINT('',(278.9,0.));
#6234 = VECTOR('',#6235,1.);
#6235 = DIRECTION('',(0.,-1.));
#6236 = ( GEOMETRIC_REPRESENTATION_CONTEXT(2) 
PARAMETRIC_REPRESENTATION_CONTEXT() REPRESENTATION_CONTEXT('2D SPACE',''
  ) );
#6237 = PCURVE('',#4247,#6238);
#6238 = DEFINITIONAL_REPRESENTATION('',(#6239),#6243);
#6239 = LINE('',#6240,#6241);
#6240 = CARTESIAN_POINT('',(4.712388980385,0.));
#6241 = VECTOR('',#6242,1.);
#6242 = DIRECTION('',(0.,-1.));
#6243 = ( GEOMETRIC_REPRESENTATION_CONTEXT(2) 
PARAMETRIC_REPRESENTATION_CONTEXT() REPRESENTATION_CONTEXT('2D SPACE',''
  ) );
#6244 = ADVANCED_FACE('',(#6245),#4247,.F.);
#6245 = FACE_BOUND('',#6246,.F.);
#6246 = EDGE_LOOP('',(#6247,#6248,#6271,#6297));
#6247 = ORIENTED_EDGE('',*,*,#4230,.T.);
#6248 = ORIENTED_EDGE('',*,*,#6249,.T.);
#6249 = EDGE_CURVE('',#4205,#6250,#6252,.T.);
#6250 = VERTEX_POINT('',#6251);
#6251 = CARTESIAN_POINT('',(145.45,-34.675,-8.));
#6252 = SURFACE_CURVE('',#6253,(#6257,#6264),.PCURVE_S1.);
#6253 = LINE('',#6254,#6255);
#6254 = CARTESIAN_POINT('',(145.45,-34.675,-21.81148036205));
#6255 = VECTOR('',#6256,1.);
#6256 = DIRECTION('',(0.,0.,1.));
#6257 = PCURVE('',#4247,#6258);
#6258 = DEFINITIONAL_REPRESENTATION('',(#6259),#6263);
#6259 = LINE('',#6260,#6261);
#6260 = CARTESIAN_POINT('',(3.14159265359,0.));
#6261 = VECTOR('',#6262,1.);
#6262 = DIRECTION('',(0.,-1.));
#6263 = ( GEOMETRIC_REPRESENTATION_CONTEXT(2) 
PARAMETRIC_REPRESENTATION_CONTEXT() REPRESENTATION_CONTEXT('2D SPACE',''
  ) );
#6264 = PCURVE('',#4219,#6265);
#6265 = DEFINITIONAL_REPRESENTATION('',(#6266),#6270);
#6266 = LINE('',#6267,#6268);
#6267 = CARTESIAN_POINT('',(0.,0.));
#6268 = VECTOR('',#6269,1.);
#6269 = DIRECTION('',(0.,-1.));
#6270 = ( GEOMETRIC_REPRESENTATION_CONTEXT(2) 
PARAMETRIC_REPRESENTATION_CONTEXT() REPRESENTATION_CONTEXT('2D SPACE',''
  ) );
#6271 = ORIENTED_EDGE('',*,*,#6272,.T.);
#6272 = EDGE_CURVE('',#6250,#6202,#6273,.T.);
#6273 = SURFACE_CURVE('',#6274,(#6279,#6286),.PCURVE_S1.);
#6274 = CIRCLE('',#6275,6.);
#6275 = AXIS2_PLACEMENT_3D('',#6276,#6277,#6278);
#6276 = CARTESIAN_POINT('',(139.45,-34.675,-8.));
#6277 = DIRECTION('',(0.,0.,-1.));
#6278 = DIRECTION('',(-1.,0.,0.));
#6279 = PCURVE('',#4247,#6280);
#6280 = DEFINITIONAL_REPRESENTATION('',(#6281),#6285);
#6281 = LINE('',#6282,#6283);
#6282 = CARTESIAN_POINT('',(0.,-13.81148036205));
#6283 = VECTOR('',#6284,1.);
#6284 = DIRECTION('',(1.,0.));
#6285 = ( GEOMETRIC_REPRESENTATION_CONTEXT(2) 
PARAMETRIC_REPRESENTATION_CONTEXT() REPRESENTATION_CONTEXT('2D SPACE',''
  ) );
#6286 = PCURVE('',#6109,#6287);
#6287 = DEFINITIONAL_REPRESENTATION('',(#6288),#6296);
#6288 = ( BOUNDED_CURVE() B_SPLINE_CURVE(2,(#6289,#6290,#6291,#6292,
#6293,#6294,#6295),.UNSPECIFIED.,.T.,.F.) B_SPLINE_CURVE_WITH_KNOTS((1,2
    ,2,2,2,1),(-2.094395102393,0.,2.094395102393,4.188790204786,
6.28318530718,8.377580409573),.UNSPECIFIED.) CURVE() 
GEOMETRIC_REPRESENTATION_ITEM() RATIONAL_B_SPLINE_CURVE((1.,0.5,1.,0.5,
1.,0.5,1.)) REPRESENTATION_ITEM('') );
#6289 = CARTESIAN_POINT('',(133.45,-34.675));
#6290 = CARTESIAN_POINT('',(133.45,-24.28269515458));
#6291 = CARTESIAN_POINT('',(142.45,-29.47884757729));
#6292 = CARTESIAN_POINT('',(151.45,-34.675));
#6293 = CARTESIAN_POINT('',(142.45,-39.8711524227));
#6294 = CARTESIAN_POINT('',(133.45,-45.06730484541));
#6295 = CARTESIAN_POINT('',(133.45,-34.675));
#6296 = ( GEOMETRIC_REPRESENTATION_CONTEXT(2) 
PARAMETRIC_REPRESENTATION_CONTEXT() REPRESENTATION_CONTEXT('2D SPACE',''
  ) );
#6297 = ORIENTED_EDGE('',*,*,#6224,.F.);
#6298 = ADVANCED_FACE('',(#6299),#4219,.T.);
#6299 = FACE_BOUND('',#6300,.T.);
#6300 = EDGE_LOOP('',(#6301,#6302,#6303,#6326));
#6301 = ORIENTED_EDGE('',*,*,#4204,.T.);
#6302 = ORIENTED_EDGE('',*,*,#6249,.T.);
#6303 = ORIENTED_EDGE('',*,*,#6304,.T.);
#6304 = EDGE_CURVE('',#6250,#6305,#6307,.T.);
#6305 = VERTEX_POINT('',#6306);
#6306 = CARTESIAN_POINT('',(145.45,34.675,-8.));
#6307 = SURFACE_CURVE('',#6308,(#6312,#6319),.PCURVE_S1.);
#6308 = LINE('',#6309,#6310);
#6309 = CARTESIAN_POINT('',(145.45,0.,-8.));
#6310 = VECTOR('',#6311,1.);
#6311 = DIRECTION('',(0.,1.,0.));
#6312 = PCURVE('',#4219,#6313);
#6313 = DEFINITIONAL_REPRESENTATION('',(#6314),#6318);
#6314 = LINE('',#6315,#6316);
#6315 = CARTESIAN_POINT('',(34.675,-13.81148036205));
#6316 = VECTOR('',#6317,1.);
#6317 = DIRECTION('',(1.,0.));
#6318 = ( GEOMETRIC_REPRESENTATION_CONTEXT(2) 
PARAMETRIC_REPRESENTATION_CONTEXT() REPRESENTATION_CONTEXT('2D SPACE',''
  ) );
#6319 = PCURVE('',#6109,#6320);
#6320 = DEFINITIONAL_REPRESENTATION('',(#6321),#6325);
#6321 = LINE('',#6322,#6323);
#6322 = CARTESIAN_POINT('',(145.45,-1.326633174264E-15));
#6323 = VECTOR('',#6324,1.);
#6324 = DIRECTION('',(0.,1.));
#6325 = ( GEOMETRIC_REPRESENTATION_CONTEXT(2) 
PARAMETRIC_REPRESENTATION_CONTEXT() REPRESENTATION_CONTEXT('2D SPACE',''
  ) );
#6326 = ORIENTED_EDGE('',*,*,#6327,.F.);
#6327 = EDGE_CURVE('',#4171,#6305,#6328,.T.);
#6328 = SURFACE_CURVE('',#6329,(#6333,#6340),.PCURVE_S1.);
#6329 = LINE('',#6330,#6331);
#6330 = CARTESIAN_POINT('',(145.45,34.675,-21.81148036205));
#6331 = VECTOR('',#6332,1.);
#6332 = DIRECTION('',(0.,0.,1.));
#6333 = PCURVE('',#4219,#6334);
#6334 = DEFINITIONAL_REPRESENTATION('',(#6335),#6339);
#6335 = LINE('',#6336,#6337);
#6336 = CARTESIAN_POINT('',(69.35,0.));
#6337 = VECTOR('',#6338,1.);
#6338 = DIRECTION('',(0.,-1.));
#6339 = ( GEOMETRIC_REPRESENTATION_CONTEXT(2) 
PARAMETRIC_REPRESENTATION_CONTEXT() REPRESENTATION_CONTEXT('2D SPACE',''
  ) );
#6340 = PCURVE('',#4187,#6341);
#6341 = DEFINITIONAL_REPRESENTATION('',(#6342),#6346);
#6342 = LINE('',#6343,#6344);
#6343 = CARTESIAN_POINT('',(3.14159265359,0.));
#6344 = VECTOR('',#6345,1.);
#6345 = DIRECTION('',(0.,-1.));
#6346 = ( GEOMETRIC_REPRESENTATION_CONTEXT(2) 
PARAMETRIC_REPRESENTATION_CONTEXT() REPRESENTATION_CONTEXT('2D SPACE',''
  ) );
#6347 = ADVANCED_FACE('',(#6348),#4187,.F.);
#6348 = FACE_BOUND('',#6349,.F.);
#6349 = EDGE_LOOP('',(#6350,#6351,#6374,#6400));
#6350 = ORIENTED_EDGE('',*,*,#4170,.T.);
#6351 = ORIENTED_EDGE('',*,*,#6352,.T.);
#6352 = EDGE_CURVE('',#4145,#6353,#6355,.T.);
#6353 = VERTEX_POINT('',#6354);
#6354 = CARTESIAN_POINT('',(139.45,40.675,-8.));
#6355 = SURFACE_CURVE('',#6356,(#6360,#6367),.PCURVE_S1.);
#6356 = LINE('',#6357,#6358);
#6357 = CARTESIAN_POINT('',(139.45,40.675,-21.81148036205));
#6358 = VECTOR('',#6359,1.);
#6359 = DIRECTION('',(0.,0.,1.));
#6360 = PCURVE('',#4187,#6361);
#6361 = DEFINITIONAL_REPRESENTATION('',(#6362),#6366);
#6362 = LINE('',#6363,#6364);
#6363 = CARTESIAN_POINT('',(1.570796326795,0.));
#6364 = VECTOR('',#6365,1.);
#6365 = DIRECTION('',(0.,-1.));
#6366 = ( GEOMETRIC_REPRESENTATION_CONTEXT(2) 
PARAMETRIC_REPRESENTATION_CONTEXT() REPRESENTATION_CONTEXT('2D SPACE',''
  ) );
#6367 = PCURVE('',#4159,#6368);
#6368 = DEFINITIONAL_REPRESENTATION('',(#6369),#6373);
#6369 = LINE('',#6370,#6371);
#6370 = CARTESIAN_POINT('',(278.9,0.));
#6371 = VECTOR('',#6372,1.);
#6372 = DIRECTION('',(0.,-1.));
#6373 = ( GEOMETRIC_REPRESENTATION_CONTEXT(2) 
PARAMETRIC_REPRESENTATION_CONTEXT() REPRESENTATION_CONTEXT('2D SPACE',''
  ) );
#6374 = ORIENTED_EDGE('',*,*,#6375,.T.);
#6375 = EDGE_CURVE('',#6353,#6305,#6376,.T.);
#6376 = SURFACE_CURVE('',#6377,(#6382,#6389),.PCURVE_S1.);
#6377 = CIRCLE('',#6378,6.);
#6378 = AXIS2_PLACEMENT_3D('',#6379,#6380,#6381);
#6379 = CARTESIAN_POINT('',(139.45,34.675,-8.));
#6380 = DIRECTION('',(0.,0.,-1.));
#6381 = DIRECTION('',(-1.,0.,0.));
#6382 = PCURVE('',#4187,#6383);
#6383 = DEFINITIONAL_REPRESENTATION('',(#6384),#6388);
#6384 = LINE('',#6385,#6386);
#6385 = CARTESIAN_POINT('',(0.,-13.81148036205));
#6386 = VECTOR('',#6387,1.);
#6387 = DIRECTION('',(1.,0.));
#6388 = ( GEOMETRIC_REPRESENTATION_CONTEXT(2) 
PARAMETRIC_REPRESENTATION_CONTEXT() REPRESENTATION_CONTEXT('2D SPACE',''
  ) );
#6389 = PCURVE('',#6109,#6390);
#6390 = DEFINITIONAL_REPRESENTATION('',(#6391),#6399);
#6391 = ( BOUNDED_CURVE() B_SPLINE_CURVE(2,(#6392,#6393,#6394,#6395,
#6396,#6397,#6398),.UNSPECIFIED.,.T.,.F.) B_SPLINE_CURVE_WITH_KNOTS((1,2
    ,2,2,2,1),(-2.094395102393,0.,2.094395102393,4.188790204786,
6.28318530718,8.377580409573),.UNSPECIFIED.) CURVE() 
GEOMETRIC_REPRESENTATION_ITEM() RATIONAL_B_SPLINE_CURVE((1.,0.5,1.,0.5,
1.,0.5,1.)) REPRESENTATION_ITEM('') );
#6392 = CARTESIAN_POINT('',(133.45,34.675));
#6393 = CARTESIAN_POINT('',(133.45,45.067304845413));
#6394 = CARTESIAN_POINT('',(142.45,39.871152422707));
#6395 = CARTESIAN_POINT('',(151.45,34.675));
#6396 = CARTESIAN_POINT('',(142.45,29.478847577293));
#6397 = CARTESIAN_POINT('',(133.45,24.282695154587));
#6398 = CARTESIAN_POINT('',(133.45,34.675));
#6399 = ( GEOMETRIC_REPRESENTATION_CONTEXT(2) 
PARAMETRIC_REPRESENTATION_CONTEXT() REPRESENTATION_CONTEXT('2D SPACE',''
  ) );
#6400 = ORIENTED_EDGE('',*,*,#6327,.F.);
#6401 = ADVANCED_FACE('',(#6402),#4159,.F.);
#6402 = FACE_BOUND('',#6403,.F.);
#6403 = EDGE_LOOP('',(#6404,#6405,#6428,#6449));
#6404 = ORIENTED_EDGE('',*,*,#4144,.T.);
#6405 = ORIENTED_EDGE('',*,*,#6406,.T.);
#6406 = EDGE_CURVE('',#4111,#6407,#6409,.T.);
#6407 = VERTEX_POINT('',#6408);
#6408 = CARTESIAN_POINT('',(-139.45,40.675,-8.));
#6409 = SURFACE_CURVE('',#6410,(#6414,#6421),.PCURVE_S1.);
#6410 = LINE('',#6411,#6412);
#6411 = CARTESIAN_POINT('',(-139.45,40.675,-21.81148036205));
#6412 = VECTOR('',#6413,1.);
#6413 = DIRECTION('',(0.,0.,1.));
#6414 = PCURVE('',#4159,#6415);
#6415 = DEFINITIONAL_REPRESENTATION('',(#6416),#6420);
#6416 = LINE('',#6417,#6418);
#6417 = CARTESIAN_POINT('',(0.,0.));
#6418 = VECTOR('',#6419,1.);
#6419 = DIRECTION('',(0.,-1.));
#6420 = ( GEOMETRIC_REPRESENTATION_CONTEXT(2) 
PARAMETRIC_REPRESENTATION_CONTEXT() REPRESENTATION_CONTEXT('2D SPACE',''
  ) );
#6421 = PCURVE('',#4127,#6422);
#6422 = DEFINITIONAL_REPRESENTATION('',(#6423),#6427);
#6423 = LINE('',#6424,#6425);
#6424 = CARTESIAN_POINT('',(1.570796326795,0.));
#6425 = VECTOR('',#6426,1.);
#6426 = DIRECTION('',(0.,-1.));
#6427 = ( GEOMETRIC_REPRESENTATION_CONTEXT(2) 
PARAMETRIC_REPRESENTATION_CONTEXT() REPRESENTATION_CONTEXT('2D SPACE',''
  ) );
#6428 = ORIENTED_EDGE('',*,*,#6429,.T.);
#6429 = EDGE_CURVE('',#6407,#6353,#6430,.T.);
#6430 = SURFACE_CURVE('',#6431,(#6435,#6442),.PCURVE_S1.);
#6431 = LINE('',#6432,#6433);
#6432 = CARTESIAN_POINT('',(0.,40.675,-8.));
#6433 = VECTOR('',#6434,1.);
#6434 = DIRECTION('',(1.,0.,0.));
#6435 = PCURVE('',#4159,#6436);
#6436 = DEFINITIONAL_REPRESENTATION('',(#6437),#6441);
#6437 = LINE('',#6438,#6439);
#6438 = CARTESIAN_POINT('',(139.45,-13.81148036205));
#6439 = VECTOR('',#6440,1.);
#6440 = DIRECTION('',(1.,0.));
#6441 = ( GEOMETRIC_REPRESENTATION_CONTEXT(2) 
PARAMETRIC_REPRESENTATION_CONTEXT() REPRESENTATION_CONTEXT('2D SPACE',''
  ) );
#6442 = PCURVE('',#6109,#6443);
#6443 = DEFINITIONAL_REPRESENTATION('',(#6444),#6448);
#6444 = LINE('',#6445,#6446);
#6445 = CARTESIAN_POINT('',(2.517697994954E-15,40.675));
#6446 = VECTOR('',#6447,1.);
#6447 = DIRECTION('',(1.,0.));
#6448 = ( GEOMETRIC_REPRESENTATION_CONTEXT(2) 
PARAMETRIC_REPRESENTATION_CONTEXT() REPRESENTATION_CONTEXT('2D SPACE',''
  ) );
#6449 = ORIENTED_EDGE('',*,*,#6352,.F.);
#6450 = ADVANCED_FACE('',(#6451),#4127,.F.);
#6451 = FACE_BOUND('',#6452,.F.);
#6452 = EDGE_LOOP('',(#6453,#6454,#6455,#6481));
#6453 = ORIENTED_EDGE('',*,*,#4110,.T.);
#6454 = ORIENTED_EDGE('',*,*,#6121,.T.);
#6455 = ORIENTED_EDGE('',*,*,#6456,.T.);
#6456 = EDGE_CURVE('',#6094,#6407,#6457,.T.);
#6457 = SURFACE_CURVE('',#6458,(#6463,#6470),.PCURVE_S1.);
#6458 = CIRCLE('',#6459,6.);
#6459 = AXIS2_PLACEMENT_3D('',#6460,#6461,#6462);
#6460 = CARTESIAN_POINT('',(-139.45,34.675,-8.));
#6461 = DIRECTION('',(0.,0.,-1.));
#6462 = DIRECTION('',(-1.,0.,0.));
#6463 = PCURVE('',#4127,#6464);
#6464 = DEFINITIONAL_REPRESENTATION('',(#6465),#6469);
#6465 = LINE('',#6466,#6467);
#6466 = CARTESIAN_POINT('',(0.,-13.81148036205));
#6467 = VECTOR('',#6468,1.);
#6468 = DIRECTION('',(1.,0.));
#6469 = ( GEOMETRIC_REPRESENTATION_CONTEXT(2) 
PARAMETRIC_REPRESENTATION_CONTEXT() REPRESENTATION_CONTEXT('2D SPACE',''
  ) );
#6470 = PCURVE('',#6109,#6471);
#6471 = DEFINITIONAL_REPRESENTATION('',(#6472),#6480);
#6472 = ( BOUNDED_CURVE() B_SPLINE_CURVE(2,(#6473,#6474,#6475,#6476,
#6477,#6478,#6479),.UNSPECIFIED.,.T.,.F.) B_SPLINE_CURVE_WITH_KNOTS((1,2
    ,2,2,2,1),(-2.094395102393,0.,2.094395102393,4.188790204786,
6.28318530718,8.377580409573),.UNSPECIFIED.) CURVE() 
GEOMETRIC_REPRESENTATION_ITEM() RATIONAL_B_SPLINE_CURVE((1.,0.5,1.,0.5,
1.,0.5,1.)) REPRESENTATION_ITEM('') );
#6473 = CARTESIAN_POINT('',(-145.45,34.675));
#6474 = CARTESIAN_POINT('',(-145.45,45.067304845413));
#6475 = CARTESIAN_POINT('',(-136.45,39.871152422707));
#6476 = CARTESIAN_POINT('',(-127.45,34.675));
#6477 = CARTESIAN_POINT('',(-136.45,29.478847577293));
#6478 = CARTESIAN_POINT('',(-145.45,24.282695154587));
#6479 = CARTESIAN_POINT('',(-145.45,34.675));
#6480 = ( GEOMETRIC_REPRESENTATION_CONTEXT(2) 
PARAMETRIC_REPRESENTATION_CONTEXT() REPRESENTATION_CONTEXT('2D SPACE',''
  ) );
#6481 = ORIENTED_EDGE('',*,*,#6406,.F.);
#6482 = ADVANCED_FACE('',(#6483,#6489,#6749,#7087,#7118,#7403,#7741,
    #7818),#4422,.T.);
#6483 = FACE_BOUND('',#6484,.T.);
#6484 = EDGE_LOOP('',(#6485,#6486,#6487,#6488));
#6485 = ORIENTED_EDGE('',*,*,#4563,.F.);
#6486 = ORIENTED_EDGE('',*,*,#4406,.T.);
#6487 = ORIENTED_EDGE('',*,*,#4482,.F.);
#6488 = ORIENTED_EDGE('',*,*,#4514,.T.);
#6489 = FACE_BOUND('',#6490,.T.);
#6490 = EDGE_LOOP('',(#6491,#6521,#6549,#6577,#6628,#6656,#6684,#6712));
#6491 = ORIENTED_EDGE('',*,*,#6492,.T.);
#6492 = EDGE_CURVE('',#6493,#6495,#6497,.T.);
#6493 = VERTEX_POINT('',#6494);
#6494 = CARTESIAN_POINT('',(-91.32450338072,46.075,-3.047632267407));
#6495 = VERTEX_POINT('',#6496);
#6496 = CARTESIAN_POINT('',(-91.32450338072,46.075,-0.64412152522));
#6497 = SURFACE_CURVE('',#6498,(#6502,#6509),.PCURVE_S1.);
#6498 = LINE('',#6499,#6500);
#6499 = CARTESIAN_POINT('',(-91.32450338072,46.075,-3.047632267407));
#6500 = VECTOR('',#6501,1.);
#6501 = DIRECTION('',(0.,0.,1.));
#6502 = PCURVE('',#4422,#6503);
#6503 = DEFINITIONAL_REPRESENTATION('',(#6504),#6508);
#6504 = LINE('',#6505,#6506);
#6505 = CARTESIAN_POINT('',(-8.675496619271,-1.417632267407));
#6506 = VECTOR('',#6507,1.);
#6507 = DIRECTION('',(0.,1.));
#6508 = ( GEOMETRIC_REPRESENTATION_CONTEXT(2) 
PARAMETRIC_REPRESENTATION_CONTEXT() REPRESENTATION_CONTEXT('2D SPACE',''
  ) );
#6509 = PCURVE('',#6510,#6515);
#6510 = PLANE('',#6511);
#6511 = AXIS2_PLACEMENT_3D('',#6512,#6513,#6514);
#6512 = CARTESIAN_POINT('',(-91.32450338072,46.075,-3.047632267407));
#6513 = DIRECTION('',(1.,-0.,0.));
#6514 = DIRECTION('',(0.,0.,1.));
#6515 = DEFINITIONAL_REPRESENTATION('',(#6516),#6520);
#6516 = LINE('',#6517,#6518);
#6517 = CARTESIAN_POINT('',(0.,0.));
#6518 = VECTOR('',#6519,1.);
#6519 = DIRECTION('',(1.,0.));
#6520 = ( GEOMETRIC_REPRESENTATION_CONTEXT(2) 
PARAMETRIC_REPRESENTATION_CONTEXT() REPRESENTATION_CONTEXT('2D SPACE',''
  ) );
#6521 = ORIENTED_EDGE('',*,*,#6522,.T.);
#6522 = EDGE_CURVE('',#6495,#6523,#6525,.T.);
#6523 = VERTEX_POINT('',#6524);
#6524 = CARTESIAN_POINT('',(-92.4024998,46.075,-0.64412152522));
#6525 = SURFACE_CURVE('',#6526,(#6530,#6537),.PCURVE_S1.);
#6526 = LINE('',#6527,#6528);
#6527 = CARTESIAN_POINT('',(-91.32450338072,46.075,-0.64412152522));
#6528 = VECTOR('',#6529,1.);
#6529 = DIRECTION('',(-1.,0.,0.));
#6530 = PCURVE('',#4422,#6531);
#6531 = DEFINITIONAL_REPRESENTATION('',(#6532),#6536);
#6532 = LINE('',#6533,#6534);
#6533 = CARTESIAN_POINT('',(-8.675496619271,0.98587847478));
#6534 = VECTOR('',#6535,1.);
#6535 = DIRECTION('',(1.,0.));
#6536 = ( GEOMETRIC_REPRESENTATION_CONTEXT(2) 
PARAMETRIC_REPRESENTATION_CONTEXT() REPRESENTATION_CONTEXT('2D SPACE',''
  ) );
#6537 = PCURVE('',#6538,#6543);
#6538 = PLANE('',#6539);
#6539 = AXIS2_PLACEMENT_3D('',#6540,#6541,#6542);
#6540 = CARTESIAN_POINT('',(-91.32450338072,46.075,-0.64412152522));
#6541 = DIRECTION('',(0.,0.,1.));
#6542 = DIRECTION('',(-1.,0.,0.));
#6543 = DEFINITIONAL_REPRESENTATION('',(#6544),#6548);
#6544 = LINE('',#6545,#6546);
#6545 = CARTESIAN_POINT('',(0.,0.));
#6546 = VECTOR('',#6547,1.);
#6547 = DIRECTION('',(1.,0.));
#6548 = ( GEOMETRIC_REPRESENTATION_CONTEXT(2) 
PARAMETRIC_REPRESENTATION_CONTEXT() REPRESENTATION_CONTEXT('2D SPACE',''
  ) );
#6549 = ORIENTED_EDGE('',*,*,#6550,.T.);
#6550 = EDGE_CURVE('',#6523,#6551,#6553,.T.);
#6551 = VERTEX_POINT('',#6552);
#6552 = CARTESIAN_POINT('',(-92.4024998,46.075,-2.89912152522));
#6553 = SURFACE_CURVE('',#6554,(#6558,#6565),.PCURVE_S1.);
#6554 = LINE('',#6555,#6556);
#6555 = CARTESIAN_POINT('',(-92.4024998,46.075,-0.64412152522));
#6556 = VECTOR('',#6557,1.);
#6557 = DIRECTION('',(-0.,0.,-1.));
#6558 = PCURVE('',#4422,#6559);
#6559 = DEFINITIONAL_REPRESENTATION('',(#6560),#6564);
#6560 = LINE('',#6561,#6562);
#6561 = CARTESIAN_POINT('',(-7.5975002,0.98587847478));
#6562 = VECTOR('',#6563,1.);
#6563 = DIRECTION('',(0.,-1.));
#6564 = ( GEOMETRIC_REPRESENTATION_CONTEXT(2) 
PARAMETRIC_REPRESENTATION_CONTEXT() REPRESENTATION_CONTEXT('2D SPACE',''
  ) );
#6565 = PCURVE('',#6566,#6571);
#6566 = PLANE('',#6567);
#6567 = AXIS2_PLACEMENT_3D('',#6568,#6569,#6570);
#6568 = CARTESIAN_POINT('',(-92.4024998,46.075,-0.64412152522));
#6569 = DIRECTION('',(-1.,0.,0.));
#6570 = DIRECTION('',(0.,0.,-1.));
#6571 = DEFINITIONAL_REPRESENTATION('',(#6572),#6576);
#6572 = LINE('',#6573,#6574);
#6573 = CARTESIAN_POINT('',(0.,-0.));
#6574 = VECTOR('',#6575,1.);
#6575 = DIRECTION('',(1.,0.));
#6576 = ( GEOMETRIC_REPRESENTATION_CONTEXT(2) 
PARAMETRIC_REPRESENTATION_CONTEXT() REPRESENTATION_CONTEXT('2D SPACE',''
  ) );
#6577 = ORIENTED_EDGE('',*,*,#6578,.F.);
#6578 = EDGE_CURVE('',#6579,#6551,#6581,.T.);
#6579 = VERTEX_POINT('',#6580);
#6580 = CARTESIAN_POINT('',(-93.86549621927,46.075,-2.89912152522));
#6581 = SURFACE_CURVE('',#6582,(#6593,#6607),.PCURVE_S1.);
#6582 = B_SPLINE_CURVE_WITH_KNOTS('',2,(#6583,#6584,#6585,#6586,#6587,
    #6588,#6589,#6590,#6591,#6592),.UNSPECIFIED.,.F.,.F.,(3,1,1,1,1,1,1,
    1,3),(0.,1.,2.,3.,4.,5.000066436354,6.000132872708,7.000199309062,
    8.000265745416),.UNSPECIFIED.);
#6583 = CARTESIAN_POINT('',(-93.86549621927,46.075,-2.89912152522));
#6584 = CARTESIAN_POINT('',(-93.86549621927,46.075,-3.080628686678));
#6585 = CARTESIAN_POINT('',(-93.83799621927,46.075,-3.460132267407));
#6586 = CARTESIAN_POINT('',(-93.6949998,46.075,-3.768128686678));
#6587 = CARTESIAN_POINT('',(-93.40349263854,46.075,-3.960628686678));
#6588 = CARTESIAN_POINT('',(-92.86450338072,46.075,-3.960628686678));
#6589 = CARTESIAN_POINT('',(-92.5674998,46.075,-3.768128686678));
#6590 = CARTESIAN_POINT('',(-92.4299998,46.075,-3.460132267407));
#6591 = CARTESIAN_POINT('',(-92.4024998,46.075,-3.080628686678));
#6592 = CARTESIAN_POINT('',(-92.4024998,46.075,-2.89912152522));
#6593 = PCURVE('',#4422,#6594);
#6594 = DEFINITIONAL_REPRESENTATION('',(#6595),#6606);
#6595 = B_SPLINE_CURVE_WITH_KNOTS('',2,(#6596,#6597,#6598,#6599,#6600,
    #6601,#6602,#6603,#6604,#6605),.UNSPECIFIED.,.F.,.F.,(3,1,1,1,1,1,1,
    1,3),(0.,1.,2.,3.,4.,5.000066436354,6.000132872708,7.000199309062,
    8.000265745416),.UNSPECIFIED.);
#6596 = CARTESIAN_POINT('',(-6.134503780729,-1.26912152522));
#6597 = CARTESIAN_POINT('',(-6.134503780729,-1.450628686678));
#6598 = CARTESIAN_POINT('',(-6.162003780729,-1.830132267407));
#6599 = CARTESIAN_POINT('',(-6.3050002,-2.138128686678));
#6600 = CARTESIAN_POINT('',(-6.596507361458,-2.330628686678));
#6601 = CARTESIAN_POINT('',(-7.135496619271,-2.330628686678));
#6602 = CARTESIAN_POINT('',(-7.4325002,-2.138128686678));
#6603 = CARTESIAN_POINT('',(-7.5700002,-1.830132267407));
#6604 = CARTESIAN_POINT('',(-7.5975002,-1.450628686678));
#6605 = CARTESIAN_POINT('',(-7.5975002,-1.26912152522));
#6606 = ( GEOMETRIC_REPRESENTATION_CONTEXT(2) 
PARAMETRIC_REPRESENTATION_CONTEXT() REPRESENTATION_CONTEXT('2D SPACE',''
  ) );
#6607 = PCURVE('',#6608,#6622);
#6608 = SURFACE_OF_LINEAR_EXTRUSION('',#6609,#6620);
#6609 = B_SPLINE_CURVE_WITH_KNOTS('',2,(#6610,#6611,#6612,#6613,#6614,
    #6615,#6616,#6617,#6618,#6619),.UNSPECIFIED.,.F.,.F.,(3,1,1,1,1,1,1,
    1,3),(0.,1.,2.,3.,4.,5.000066436354,6.000132872708,7.000199309062,
    8.000265745416),.UNSPECIFIED.);
#6610 = CARTESIAN_POINT('',(-93.86549621927,46.075,-2.89912152522));
#6611 = CARTESIAN_POINT('',(-93.86549621927,46.075,-3.080628686678));
#6612 = CARTESIAN_POINT('',(-93.83799621927,46.075,-3.460132267407));
#6613 = CARTESIAN_POINT('',(-93.6949998,46.075,-3.768128686678));
#6614 = CARTESIAN_POINT('',(-93.40349263854,46.075,-3.960628686678));
#6615 = CARTESIAN_POINT('',(-92.86450338072,46.075,-3.960628686678));
#6616 = CARTESIAN_POINT('',(-92.5674998,46.075,-3.768128686678));
#6617 = CARTESIAN_POINT('',(-92.4299998,46.075,-3.460132267407));
#6618 = CARTESIAN_POINT('',(-92.4024998,46.075,-3.080628686678));
#6619 = CARTESIAN_POINT('',(-92.4024998,46.075,-2.89912152522));
#6620 = VECTOR('',#6621,1.);
#6621 = DIRECTION('',(-0.,-1.,0.));
#6622 = DEFINITIONAL_REPRESENTATION('',(#6623),#6627);
#6623 = LINE('',#6624,#6625);
#6624 = CARTESIAN_POINT('',(0.,0.));
#6625 = VECTOR('',#6626,1.);
#6626 = DIRECTION('',(1.,0.));
#6627 = ( GEOMETRIC_REPRESENTATION_CONTEXT(2) 
PARAMETRIC_REPRESENTATION_CONTEXT() REPRESENTATION_CONTEXT('2D SPACE',''
  ) );
#6628 = ORIENTED_EDGE('',*,*,#6629,.T.);
#6629 = EDGE_CURVE('',#6579,#6630,#6632,.T.);
#6630 = VERTEX_POINT('',#6631);
#6631 = CARTESIAN_POINT('',(-93.86549621927,46.075,-0.64412152522));
#6632 = SURFACE_CURVE('',#6633,(#6637,#6644),.PCURVE_S1.);
#6633 = LINE('',#6634,#6635);
#6634 = CARTESIAN_POINT('',(-93.86549621927,46.075,-2.89912152522));
#6635 = VECTOR('',#6636,1.);
#6636 = DIRECTION('',(0.,0.,1.));
#6637 = PCURVE('',#4422,#6638);
#6638 = DEFINITIONAL_REPRESENTATION('',(#6639),#6643);
#6639 = LINE('',#6640,#6641);
#6640 = CARTESIAN_POINT('',(-6.134503780729,-1.26912152522));
#6641 = VECTOR('',#6642,1.);
#6642 = DIRECTION('',(0.,1.));
#6643 = ( GEOMETRIC_REPRESENTATION_CONTEXT(2) 
PARAMETRIC_REPRESENTATION_CONTEXT() REPRESENTATION_CONTEXT('2D SPACE',''
  ) );
#6644 = PCURVE('',#6645,#6650);
#6645 = PLANE('',#6646);
#6646 = AXIS2_PLACEMENT_3D('',#6647,#6648,#6649);
#6647 = CARTESIAN_POINT('',(-93.86549621927,46.075,-2.89912152522));
#6648 = DIRECTION('',(1.,-0.,0.));
#6649 = DIRECTION('',(0.,0.,1.));
#6650 = DEFINITIONAL_REPRESENTATION('',(#6651),#6655);
#6651 = LINE('',#6652,#6653);
#6652 = CARTESIAN_POINT('',(0.,0.));
#6653 = VECTOR('',#6654,1.);
#6654 = DIRECTION('',(1.,0.));
#6655 = ( GEOMETRIC_REPRESENTATION_CONTEXT(2) 
PARAMETRIC_REPRESENTATION_CONTEXT() REPRESENTATION_CONTEXT('2D SPACE',''
  ) );
#6656 = ORIENTED_EDGE('',*,*,#6657,.T.);
#6657 = EDGE_CURVE('',#6630,#6658,#6660,.T.);
#6658 = VERTEX_POINT('',#6659);
#6659 = CARTESIAN_POINT('',(-94.93799621927,46.075,-0.64412152522));
#6660 = SURFACE_CURVE('',#6661,(#6665,#6672),.PCURVE_S1.);
#6661 = LINE('',#6662,#6663);
#6662 = CARTESIAN_POINT('',(-93.86549621927,46.075,-0.64412152522));
#6663 = VECTOR('',#6664,1.);
#6664 = DIRECTION('',(-1.,0.,0.));
#6665 = PCURVE('',#4422,#6666);
#6666 = DEFINITIONAL_REPRESENTATION('',(#6667),#6671);
#6667 = LINE('',#6668,#6669);
#6668 = CARTESIAN_POINT('',(-6.134503780729,0.98587847478));
#6669 = VECTOR('',#6670,1.);
#6670 = DIRECTION('',(1.,0.));
#6671 = ( GEOMETRIC_REPRESENTATION_CONTEXT(2) 
PARAMETRIC_REPRESENTATION_CONTEXT() REPRESENTATION_CONTEXT('2D SPACE',''
  ) );
#6672 = PCURVE('',#6673,#6678);
#6673 = PLANE('',#6674);
#6674 = AXIS2_PLACEMENT_3D('',#6675,#6676,#6677);
#6675 = CARTESIAN_POINT('',(-93.86549621927,46.075,-0.64412152522));
#6676 = DIRECTION('',(0.,0.,1.));
#6677 = DIRECTION('',(-1.,0.,0.));
#6678 = DEFINITIONAL_REPRESENTATION('',(#6679),#6683);
#6679 = LINE('',#6680,#6681);
#6680 = CARTESIAN_POINT('',(0.,0.));
#6681 = VECTOR('',#6682,1.);
#6682 = DIRECTION('',(1.,0.));
#6683 = ( GEOMETRIC_REPRESENTATION_CONTEXT(2) 
PARAMETRIC_REPRESENTATION_CONTEXT() REPRESENTATION_CONTEXT('2D SPACE',''
  ) );
#6684 = ORIENTED_EDGE('',*,*,#6685,.T.);
#6685 = EDGE_CURVE('',#6658,#6686,#6688,.T.);
#6686 = VERTEX_POINT('',#6687);
#6687 = CARTESIAN_POINT('',(-94.93799621927,46.075,-3.047632267407));
#6688 = SURFACE_CURVE('',#6689,(#6693,#6700),.PCURVE_S1.);
#6689 = LINE('',#6690,#6691);
#6690 = CARTESIAN_POINT('',(-94.93799621927,46.075,-0.64412152522));
#6691 = VECTOR('',#6692,1.);
#6692 = DIRECTION('',(-0.,0.,-1.));
#6693 = PCURVE('',#4422,#6694);
#6694 = DEFINITIONAL_REPRESENTATION('',(#6695),#6699);
#6695 = LINE('',#6696,#6697);
#6696 = CARTESIAN_POINT('',(-5.062003780729,0.98587847478));
#6697 = VECTOR('',#6698,1.);
#6698 = DIRECTION('',(0.,-1.));
#6699 = ( GEOMETRIC_REPRESENTATION_CONTEXT(2) 
PARAMETRIC_REPRESENTATION_CONTEXT() REPRESENTATION_CONTEXT('2D SPACE',''
  ) );
#6700 = PCURVE('',#6701,#6706);
#6701 = PLANE('',#6702);
#6702 = AXIS2_PLACEMENT_3D('',#6703,#6704,#6705);
#6703 = CARTESIAN_POINT('',(-94.93799621927,46.075,-0.64412152522));
#6704 = DIRECTION('',(-1.,0.,0.));
#6705 = DIRECTION('',(0.,0.,-1.));
#6706 = DEFINITIONAL_REPRESENTATION('',(#6707),#6711);
#6707 = LINE('',#6708,#6709);
#6708 = CARTESIAN_POINT('',(0.,-0.));
#6709 = VECTOR('',#6710,1.);
#6710 = DIRECTION('',(1.,0.));
#6711 = ( GEOMETRIC_REPRESENTATION_CONTEXT(2) 
PARAMETRIC_REPRESENTATION_CONTEXT() REPRESENTATION_CONTEXT('2D SPACE',''
  ) );
#6712 = ORIENTED_EDGE('',*,*,#6713,.F.);
#6713 = EDGE_CURVE('',#6493,#6686,#6714,.T.);
#6714 = SURFACE_CURVE('',#6715,(#6722,#6732),.PCURVE_S1.);
#6715 = B_SPLINE_CURVE_WITH_KNOTS('',2,(#6716,#6717,#6718,#6719,#6720,
    #6721),.UNSPECIFIED.,.F.,.F.,(3,1,1,1,3),(0.,1.,2.,2.999980507962,
    3.999961015925),.UNSPECIFIED.);
#6716 = CARTESIAN_POINT('',(-91.32450338072,46.075,-3.047632267407));
#6717 = CARTESIAN_POINT('',(-91.32450338072,46.075,-4.015628686678));
#6718 = CARTESIAN_POINT('',(-92.21549621927,46.075,-4.90662152522));
#6719 = CARTESIAN_POINT('',(-94.0524998,46.075,-4.90662152522));
#6720 = CARTESIAN_POINT('',(-94.93799621927,46.075,-4.015628686678));
#6721 = CARTESIAN_POINT('',(-94.93799621927,46.075,-3.047632267407));
#6722 = PCURVE('',#4422,#6723);
#6723 = DEFINITIONAL_REPRESENTATION('',(#6724),#6731);
#6724 = B_SPLINE_CURVE_WITH_KNOTS('',2,(#6725,#6726,#6727,#6728,#6729,
    #6730),.UNSPECIFIED.,.F.,.F.,(3,1,1,1,3),(0.,1.,2.,2.999980507962,
    3.999961015925),.UNSPECIFIED.);
#6725 = CARTESIAN_POINT('',(-8.675496619271,-1.417632267407));
#6726 = CARTESIAN_POINT('',(-8.675496619271,-2.385628686678));
#6727 = CARTESIAN_POINT('',(-7.784503780729,-3.27662152522));
#6728 = CARTESIAN_POINT('',(-5.9475002,-3.27662152522));
#6729 = CARTESIAN_POINT('',(-5.062003780729,-2.385628686678));
#6730 = CARTESIAN_POINT('',(-5.062003780729,-1.417632267407));
#6731 = ( GEOMETRIC_REPRESENTATION_CONTEXT(2) 
PARAMETRIC_REPRESENTATION_CONTEXT() REPRESENTATION_CONTEXT('2D SPACE',''
  ) );
#6732 = PCURVE('',#6733,#6743);
#6733 = SURFACE_OF_LINEAR_EXTRUSION('',#6734,#6741);
#6734 = B_SPLINE_CURVE_WITH_KNOTS('',2,(#6735,#6736,#6737,#6738,#6739,
    #6740),.UNSPECIFIED.,.F.,.F.,(3,1,1,1,3),(0.,1.,2.,2.999980507962,
    3.999961015925),.UNSPECIFIED.);
#6735 = CARTESIAN_POINT('',(-91.32450338072,46.075,-3.047632267407));
#6736 = CARTESIAN_POINT('',(-91.32450338072,46.075,-4.015628686678));
#6737 = CARTESIAN_POINT('',(-92.21549621927,46.075,-4.90662152522));
#6738 = CARTESIAN_POINT('',(-94.0524998,46.075,-4.90662152522));
#6739 = CARTESIAN_POINT('',(-94.93799621927,46.075,-4.015628686678));
#6740 = CARTESIAN_POINT('',(-94.93799621927,46.075,-3.047632267407));
#6741 = VECTOR('',#6742,1.);
#6742 = DIRECTION('',(-0.,-1.,0.));
#6743 = DEFINITIONAL_REPRESENTATION('',(#6744),#6748);
#6744 = LINE('',#6745,#6746);
#6745 = CARTESIAN_POINT('',(0.,0.));
#6746 = VECTOR('',#6747,1.);
#6747 = DIRECTION('',(1.,0.));
#6748 = ( GEOMETRIC_REPRESENTATION_CONTEXT(2) 
PARAMETRIC_REPRESENTATION_CONTEXT() REPRESENTATION_CONTEXT('2D SPACE',''
  ) );
#6749 = FACE_BOUND('',#6750,.T.);
#6750 = EDGE_LOOP('',(#6751,#6781,#6809,#6837,#6865,#6893,#6921,#6949,
    #6977,#7005,#7033,#7061));
#6751 = ORIENTED_EDGE('',*,*,#6752,.T.);
#6752 = EDGE_CURVE('',#6753,#6755,#6757,.T.);
#6753 = VERTEX_POINT('',#6754);
#6754 = CARTESIAN_POINT('',(-86.5649997,46.075,-0.64412152522));
#6755 = VERTEX_POINT('',#6756);
#6756 = CARTESIAN_POINT('',(-88.92450328072,46.075,-0.64412152522));
#6757 = SURFACE_CURVE('',#6758,(#6762,#6769),.PCURVE_S1.);
#6758 = LINE('',#6759,#6760);
#6759 = CARTESIAN_POINT('',(-86.5649997,46.075,-0.64412152522));
#6760 = VECTOR('',#6761,1.);
#6761 = DIRECTION('',(-1.,0.,0.));
#6762 = PCURVE('',#4422,#6763);
#6763 = DEFINITIONAL_REPRESENTATION('',(#6764),#6768);
#6764 = LINE('',#6765,#6766);
#6765 = CARTESIAN_POINT('',(-13.4350003,0.98587847478));
#6766 = VECTOR('',#6767,1.);
#6767 = DIRECTION('',(1.,0.));
#6768 = ( GEOMETRIC_REPRESENTATION_CONTEXT(2) 
PARAMETRIC_REPRESENTATION_CONTEXT() REPRESENTATION_CONTEXT('2D SPACE',''
  ) );
#6769 = PCURVE('',#6770,#6775);
#6770 = PLANE('',#6771);
#6771 = AXIS2_PLACEMENT_3D('',#6772,#6773,#6774);
#6772 = CARTESIAN_POINT('',(-86.5649997,46.075,-0.64412152522));
#6773 = DIRECTION('',(0.,0.,1.));
#6774 = DIRECTION('',(-1.,0.,0.));
#6775 = DEFINITIONAL_REPRESENTATION('',(#6776),#6780);
#6776 = LINE('',#6777,#6778);
#6777 = CARTESIAN_POINT('',(0.,0.));
#6778 = VECTOR('',#6779,1.);
#6779 = DIRECTION('',(1.,0.));
#6780 = ( GEOMETRIC_REPRESENTATION_CONTEXT(2) 
PARAMETRIC_REPRESENTATION_CONTEXT() REPRESENTATION_CONTEXT('2D SPACE',''
  ) );
#6781 = ORIENTED_EDGE('',*,*,#6782,.T.);
#6782 = EDGE_CURVE('',#6755,#6783,#6785,.T.);
#6783 = VERTEX_POINT('',#6784);
#6784 = CARTESIAN_POINT('',(-88.92450328072,46.075,-1.557117944491));
#6785 = SURFACE_CURVE('',#6786,(#6790,#6797),.PCURVE_S1.);
#6786 = LINE('',#6787,#6788);
#6787 = CARTESIAN_POINT('',(-88.92450328072,46.075,-0.64412152522));
#6788 = VECTOR('',#6789,1.);
#6789 = DIRECTION('',(-0.,0.,-1.));
#6790 = PCURVE('',#4422,#6791);
#6791 = DEFINITIONAL_REPRESENTATION('',(#6792),#6796);
#6792 = LINE('',#6793,#6794);
#6793 = CARTESIAN_POINT('',(-11.07549671927,0.98587847478));
#6794 = VECTOR('',#6795,1.);
#6795 = DIRECTION('',(0.,-1.));
#6796 = ( GEOMETRIC_REPRESENTATION_CONTEXT(2) 
PARAMETRIC_REPRESENTATION_CONTEXT() REPRESENTATION_CONTEXT('2D SPACE',''
  ) );
#6797 = PCURVE('',#6798,#6803);
#6798 = PLANE('',#6799);
#6799 = AXIS2_PLACEMENT_3D('',#6800,#6801,#6802);
#6800 = CARTESIAN_POINT('',(-88.92450328072,46.075,-0.64412152522));
#6801 = DIRECTION('',(-1.,0.,0.));
#6802 = DIRECTION('',(0.,0.,-1.));
#6803 = DEFINITIONAL_REPRESENTATION('',(#6804),#6808);
#6804 = LINE('',#6805,#6806);
#6805 = CARTESIAN_POINT('',(0.,-0.));
#6806 = VECTOR('',#6807,1.);
#6807 = DIRECTION('',(1.,0.));
#6808 = ( GEOMETRIC_REPRESENTATION_CONTEXT(2) 
PARAMETRIC_REPRESENTATION_CONTEXT() REPRESENTATION_CONTEXT('2D SPACE',''
  ) );
#6809 = ORIENTED_EDGE('',*,*,#6810,.T.);
#6810 = EDGE_CURVE('',#6783,#6811,#6813,.T.);
#6811 = VERTEX_POINT('',#6812);
#6812 = CARTESIAN_POINT('',(-87.64299611927,46.075,-1.557117944491));
#6813 = SURFACE_CURVE('',#6814,(#6818,#6825),.PCURVE_S1.);
#6814 = LINE('',#6815,#6816);
#6815 = CARTESIAN_POINT('',(-88.92450328072,46.075,-1.557117944491));
#6816 = VECTOR('',#6817,1.);
#6817 = DIRECTION('',(1.,0.,0.));
#6818 = PCURVE('',#4422,#6819);
#6819 = DEFINITIONAL_REPRESENTATION('',(#6820),#6824);
#6820 = LINE('',#6821,#6822);
#6821 = CARTESIAN_POINT('',(-11.07549671927,7.288205550944E-02));
#6822 = VECTOR('',#6823,1.);
#6823 = DIRECTION('',(-1.,0.));
#6824 = ( GEOMETRIC_REPRESENTATION_CONTEXT(2) 
PARAMETRIC_REPRESENTATION_CONTEXT() REPRESENTATION_CONTEXT('2D SPACE',''
  ) );
#6825 = PCURVE('',#6826,#6831);
#6826 = PLANE('',#6827);
#6827 = AXIS2_PLACEMENT_3D('',#6828,#6829,#6830);
#6828 = CARTESIAN_POINT('',(-88.92450328072,46.075,-1.557117944491));
#6829 = DIRECTION('',(0.,-0.,-1.));
#6830 = DIRECTION('',(1.,0.,0.));
#6831 = DEFINITIONAL_REPRESENTATION('',(#6832),#6836);
#6832 = LINE('',#6833,#6834);
#6833 = CARTESIAN_POINT('',(0.,0.));
#6834 = VECTOR('',#6835,1.);
#6835 = DIRECTION('',(1.,0.));
#6836 = ( GEOMETRIC_REPRESENTATION_CONTEXT(2) 
PARAMETRIC_REPRESENTATION_CONTEXT() REPRESENTATION_CONTEXT('2D SPACE',''
  ) );
#6837 = ORIENTED_EDGE('',*,*,#6838,.T.);
#6838 = EDGE_CURVE('',#6811,#6839,#6841,.T.);
#6839 = VERTEX_POINT('',#6840);
#6840 = CARTESIAN_POINT('',(-87.64299611927,46.075,-2.250132267407));
#6841 = SURFACE_CURVE('',#6842,(#6846,#6853),.PCURVE_S1.);
#6842 = LINE('',#6843,#6844);
#6843 = CARTESIAN_POINT('',(-87.64299611927,46.075,-1.557117944491));
#6844 = VECTOR('',#6845,1.);
#6845 = DIRECTION('',(-0.,0.,-1.));
#6846 = PCURVE('',#4422,#6847);
#6847 = DEFINITIONAL_REPRESENTATION('',(#6848),#6852);
#6848 = LINE('',#6849,#6850);
#6849 = CARTESIAN_POINT('',(-12.35700388072,7.288205550944E-02));
#6850 = VECTOR('',#6851,1.);
#6851 = DIRECTION('',(0.,-1.));
#6852 = ( GEOMETRIC_REPRESENTATION_CONTEXT(2) 
PARAMETRIC_REPRESENTATION_CONTEXT() REPRESENTATION_CONTEXT('2D SPACE',''
  ) );
#6853 = PCURVE('',#6854,#6859);
#6854 = PLANE('',#6855);
#6855 = AXIS2_PLACEMENT_3D('',#6856,#6857,#6858);
#6856 = CARTESIAN_POINT('',(-87.64299611927,46.075,-1.557117944491));
#6857 = DIRECTION('',(-1.,0.,0.));
#6858 = DIRECTION('',(0.,0.,-1.));
#6859 = DEFINITIONAL_REPRESENTATION('',(#6860),#6864);
#6860 = LINE('',#6861,#6862);
#6861 = CARTESIAN_POINT('',(0.,-0.));
#6862 = VECTOR('',#6863,1.);
#6863 = DIRECTION('',(1.,0.));
#6864 = ( GEOMETRIC_REPRESENTATION_CONTEXT(2) 
PARAMETRIC_REPRESENTATION_CONTEXT() REPRESENTATION_CONTEXT('2D SPACE',''
  ) );
#6865 = ORIENTED_EDGE('',*,*,#6866,.T.);
#6866 = EDGE_CURVE('',#6839,#6867,#6869,.T.);
#6867 = VERTEX_POINT('',#6868);
#6868 = CARTESIAN_POINT('',(-88.85299611927,46.075,-2.250132267407));
#6869 = SURFACE_CURVE('',#6870,(#6874,#6881),.PCURVE_S1.);
#6870 = LINE('',#6871,#6872);
#6871 = CARTESIAN_POINT('',(-87.64299611927,46.075,-2.250132267407));
#6872 = VECTOR('',#6873,1.);
#6873 = DIRECTION('',(-1.,0.,0.));
#6874 = PCURVE('',#4422,#6875);
#6875 = DEFINITIONAL_REPRESENTATION('',(#6876),#6880);
#6876 = LINE('',#6877,#6878);
#6877 = CARTESIAN_POINT('',(-12.35700388072,-0.620132267407));
#6878 = VECTOR('',#6879,1.);
#6879 = DIRECTION('',(1.,0.));
#6880 = ( GEOMETRIC_REPRESENTATION_CONTEXT(2) 
PARAMETRIC_REPRESENTATION_CONTEXT() REPRESENTATION_CONTEXT('2D SPACE',''
  ) );
#6881 = PCURVE('',#6882,#6887);
#6882 = PLANE('',#6883);
#6883 = AXIS2_PLACEMENT_3D('',#6884,#6885,#6886);
#6884 = CARTESIAN_POINT('',(-87.64299611927,46.075,-2.250132267407));
#6885 = DIRECTION('',(0.,0.,1.));
#6886 = DIRECTION('',(-1.,0.,0.));
#6887 = DEFINITIONAL_REPRESENTATION('',(#6888),#6892);
#6888 = LINE('',#6889,#6890);
#6889 = CARTESIAN_POINT('',(0.,0.));
#6890 = VECTOR('',#6891,1.);
#6891 = DIRECTION('',(1.,0.));
#6892 = ( GEOMETRIC_REPRESENTATION_CONTEXT(2) 
PARAMETRIC_REPRESENTATION_CONTEXT() REPRESENTATION_CONTEXT('2D SPACE',''
  ) );
#6893 = ORIENTED_EDGE('',*,*,#6894,.T.);
#6894 = EDGE_CURVE('',#6867,#6895,#6897,.T.);
#6895 = VERTEX_POINT('',#6896);
#6896 = CARTESIAN_POINT('',(-88.85299611927,46.075,-3.163128686678));
#6897 = SURFACE_CURVE('',#6898,(#6902,#6909),.PCURVE_S1.);
#6898 = LINE('',#6899,#6900);
#6899 = CARTESIAN_POINT('',(-88.85299611927,46.075,-2.250132267407));
#6900 = VECTOR('',#6901,1.);
#6901 = DIRECTION('',(-0.,0.,-1.));
#6902 = PCURVE('',#4422,#6903);
#6903 = DEFINITIONAL_REPRESENTATION('',(#6904),#6908);
#6904 = LINE('',#6905,#6906);
#6905 = CARTESIAN_POINT('',(-11.14700388072,-0.620132267407));
#6906 = VECTOR('',#6907,1.);
#6907 = DIRECTION('',(0.,-1.));
#6908 = ( GEOMETRIC_REPRESENTATION_CONTEXT(2) 
PARAMETRIC_REPRESENTATION_CONTEXT() REPRESENTATION_CONTEXT('2D SPACE',''
  ) );
#6909 = PCURVE('',#6910,#6915);
#6910 = PLANE('',#6911);
#6911 = AXIS2_PLACEMENT_3D('',#6912,#6913,#6914);
#6912 = CARTESIAN_POINT('',(-88.85299611927,46.075,-2.250132267407));
#6913 = DIRECTION('',(-1.,0.,0.));
#6914 = DIRECTION('',(0.,0.,-1.));
#6915 = DEFINITIONAL_REPRESENTATION('',(#6916),#6920);
#6916 = LINE('',#6917,#6918);
#6917 = CARTESIAN_POINT('',(0.,-0.));
#6918 = VECTOR('',#6919,1.);
#6919 = DIRECTION('',(1.,0.));
#6920 = ( GEOMETRIC_REPRESENTATION_CONTEXT(2) 
PARAMETRIC_REPRESENTATION_CONTEXT() REPRESENTATION_CONTEXT('2D SPACE',''
  ) );
#6921 = ORIENTED_EDGE('',*,*,#6922,.T.);
#6922 = EDGE_CURVE('',#6895,#6923,#6925,.T.);
#6923 = VERTEX_POINT('',#6924);
#6924 = CARTESIAN_POINT('',(-87.64299611927,46.075,-3.163128686678));
#6925 = SURFACE_CURVE('',#6926,(#6930,#6937),.PCURVE_S1.);
#6926 = LINE('',#6927,#6928);
#6927 = CARTESIAN_POINT('',(-88.85299611927,46.075,-3.163128686678));
#6928 = VECTOR('',#6929,1.);
#6929 = DIRECTION('',(1.,0.,0.));
#6930 = PCURVE('',#4422,#6931);
#6931 = DEFINITIONAL_REPRESENTATION('',(#6932),#6936);
#6932 = LINE('',#6933,#6934);
#6933 = CARTESIAN_POINT('',(-11.14700388072,-1.533128686678));
#6934 = VECTOR('',#6935,1.);
#6935 = DIRECTION('',(-1.,0.));
#6936 = ( GEOMETRIC_REPRESENTATION_CONTEXT(2) 
PARAMETRIC_REPRESENTATION_CONTEXT() REPRESENTATION_CONTEXT('2D SPACE',''
  ) );
#6937 = PCURVE('',#6938,#6943);
#6938 = PLANE('',#6939);
#6939 = AXIS2_PLACEMENT_3D('',#6940,#6941,#6942);
#6940 = CARTESIAN_POINT('',(-88.85299611927,46.075,-3.163128686678));
#6941 = DIRECTION('',(0.,-0.,-1.));
#6942 = DIRECTION('',(1.,0.,0.));
#6943 = DEFINITIONAL_REPRESENTATION('',(#6944),#6948);
#6944 = LINE('',#6945,#6946);
#6945 = CARTESIAN_POINT('',(0.,0.));
#6946 = VECTOR('',#6947,1.);
#6947 = DIRECTION('',(1.,0.));
#6948 = ( GEOMETRIC_REPRESENTATION_CONTEXT(2) 
PARAMETRIC_REPRESENTATION_CONTEXT() REPRESENTATION_CONTEXT('2D SPACE',''
  ) );
#6949 = ORIENTED_EDGE('',*,*,#6950,.T.);
#6950 = EDGE_CURVE('',#6923,#6951,#6953,.T.);
#6951 = VERTEX_POINT('',#6952);
#6952 = CARTESIAN_POINT('',(-87.64299611927,46.075,-3.878128686678));
#6953 = SURFACE_CURVE('',#6954,(#6958,#6965),.PCURVE_S1.);
#6954 = LINE('',#6955,#6956);
#6955 = CARTESIAN_POINT('',(-87.64299611927,46.075,-3.163128686678));
#6956 = VECTOR('',#6957,1.);
#6957 = DIRECTION('',(-0.,0.,-1.));
#6958 = PCURVE('',#4422,#6959);
#6959 = DEFINITIONAL_REPRESENTATION('',(#6960),#6964);
#6960 = LINE('',#6961,#6962);
#6961 = CARTESIAN_POINT('',(-12.35700388072,-1.533128686678));
#6962 = VECTOR('',#6963,1.);
#6963 = DIRECTION('',(0.,-1.));
#6964 = ( GEOMETRIC_REPRESENTATION_CONTEXT(2) 
PARAMETRIC_REPRESENTATION_CONTEXT() REPRESENTATION_CONTEXT('2D SPACE',''
  ) );
#6965 = PCURVE('',#6966,#6971);
#6966 = PLANE('',#6967);
#6967 = AXIS2_PLACEMENT_3D('',#6968,#6969,#6970);
#6968 = CARTESIAN_POINT('',(-87.64299611927,46.075,-3.163128686678));
#6969 = DIRECTION('',(-1.,0.,0.));
#6970 = DIRECTION('',(0.,0.,-1.));
#6971 = DEFINITIONAL_REPRESENTATION('',(#6972),#6976);
#6972 = LINE('',#6973,#6974);
#6973 = CARTESIAN_POINT('',(0.,-0.));
#6974 = VECTOR('',#6975,1.);
#6975 = DIRECTION('',(1.,0.));
#6976 = ( GEOMETRIC_REPRESENTATION_CONTEXT(2) 
PARAMETRIC_REPRESENTATION_CONTEXT() REPRESENTATION_CONTEXT('2D SPACE',''
  ) );
#6977 = ORIENTED_EDGE('',*,*,#6978,.T.);
#6978 = EDGE_CURVE('',#6951,#6979,#6981,.T.);
#6979 = VERTEX_POINT('',#6980);
#6980 = CARTESIAN_POINT('',(-88.92450328072,46.075,-3.878128686678));
#6981 = SURFACE_CURVE('',#6982,(#6986,#6993),.PCURVE_S1.);
#6982 = LINE('',#6983,#6984);
#6983 = CARTESIAN_POINT('',(-87.64299611927,46.075,-3.878128686678));
#6984 = VECTOR('',#6985,1.);
#6985 = DIRECTION('',(-1.,0.,0.));
#6986 = PCURVE('',#4422,#6987);
#6987 = DEFINITIONAL_REPRESENTATION('',(#6988),#6992);
#6988 = LINE('',#6989,#6990);
#6989 = CARTESIAN_POINT('',(-12.35700388072,-2.248128686678));
#6990 = VECTOR('',#6991,1.);
#6991 = DIRECTION('',(1.,0.));
#6992 = ( GEOMETRIC_REPRESENTATION_CONTEXT(2) 
PARAMETRIC_REPRESENTATION_CONTEXT() REPRESENTATION_CONTEXT('2D SPACE',''
  ) );
#6993 = PCURVE('',#6994,#6999);
#6994 = PLANE('',#6995);
#6995 = AXIS2_PLACEMENT_3D('',#6996,#6997,#6998);
#6996 = CARTESIAN_POINT('',(-87.64299611927,46.075,-3.878128686678));
#6997 = DIRECTION('',(0.,0.,1.));
#6998 = DIRECTION('',(-1.,0.,0.));
#6999 = DEFINITIONAL_REPRESENTATION('',(#7000),#7004);
#7000 = LINE('',#7001,#7002);
#7001 = CARTESIAN_POINT('',(0.,0.));
#7002 = VECTOR('',#7003,1.);
#7003 = DIRECTION('',(1.,0.));
#7004 = ( GEOMETRIC_REPRESENTATION_CONTEXT(2) 
PARAMETRIC_REPRESENTATION_CONTEXT() REPRESENTATION_CONTEXT('2D SPACE',''
  ) );
#7005 = ORIENTED_EDGE('',*,*,#7006,.T.);
#7006 = EDGE_CURVE('',#6979,#7007,#7009,.T.);
#7007 = VERTEX_POINT('',#7008);
#7008 = CARTESIAN_POINT('',(-88.92450328072,46.075,-4.791125105949));
#7009 = SURFACE_CURVE('',#7010,(#7014,#7021),.PCURVE_S1.);
#7010 = LINE('',#7011,#7012);
#7011 = CARTESIAN_POINT('',(-88.92450328072,46.075,-3.878128686678));
#7012 = VECTOR('',#7013,1.);
#7013 = DIRECTION('',(-0.,0.,-1.));
#7014 = PCURVE('',#4422,#7015);
#7015 = DEFINITIONAL_REPRESENTATION('',(#7016),#7020);
#7016 = LINE('',#7017,#7018);
#7017 = CARTESIAN_POINT('',(-11.07549671927,-2.248128686678));
#7018 = VECTOR('',#7019,1.);
#7019 = DIRECTION('',(0.,-1.));
#7020 = ( GEOMETRIC_REPRESENTATION_CONTEXT(2) 
PARAMETRIC_REPRESENTATION_CONTEXT() REPRESENTATION_CONTEXT('2D SPACE',''
  ) );
#7021 = PCURVE('',#7022,#7027);
#7022 = PLANE('',#7023);
#7023 = AXIS2_PLACEMENT_3D('',#7024,#7025,#7026);
#7024 = CARTESIAN_POINT('',(-88.92450328072,46.075,-3.878128686678));
#7025 = DIRECTION('',(-1.,0.,0.));
#7026 = DIRECTION('',(0.,0.,-1.));
#7027 = DEFINITIONAL_REPRESENTATION('',(#7028),#7032);
#7028 = LINE('',#7029,#7030);
#7029 = CARTESIAN_POINT('',(0.,-0.));
#7030 = VECTOR('',#7031,1.);
#7031 = DIRECTION('',(1.,0.));
#7032 = ( GEOMETRIC_REPRESENTATION_CONTEXT(2) 
PARAMETRIC_REPRESENTATION_CONTEXT() REPRESENTATION_CONTEXT('2D SPACE',''
  ) );
#7033 = ORIENTED_EDGE('',*,*,#7034,.T.);
#7034 = EDGE_CURVE('',#7007,#7035,#7037,.T.);
#7035 = VERTEX_POINT('',#7036);
#7036 = CARTESIAN_POINT('',(-86.5649997,46.075,-4.791125105949));
#7037 = SURFACE_CURVE('',#7038,(#7042,#7049),.PCURVE_S1.);
#7038 = LINE('',#7039,#7040);
#7039 = CARTESIAN_POINT('',(-88.92450328072,46.075,-4.791125105949));
#7040 = VECTOR('',#7041,1.);
#7041 = DIRECTION('',(1.,0.,0.));
#7042 = PCURVE('',#4422,#7043);
#7043 = DEFINITIONAL_REPRESENTATION('',(#7044),#7048);
#7044 = LINE('',#7045,#7046);
#7045 = CARTESIAN_POINT('',(-11.07549671927,-3.161125105949));
#7046 = VECTOR('',#7047,1.);
#7047 = DIRECTION('',(-1.,0.));
#7048 = ( GEOMETRIC_REPRESENTATION_CONTEXT(2) 
PARAMETRIC_REPRESENTATION_CONTEXT() REPRESENTATION_CONTEXT('2D SPACE',''
  ) );
#7049 = PCURVE('',#7050,#7055);
#7050 = PLANE('',#7051);
#7051 = AXIS2_PLACEMENT_3D('',#7052,#7053,#7054);
#7052 = CARTESIAN_POINT('',(-88.92450328072,46.075,-4.791125105949));
#7053 = DIRECTION('',(0.,-0.,-1.));
#7054 = DIRECTION('',(1.,0.,0.));
#7055 = DEFINITIONAL_REPRESENTATION('',(#7056),#7060);
#7056 = LINE('',#7057,#7058);
#7057 = CARTESIAN_POINT('',(0.,0.));
#7058 = VECTOR('',#7059,1.);
#7059 = DIRECTION('',(1.,0.));
#7060 = ( GEOMETRIC_REPRESENTATION_CONTEXT(2) 
PARAMETRIC_REPRESENTATION_CONTEXT() REPRESENTATION_CONTEXT('2D SPACE',''
  ) );
#7061 = ORIENTED_EDGE('',*,*,#7062,.T.);
#7062 = EDGE_CURVE('',#7035,#6753,#7063,.T.);
#7063 = SURFACE_CURVE('',#7064,(#7068,#7075),.PCURVE_S1.);
#7064 = LINE('',#7065,#7066);
#7065 = CARTESIAN_POINT('',(-86.5649997,46.075,-4.791125105949));
#7066 = VECTOR('',#7067,1.);
#7067 = DIRECTION('',(0.,0.,1.));
#7068 = PCURVE('',#4422,#7069);
#7069 = DEFINITIONAL_REPRESENTATION('',(#7070),#7074);
#7070 = LINE('',#7071,#7072);
#7071 = CARTESIAN_POINT('',(-13.4350003,-3.161125105949));
#7072 = VECTOR('',#7073,1.);
#7073 = DIRECTION('',(0.,1.));
#7074 = ( GEOMETRIC_REPRESENTATION_CONTEXT(2) 
PARAMETRIC_REPRESENTATION_CONTEXT() REPRESENTATION_CONTEXT('2D SPACE',''
  ) );
#7075 = PCURVE('',#7076,#7081);
#7076 = PLANE('',#7077);
#7077 = AXIS2_PLACEMENT_3D('',#7078,#7079,#7080);
#7078 = CARTESIAN_POINT('',(-86.5649997,46.075,-4.791125105949));
#7079 = DIRECTION('',(1.,-0.,0.));
#7080 = DIRECTION('',(0.,0.,1.));
#7081 = DEFINITIONAL_REPRESENTATION('',(#7082),#7086);
#7082 = LINE('',#7083,#7084);
#7083 = CARTESIAN_POINT('',(0.,0.));
#7084 = VECTOR('',#7085,1.);
#7085 = DIRECTION('',(1.,0.));
#7086 = ( GEOMETRIC_REPRESENTATION_CONTEXT(2) 
PARAMETRIC_REPRESENTATION_CONTEXT() REPRESENTATION_CONTEXT('2D SPACE',''
  ) );
#7087 = FACE_BOUND('',#7088,.T.);
#7088 = EDGE_LOOP('',(#7089));
#7089 = ORIENTED_EDGE('',*,*,#7090,.F.);
#7090 = EDGE_CURVE('',#7091,#7091,#7093,.T.);
#7091 = VERTEX_POINT('',#7092);
#7092 = CARTESIAN_POINT('',(-82.9649997,46.075,-1.63));
#7093 = SURFACE_CURVE('',#7094,(#7099,#7106),.PCURVE_S1.);
#7094 = CIRCLE('',#7095,0.65);
#7095 = AXIS2_PLACEMENT_3D('',#7096,#7097,#7098);
#7096 = CARTESIAN_POINT('',(-82.3149997,46.075,-1.63));
#7097 = DIRECTION('',(0.,1.,-0.));
#7098 = DIRECTION('',(-1.,0.,0.));
#7099 = PCURVE('',#4422,#7100);
#7100 = DEFINITIONAL_REPRESENTATION('',(#7101),#7105);
#7101 = CIRCLE('',#7102,0.65);
#7102 = AXIS2_PLACEMENT_2D('',#7103,#7104);
#7103 = CARTESIAN_POINT('',(-17.6850003,0.));
#7104 = DIRECTION('',(1.,0.));
#7105 = ( GEOMETRIC_REPRESENTATION_CONTEXT(2) 
PARAMETRIC_REPRESENTATION_CONTEXT() REPRESENTATION_CONTEXT('2D SPACE',''
  ) );
#7106 = PCURVE('',#7107,#7112);
#7107 = CYLINDRICAL_SURFACE('',#7108,0.65);
#7108 = AXIS2_PLACEMENT_3D('',#7109,#7110,#7111);
#7109 = CARTESIAN_POINT('',(-82.3149997,46.075,-1.63));
#7110 = DIRECTION('',(-0.,-1.,0.));
#7111 = DIRECTION('',(-1.,0.,0.));
#7112 = DEFINITIONAL_REPRESENTATION('',(#7113),#7117);
#7113 = LINE('',#7114,#7115);
#7114 = CARTESIAN_POINT('',(-0.,0.));
#7115 = VECTOR('',#7116,1.);
#7116 = DIRECTION('',(-1.,0.));
#7117 = ( GEOMETRIC_REPRESENTATION_CONTEXT(2) 
PARAMETRIC_REPRESENTATION_CONTEXT() REPRESENTATION_CONTEXT('2D SPACE',''
  ) );
#7118 = FACE_BOUND('',#7119,.T.);
#7119 = EDGE_LOOP('',(#7120,#7150,#7178,#7206,#7239,#7308,#7336));
#7120 = ORIENTED_EDGE('',*,*,#7121,.T.);
#7121 = EDGE_CURVE('',#7122,#7124,#7126,.T.);
#7122 = VERTEX_POINT('',#7123);
#7123 = CARTESIAN_POINT('',(-100.4289892578,46.075,-3.306125105949));
#7124 = VERTEX_POINT('',#7125);
#7125 = CARTESIAN_POINT('',(-99.54349283854,46.075,-3.306125105949));
#7126 = SURFACE_CURVE('',#7127,(#7131,#7138),.PCURVE_S1.);
#7127 = LINE('',#7128,#7129);
#7128 = CARTESIAN_POINT('',(-100.4289892578,46.075,-3.306125105949));
#7129 = VECTOR('',#7130,1.);
#7130 = DIRECTION('',(1.,0.,0.));
#7131 = PCURVE('',#4422,#7132);
#7132 = DEFINITIONAL_REPRESENTATION('',(#7133),#7137);
#7133 = LINE('',#7134,#7135);
#7134 = CARTESIAN_POINT('',(0.428989257812,-1.676125105949));
#7135 = VECTOR('',#7136,1.);
#7136 = DIRECTION('',(-1.,0.));
#7137 = ( GEOMETRIC_REPRESENTATION_CONTEXT(2) 
PARAMETRIC_REPRESENTATION_CONTEXT() REPRESENTATION_CONTEXT('2D SPACE',''
  ) );
#7138 = PCURVE('',#7139,#7144);
#7139 = PLANE('',#7140);
#7140 = AXIS2_PLACEMENT_3D('',#7141,#7142,#7143);
#7141 = CARTESIAN_POINT('',(-100.4289892578,46.075,-3.306125105949));
#7142 = DIRECTION('',(0.,-0.,-1.));
#7143 = DIRECTION('',(1.,0.,0.));
#7144 = DEFINITIONAL_REPRESENTATION('',(#7145),#7149);
#7145 = LINE('',#7146,#7147);
#7146 = CARTESIAN_POINT('',(0.,0.));
#7147 = VECTOR('',#7148,1.);
#7148 = DIRECTION('',(1.,0.));
#7149 = ( GEOMETRIC_REPRESENTATION_CONTEXT(2) 
PARAMETRIC_REPRESENTATION_CONTEXT() REPRESENTATION_CONTEXT('2D SPACE',''
  ) );
#7150 = ORIENTED_EDGE('',*,*,#7151,.T.);
#7151 = EDGE_CURVE('',#7124,#7152,#7154,.T.);
#7152 = VERTEX_POINT('',#7153);
#7153 = CARTESIAN_POINT('',(-99.54349283854,46.075,-2.470132267407));
#7154 = SURFACE_CURVE('',#7155,(#7159,#7166),.PCURVE_S1.);
#7155 = LINE('',#7156,#7157);
#7156 = CARTESIAN_POINT('',(-99.54349283854,46.075,-3.306125105949));
#7157 = VECTOR('',#7158,1.);
#7158 = DIRECTION('',(0.,0.,1.));
#7159 = PCURVE('',#4422,#7160);
#7160 = DEFINITIONAL_REPRESENTATION('',(#7161),#7165);
#7161 = LINE('',#7162,#7163);
#7162 = CARTESIAN_POINT('',(-0.456507161458,-1.676125105949));
#7163 = VECTOR('',#7164,1.);
#7164 = DIRECTION('',(0.,1.));
#7165 = ( GEOMETRIC_REPRESENTATION_CONTEXT(2) 
PARAMETRIC_REPRESENTATION_CONTEXT() REPRESENTATION_CONTEXT('2D SPACE',''
  ) );
#7166 = PCURVE('',#7167,#7172);
#7167 = PLANE('',#7168);
#7168 = AXIS2_PLACEMENT_3D('',#7169,#7170,#7171);
#7169 = CARTESIAN_POINT('',(-99.54349283854,46.075,-3.306125105949));
#7170 = DIRECTION('',(1.,-0.,0.));
#7171 = DIRECTION('',(0.,0.,1.));
#7172 = DEFINITIONAL_REPRESENTATION('',(#7173),#7177);
#7173 = LINE('',#7174,#7175);
#7174 = CARTESIAN_POINT('',(0.,0.));
#7175 = VECTOR('',#7176,1.);
#7176 = DIRECTION('',(1.,0.));
#7177 = ( GEOMETRIC_REPRESENTATION_CONTEXT(2) 
PARAMETRIC_REPRESENTATION_CONTEXT() REPRESENTATION_CONTEXT('2D SPACE',''
  ) );
#7178 = ORIENTED_EDGE('',*,*,#7179,.T.);
#7179 = EDGE_CURVE('',#7152,#7180,#7182,.T.);
#7180 = VERTEX_POINT('',#7181);
#7181 = CARTESIAN_POINT('',(-101.6829964192,46.075,-2.470132267407));
#7182 = SURFACE_CURVE('',#7183,(#7187,#7194),.PCURVE_S1.);
#7183 = LINE('',#7184,#7185);
#7184 = CARTESIAN_POINT('',(-99.54349283854,46.075,-2.470132267407));
#7185 = VECTOR('',#7186,1.);
#7186 = DIRECTION('',(-1.,0.,0.));
#7187 = PCURVE('',#4422,#7188);
#7188 = DEFINITIONAL_REPRESENTATION('',(#7189),#7193);
#7189 = LINE('',#7190,#7191);
#7190 = CARTESIAN_POINT('',(-0.456507161458,-0.840132267407));
#7191 = VECTOR('',#7192,1.);
#7192 = DIRECTION('',(1.,0.));
#7193 = ( GEOMETRIC_REPRESENTATION_CONTEXT(2) 
PARAMETRIC_REPRESENTATION_CONTEXT() REPRESENTATION_CONTEXT('2D SPACE',''
  ) );
#7194 = PCURVE('',#7195,#7200);
#7195 = PLANE('',#7196);
#7196 = AXIS2_PLACEMENT_3D('',#7197,#7198,#7199);
#7197 = CARTESIAN_POINT('',(-99.54349283854,46.075,-2.470132267407));
#7198 = DIRECTION('',(0.,0.,1.));
#7199 = DIRECTION('',(-1.,0.,0.));
#7200 = DEFINITIONAL_REPRESENTATION('',(#7201),#7205);
#7201 = LINE('',#7202,#7203);
#7202 = CARTESIAN_POINT('',(0.,0.));
#7203 = VECTOR('',#7204,1.);
#7204 = DIRECTION('',(1.,0.));
#7205 = ( GEOMETRIC_REPRESENTATION_CONTEXT(2) 
PARAMETRIC_REPRESENTATION_CONTEXT() REPRESENTATION_CONTEXT('2D SPACE',''
  ) );
#7206 = ORIENTED_EDGE('',*,*,#7207,.F.);
#7207 = EDGE_CURVE('',#7208,#7180,#7210,.T.);
#7208 = VERTEX_POINT('',#7209);
#7209 = CARTESIAN_POINT('',(-101.5454964192,46.075,-3.570132267407));
#7210 = SURFACE_CURVE('',#7211,(#7216,#7224),.PCURVE_S1.);
#7211 = B_SPLINE_CURVE_WITH_KNOTS('',2,(#7212,#7213,#7214,#7215),
  .UNSPECIFIED.,.F.,.F.,(3,1,3),(0.,1.,2.),.UNSPECIFIED.);
#7212 = CARTESIAN_POINT('',(-101.5454964192,46.075,-3.570132267407));
#7213 = CARTESIAN_POINT('',(-101.6279964192,46.075,-3.33912152522));
#7214 = CARTESIAN_POINT('',(-101.6829964192,46.075,-2.800132267407));
#7215 = CARTESIAN_POINT('',(-101.6829964192,46.075,-2.470132267407));
#7216 = PCURVE('',#4422,#7217);
#7217 = DEFINITIONAL_REPRESENTATION('',(#7218),#7223);
#7218 = B_SPLINE_CURVE_WITH_KNOTS('',2,(#7219,#7220,#7221,#7222),
  .UNSPECIFIED.,.F.,.F.,(3,1,3),(0.,1.,2.),.UNSPECIFIED.);
#7219 = CARTESIAN_POINT('',(1.545496419271,-1.940132267407));
#7220 = CARTESIAN_POINT('',(1.627996419271,-1.70912152522));
#7221 = CARTESIAN_POINT('',(1.682996419271,-1.170132267407));
#7222 = CARTESIAN_POINT('',(1.682996419271,-0.840132267407));
#7223 = ( GEOMETRIC_REPRESENTATION_CONTEXT(2) 
PARAMETRIC_REPRESENTATION_CONTEXT() REPRESENTATION_CONTEXT('2D SPACE',''
  ) );
#7224 = PCURVE('',#7225,#7233);
#7225 = SURFACE_OF_LINEAR_EXTRUSION('',#7226,#7231);
#7226 = B_SPLINE_CURVE_WITH_KNOTS('',2,(#7227,#7228,#7229,#7230),
  .UNSPECIFIED.,.F.,.F.,(3,1,3),(0.,1.,2.),.UNSPECIFIED.);
#7227 = CARTESIAN_POINT('',(-101.5454964192,46.075,-3.570132267407));
#7228 = CARTESIAN_POINT('',(-101.6279964192,46.075,-3.33912152522));
#7229 = CARTESIAN_POINT('',(-101.6829964192,46.075,-2.800132267407));
#7230 = CARTESIAN_POINT('',(-101.6829964192,46.075,-2.470132267407));
#7231 = VECTOR('',#7232,1.);
#7232 = DIRECTION('',(-0.,-1.,0.));
#7233 = DEFINITIONAL_REPRESENTATION('',(#7234),#7238);
#7234 = LINE('',#7235,#7236);
#7235 = CARTESIAN_POINT('',(0.,0.));
#7236 = VECTOR('',#7237,1.);
#7237 = DIRECTION('',(1.,0.));
#7238 = ( GEOMETRIC_REPRESENTATION_CONTEXT(2) 
PARAMETRIC_REPRESENTATION_CONTEXT() REPRESENTATION_CONTEXT('2D SPACE',''
  ) );
#7239 = ORIENTED_EDGE('',*,*,#7240,.F.);
#7240 = EDGE_CURVE('',#7241,#7208,#7243,.T.);
#7241 = VERTEX_POINT('',#7242);
#7242 = CARTESIAN_POINT('',(-101.4575,46.075,-1.678128686678));
#7243 = SURFACE_CURVE('',#7244,(#7261,#7281),.PCURVE_S1.);
#7244 = B_SPLINE_CURVE_WITH_KNOTS('',2,(#7245,#7246,#7247,#7248,#7249,
    #7250,#7251,#7252,#7253,#7254,#7255,#7256,#7257,#7258,#7259,#7260),
  .UNSPECIFIED.,.F.,.F.,(3,1,1,1,1,1,1,1,1,1,1,1,1,1,3),(0.,1.,2.,
    2.771172413793,3.542344827586,4.313517241379,5.084689655172,
    5.864648408012,6.644607160852,7.424565913692,8.204524666531,
    8.771764773049,9.339004879566,9.906244986083,10.4734850926),
  .UNSPECIFIED.);
#7245 = CARTESIAN_POINT('',(-101.4575,46.075,-1.678128686678));
#7246 = CARTESIAN_POINT('',(-101.1714892578,46.075,-1.089617944491));
#7247 = CARTESIAN_POINT('',(-100.1925,46.075,-0.528625105949));
#7248 = CARTESIAN_POINT('',(-99.04299641927,46.075,-0.528625105949));
#7249 = CARTESIAN_POINT('',(-98.22898925781,46.075,-0.847632267407));
#7250 = CARTESIAN_POINT('',(-97.65148925781,46.075,-1.419617944491));
#7251 = CARTESIAN_POINT('',(-97.33799641927,46.075,-2.228128686678));
#7252 = CARTESIAN_POINT('',(-97.33799641927,46.075,-3.20162152522));
#7253 = CARTESIAN_POINT('',(-97.65700358072,46.075,-4.010132267407));
#7254 = CARTESIAN_POINT('',(-98.22898925781,46.075,-4.587632267407));
#7255 = CARTESIAN_POINT('',(-99.02648925781,46.075,-4.90662152522));
#7256 = CARTESIAN_POINT('',(-99.8625,46.075,-4.90662152522));
#7257 = CARTESIAN_POINT('',(-100.5004964192,46.075,-4.730628686678));
#7258 = CARTESIAN_POINT('',(-101.0339892578,46.075,-4.395132267407));
#7259 = CARTESIAN_POINT('',(-101.43,46.075,-3.894617944491));
#7260 = CARTESIAN_POINT('',(-101.5454964192,46.075,-3.570132267407));
#7261 = PCURVE('',#4422,#7262);
#7262 = DEFINITIONAL_REPRESENTATION('',(#7263),#7280);
#7263 = B_SPLINE_CURVE_WITH_KNOTS('',2,(#7264,#7265,#7266,#7267,#7268,
    #7269,#7270,#7271,#7272,#7273,#7274,#7275,#7276,#7277,#7278,#7279),
  .UNSPECIFIED.,.F.,.F.,(3,1,1,1,1,1,1,1,1,1,1,1,1,1,3),(0.,1.,2.,
    2.771172413793,3.542344827586,4.313517241379,5.084689655172,
    5.864648408012,6.644607160852,7.424565913692,8.204524666531,
    8.771764773049,9.339004879566,9.906244986083,10.4734850926),
  .UNSPECIFIED.);
#7264 = CARTESIAN_POINT('',(1.4575,-4.812868667806E-02));
#7265 = CARTESIAN_POINT('',(1.171489257812,0.540382055509));
#7266 = CARTESIAN_POINT('',(0.1925,1.101374894051));
#7267 = CARTESIAN_POINT('',(-0.957003580729,1.101374894051));
#7268 = CARTESIAN_POINT('',(-1.771010742188,0.782367732593));
#7269 = CARTESIAN_POINT('',(-2.348510742188,0.210382055509));
#7270 = CARTESIAN_POINT('',(-2.662003580729,-0.598128686678));
#7271 = CARTESIAN_POINT('',(-2.662003580729,-1.57162152522));
#7272 = CARTESIAN_POINT('',(-2.342996419271,-2.380132267407));
#7273 = CARTESIAN_POINT('',(-1.771010742188,-2.957632267407));
#7274 = CARTESIAN_POINT('',(-0.973510742188,-3.27662152522));
#7275 = CARTESIAN_POINT('',(-0.1375,-3.27662152522));
#7276 = CARTESIAN_POINT('',(0.500496419271,-3.100628686678));
#7277 = CARTESIAN_POINT('',(1.033989257812,-2.765132267407));
#7278 = CARTESIAN_POINT('',(1.43,-2.264617944491));
#7279 = CARTESIAN_POINT('',(1.545496419271,-1.940132267407));
#7280 = ( GEOMETRIC_REPRESENTATION_CONTEXT(2) 
PARAMETRIC_REPRESENTATION_CONTEXT() REPRESENTATION_CONTEXT('2D SPACE',''
  ) );
#7281 = PCURVE('',#7282,#7302);
#7282 = SURFACE_OF_LINEAR_EXTRUSION('',#7283,#7300);
#7283 = B_SPLINE_CURVE_WITH_KNOTS('',2,(#7284,#7285,#7286,#7287,#7288,
    #7289,#7290,#7291,#7292,#7293,#7294,#7295,#7296,#7297,#7298,#7299),
  .UNSPECIFIED.,.F.,.F.,(3,1,1,1,1,1,1,1,1,1,1,1,1,1,3),(0.,1.,2.,
    2.771172413793,3.542344827586,4.313517241379,5.084689655172,
    5.864648408012,6.644607160852,7.424565913692,8.204524666531,
    8.771764773049,9.339004879566,9.906244986083,10.4734850926),
  .UNSPECIFIED.);
#7284 = CARTESIAN_POINT('',(-101.4575,46.075,-1.678128686678));
#7285 = CARTESIAN_POINT('',(-101.1714892578,46.075,-1.089617944491));
#7286 = CARTESIAN_POINT('',(-100.1925,46.075,-0.528625105949));
#7287 = CARTESIAN_POINT('',(-99.04299641927,46.075,-0.528625105949));
#7288 = CARTESIAN_POINT('',(-98.22898925781,46.075,-0.847632267407));
#7289 = CARTESIAN_POINT('',(-97.65148925781,46.075,-1.419617944491));
#7290 = CARTESIAN_POINT('',(-97.33799641927,46.075,-2.228128686678));
#7291 = CARTESIAN_POINT('',(-97.33799641927,46.075,-3.20162152522));
#7292 = CARTESIAN_POINT('',(-97.65700358072,46.075,-4.010132267407));
#7293 = CARTESIAN_POINT('',(-98.22898925781,46.075,-4.587632267407));
#7294 = CARTESIAN_POINT('',(-99.02648925781,46.075,-4.90662152522));
#7295 = CARTESIAN_POINT('',(-99.8625,46.075,-4.90662152522));
#7296 = CARTESIAN_POINT('',(-100.5004964192,46.075,-4.730628686678));
#7297 = CARTESIAN_POINT('',(-101.0339892578,46.075,-4.395132267407));
#7298 = CARTESIAN_POINT('',(-101.43,46.075,-3.894617944491));
#7299 = CARTESIAN_POINT('',(-101.5454964192,46.075,-3.570132267407));
#7300 = VECTOR('',#7301,1.);
#7301 = DIRECTION('',(-0.,-1.,0.));
#7302 = DEFINITIONAL_REPRESENTATION('',(#7303),#7307);
#7303 = LINE('',#7304,#7305);
#7304 = CARTESIAN_POINT('',(0.,0.));
#7305 = VECTOR('',#7306,1.);
#7306 = DIRECTION('',(1.,0.));
#7307 = ( GEOMETRIC_REPRESENTATION_CONTEXT(2) 
PARAMETRIC_REPRESENTATION_CONTEXT() REPRESENTATION_CONTEXT('2D SPACE',''
  ) );
#7308 = ORIENTED_EDGE('',*,*,#7309,.T.);
#7309 = EDGE_CURVE('',#7241,#7310,#7312,.T.);
#7310 = VERTEX_POINT('',#7311);
#7311 = CARTESIAN_POINT('',(-100.4345035807,46.075,-2.10162152522));
#7312 = SURFACE_CURVE('',#7313,(#7317,#7324),.PCURVE_S1.);
#7313 = LINE('',#7314,#7315);
#7314 = CARTESIAN_POINT('',(-101.4575,46.075,-1.678128686678));
#7315 = VECTOR('',#7316,1.);
#7316 = DIRECTION('',(0.923958115742,0.,-0.382493660543));
#7317 = PCURVE('',#4422,#7318);
#7318 = DEFINITIONAL_REPRESENTATION('',(#7319),#7323);
#7319 = LINE('',#7320,#7321);
#7320 = CARTESIAN_POINT('',(1.4575,-4.812868667806E-02));
#7321 = VECTOR('',#7322,1.);
#7322 = DIRECTION('',(-0.923958115742,-0.382493660543));
#7323 = ( GEOMETRIC_REPRESENTATION_CONTEXT(2) 
PARAMETRIC_REPRESENTATION_CONTEXT() REPRESENTATION_CONTEXT('2D SPACE',''
  ) );
#7324 = PCURVE('',#7325,#7330);
#7325 = PLANE('',#7326);
#7326 = AXIS2_PLACEMENT_3D('',#7327,#7328,#7329);
#7327 = CARTESIAN_POINT('',(-101.4575,46.075,-1.678128686678));
#7328 = DIRECTION('',(-0.382493660543,0.,-0.923958115742));
#7329 = DIRECTION('',(0.923958115742,0.,-0.382493660543));
#7330 = DEFINITIONAL_REPRESENTATION('',(#7331),#7335);
#7331 = LINE('',#7332,#7333);
#7332 = CARTESIAN_POINT('',(0.,0.));
#7333 = VECTOR('',#7334,1.);
#7334 = DIRECTION('',(1.,0.));
#7335 = ( GEOMETRIC_REPRESENTATION_CONTEXT(2) 
PARAMETRIC_REPRESENTATION_CONTEXT() REPRESENTATION_CONTEXT('2D SPACE',''
  ) );
#7336 = ORIENTED_EDGE('',*,*,#7337,.F.);
#7337 = EDGE_CURVE('',#7122,#7310,#7338,.T.);
#7338 = SURFACE_CURVE('',#7339,(#7356,#7376),.PCURVE_S1.);
#7339 = B_SPLINE_CURVE_WITH_KNOTS('',2,(#7340,#7341,#7342,#7343,#7344,
    #7345,#7346,#7347,#7348,#7349,#7350,#7351,#7352,#7353,#7354,#7355),
  .UNSPECIFIED.,.F.,.F.,(3,1,1,1,1,1,1,1,1,1,1,1,1,1,3),(0.,1.,2.,3.,4.,
    5.689829366861,7.379658733723,9.069488100584,10.759317467445,
    12.625292492961,14.491267518477,16.357242543993,18.223217569509,
    20.470891266739,22.718564963969),.UNSPECIFIED.);
#7340 = CARTESIAN_POINT('',(-100.4289892578,46.075,-3.306125105949));
#7341 = CARTESIAN_POINT('',(-100.4014892578,46.075,-3.487632267407));
#7342 = CARTESIAN_POINT('',(-100.2475,46.075,-3.740628686678));
#7343 = CARTESIAN_POINT('',(-100.0109928385,46.075,-3.900132267407));
#7344 = CARTESIAN_POINT('',(-99.71398925781,46.075,-3.97162152522));
#7345 = CARTESIAN_POINT('',(-99.285,46.075,-3.97162152522));
#7346 = CARTESIAN_POINT('',(-98.87799641927,46.075,-3.790132267407));
#7347 = CARTESIAN_POINT('',(-98.60299641927,46.075,-3.460132267407));
#7348 = CARTESIAN_POINT('',(-98.46549641927,46.075,-3.00912152522));
#7349 = CARTESIAN_POINT('',(-98.46549641927,46.075,-2.453625105949));
#7350 = CARTESIAN_POINT('',(-98.625,46.075,-1.980628686678));
#7351 = CARTESIAN_POINT('',(-98.90549641927,46.075,-1.645132267407));
#7352 = CARTESIAN_POINT('',(-99.30148925781,46.075,-1.463625105949));
#7353 = CARTESIAN_POINT('',(-99.835,46.075,-1.463625105949));
#7354 = CARTESIAN_POINT('',(-100.2914892578,46.075,-1.760628686678));
#7355 = CARTESIAN_POINT('',(-100.4345035807,46.075,-2.10162152522));
#7356 = PCURVE('',#4422,#7357);
#7357 = DEFINITIONAL_REPRESENTATION('',(#7358),#7375);
#7358 = B_SPLINE_CURVE_WITH_KNOTS('',2,(#7359,#7360,#7361,#7362,#7363,
    #7364,#7365,#7366,#7367,#7368,#7369,#7370,#7371,#7372,#7373,#7374),
  .UNSPECIFIED.,.F.,.F.,(3,1,1,1,1,1,1,1,1,1,1,1,1,1,3),(0.,1.,2.,3.,4.,
    5.689829366861,7.379658733723,9.069488100584,10.759317467445,
    12.625292492961,14.491267518477,16.357242543993,18.223217569509,
    20.470891266739,22.718564963969),.UNSPECIFIED.);
#7359 = CARTESIAN_POINT('',(0.428989257812,-1.676125105949));
#7360 = CARTESIAN_POINT('',(0.401489257812,-1.857632267407));
#7361 = CARTESIAN_POINT('',(0.2475,-2.110628686678));
#7362 = CARTESIAN_POINT('',(1.099283854166E-02,-2.270132267407));
#7363 = CARTESIAN_POINT('',(-0.286010742188,-2.34162152522));
#7364 = CARTESIAN_POINT('',(-0.715,-2.34162152522));
#7365 = CARTESIAN_POINT('',(-1.122003580729,-2.160132267407));
#7366 = CARTESIAN_POINT('',(-1.397003580729,-1.830132267407));
#7367 = CARTESIAN_POINT('',(-1.534503580729,-1.37912152522));
#7368 = CARTESIAN_POINT('',(-1.534503580729,-0.823625105949));
#7369 = CARTESIAN_POINT('',(-1.375,-0.350628686678));
#7370 = CARTESIAN_POINT('',(-1.094503580729,-1.513226740723E-02));
#7371 = CARTESIAN_POINT('',(-0.698510742188,0.166374894051));
#7372 = CARTESIAN_POINT('',(-0.165,0.166374894051));
#7373 = CARTESIAN_POINT('',(0.291489257812,-0.130628686678));
#7374 = CARTESIAN_POINT('',(0.434503580729,-0.47162152522));
#7375 = ( GEOMETRIC_REPRESENTATION_CONTEXT(2) 
PARAMETRIC_REPRESENTATION_CONTEXT() REPRESENTATION_CONTEXT('2D SPACE',''
  ) );
#7376 = PCURVE('',#7377,#7397);
#7377 = SURFACE_OF_LINEAR_EXTRUSION('',#7378,#7395);
#7378 = B_SPLINE_CURVE_WITH_KNOTS('',2,(#7379,#7380,#7381,#7382,#7383,
    #7384,#7385,#7386,#7387,#7388,#7389,#7390,#7391,#7392,#7393,#7394),
  .UNSPECIFIED.,.F.,.F.,(3,1,1,1,1,1,1,1,1,1,1,1,1,1,3),(0.,1.,2.,3.,4.,
    5.689829366861,7.379658733723,9.069488100584,10.759317467445,
    12.625292492961,14.491267518477,16.357242543993,18.223217569509,
    20.470891266739,22.718564963969),.UNSPECIFIED.);
#7379 = CARTESIAN_POINT('',(-100.4289892578,46.075,-3.306125105949));
#7380 = CARTESIAN_POINT('',(-100.4014892578,46.075,-3.487632267407));
#7381 = CARTESIAN_POINT('',(-100.2475,46.075,-3.740628686678));
#7382 = CARTESIAN_POINT('',(-100.0109928385,46.075,-3.900132267407));
#7383 = CARTESIAN_POINT('',(-99.71398925781,46.075,-3.97162152522));
#7384 = CARTESIAN_POINT('',(-99.285,46.075,-3.97162152522));
#7385 = CARTESIAN_POINT('',(-98.87799641927,46.075,-3.790132267407));
#7386 = CARTESIAN_POINT('',(-98.60299641927,46.075,-3.460132267407));
#7387 = CARTESIAN_POINT('',(-98.46549641927,46.075,-3.00912152522));
#7388 = CARTESIAN_POINT('',(-98.46549641927,46.075,-2.453625105949));
#7389 = CARTESIAN_POINT('',(-98.625,46.075,-1.980628686678));
#7390 = CARTESIAN_POINT('',(-98.90549641927,46.075,-1.645132267407));
#7391 = CARTESIAN_POINT('',(-99.30148925781,46.075,-1.463625105949));
#7392 = CARTESIAN_POINT('',(-99.835,46.075,-1.463625105949));
#7393 = CARTESIAN_POINT('',(-100.2914892578,46.075,-1.760628686678));
#7394 = CARTESIAN_POINT('',(-100.4345035807,46.075,-2.10162152522));
#7395 = VECTOR('',#7396,1.);
#7396 = DIRECTION('',(-0.,-1.,0.));
#7397 = DEFINITIONAL_REPRESENTATION('',(#7398),#7402);
#7398 = LINE('',#7399,#7400);
#7399 = CARTESIAN_POINT('',(0.,0.));
#7400 = VECTOR('',#7401,1.);
#7401 = DIRECTION('',(1.,0.));
#7402 = ( GEOMETRIC_REPRESENTATION_CONTEXT(2) 
PARAMETRIC_REPRESENTATION_CONTEXT() REPRESENTATION_CONTEXT('2D SPACE',''
  ) );
#7403 = FACE_BOUND('',#7404,.T.);
#7404 = EDGE_LOOP('',(#7405,#7435,#7463,#7491,#7519,#7547,#7575,#7603,
    #7631,#7659,#7687,#7715));
#7405 = ORIENTED_EDGE('',*,*,#7406,.T.);
#7406 = EDGE_CURVE('',#7407,#7409,#7411,.T.);
#7407 = VERTEX_POINT('',#7408);
#7408 = CARTESIAN_POINT('',(-104.0829965192,46.075,-0.64412152522));
#7409 = VERTEX_POINT('',#7410);
#7410 = CARTESIAN_POINT('',(-106.4425001,46.075,-0.64412152522));
#7411 = SURFACE_CURVE('',#7412,(#7416,#7423),.PCURVE_S1.);
#7412 = LINE('',#7413,#7414);
#7413 = CARTESIAN_POINT('',(-104.0829965192,46.075,-0.64412152522));
#7414 = VECTOR('',#7415,1.);
#7415 = DIRECTION('',(-1.,0.,0.));
#7416 = PCURVE('',#4422,#7417);
#7417 = DEFINITIONAL_REPRESENTATION('',(#7418),#7422);
#7418 = LINE('',#7419,#7420);
#7419 = CARTESIAN_POINT('',(4.082996519271,0.98587847478));
#7420 = VECTOR('',#7421,1.);
#7421 = DIRECTION('',(1.,0.));
#7422 = ( GEOMETRIC_REPRESENTATION_CONTEXT(2) 
PARAMETRIC_REPRESENTATION_CONTEXT() REPRESENTATION_CONTEXT('2D SPACE',''
  ) );
#7423 = PCURVE('',#7424,#7429);
#7424 = PLANE('',#7425);
#7425 = AXIS2_PLACEMENT_3D('',#7426,#7427,#7428);
#7426 = CARTESIAN_POINT('',(-104.0829965192,46.075,-0.64412152522));
#7427 = DIRECTION('',(0.,0.,1.));
#7428 = DIRECTION('',(-1.,0.,0.));
#7429 = DEFINITIONAL_REPRESENTATION('',(#7430),#7434);
#7430 = LINE('',#7431,#7432);
#7431 = CARTESIAN_POINT('',(0.,0.));
#7432 = VECTOR('',#7433,1.);
#7433 = DIRECTION('',(1.,0.));
#7434 = ( GEOMETRIC_REPRESENTATION_CONTEXT(2) 
PARAMETRIC_REPRESENTATION_CONTEXT() REPRESENTATION_CONTEXT('2D SPACE',''
  ) );
#7435 = ORIENTED_EDGE('',*,*,#7436,.T.);
#7436 = EDGE_CURVE('',#7409,#7437,#7439,.T.);
#7437 = VERTEX_POINT('',#7438);
#7438 = CARTESIAN_POINT('',(-106.4425001,46.075,-1.557117944491));
#7439 = SURFACE_CURVE('',#7440,(#7444,#7451),.PCURVE_S1.);
#7440 = LINE('',#7441,#7442);
#7441 = CARTESIAN_POINT('',(-106.4425001,46.075,-0.64412152522));
#7442 = VECTOR('',#7443,1.);
#7443 = DIRECTION('',(-0.,0.,-1.));
#7444 = PCURVE('',#4422,#7445);
#7445 = DEFINITIONAL_REPRESENTATION('',(#7446),#7450);
#7446 = LINE('',#7447,#7448);
#7447 = CARTESIAN_POINT('',(6.4425001,0.98587847478));
#7448 = VECTOR('',#7449,1.);
#7449 = DIRECTION('',(0.,-1.));
#7450 = ( GEOMETRIC_REPRESENTATION_CONTEXT(2) 
PARAMETRIC_REPRESENTATION_CONTEXT() REPRESENTATION_CONTEXT('2D SPACE',''
  ) );
#7451 = PCURVE('',#7452,#7457);
#7452 = PLANE('',#7453);
#7453 = AXIS2_PLACEMENT_3D('',#7454,#7455,#7456);
#7454 = CARTESIAN_POINT('',(-106.4425001,46.075,-0.64412152522));
#7455 = DIRECTION('',(-1.,0.,0.));
#7456 = DIRECTION('',(0.,0.,-1.));
#7457 = DEFINITIONAL_REPRESENTATION('',(#7458),#7462);
#7458 = LINE('',#7459,#7460);
#7459 = CARTESIAN_POINT('',(0.,-0.));
#7460 = VECTOR('',#7461,1.);
#7461 = DIRECTION('',(1.,0.));
#7462 = ( GEOMETRIC_REPRESENTATION_CONTEXT(2) 
PARAMETRIC_REPRESENTATION_CONTEXT() REPRESENTATION_CONTEXT('2D SPACE',''
  ) );
#7463 = ORIENTED_EDGE('',*,*,#7464,.T.);
#7464 = EDGE_CURVE('',#7437,#7465,#7467,.T.);
#7465 = VERTEX_POINT('',#7466);
#7466 = CARTESIAN_POINT('',(-105.1609929385,46.075,-1.557117944491));
#7467 = SURFACE_CURVE('',#7468,(#7472,#7479),.PCURVE_S1.);
#7468 = LINE('',#7469,#7470);
#7469 = CARTESIAN_POINT('',(-106.4425001,46.075,-1.557117944491));
#7470 = VECTOR('',#7471,1.);
#7471 = DIRECTION('',(1.,0.,0.));
#7472 = PCURVE('',#4422,#7473);
#7473 = DEFINITIONAL_REPRESENTATION('',(#7474),#7478);
#7474 = LINE('',#7475,#7476);
#7475 = CARTESIAN_POINT('',(6.4425001,7.288205550944E-02));
#7476 = VECTOR('',#7477,1.);
#7477 = DIRECTION('',(-1.,0.));
#7478 = ( GEOMETRIC_REPRESENTATION_CONTEXT(2) 
PARAMETRIC_REPRESENTATION_CONTEXT() REPRESENTATION_CONTEXT('2D SPACE',''
  ) );
#7479 = PCURVE('',#7480,#7485);
#7480 = PLANE('',#7481);
#7481 = AXIS2_PLACEMENT_3D('',#7482,#7483,#7484);
#7482 = CARTESIAN_POINT('',(-106.4425001,46.075,-1.557117944491));
#7483 = DIRECTION('',(0.,-0.,-1.));
#7484 = DIRECTION('',(1.,0.,0.));
#7485 = DEFINITIONAL_REPRESENTATION('',(#7486),#7490);
#7486 = LINE('',#7487,#7488);
#7487 = CARTESIAN_POINT('',(0.,0.));
#7488 = VECTOR('',#7489,1.);
#7489 = DIRECTION('',(1.,0.));
#7490 = ( GEOMETRIC_REPRESENTATION_CONTEXT(2) 
PARAMETRIC_REPRESENTATION_CONTEXT() REPRESENTATION_CONTEXT('2D SPACE',''
  ) );
#7491 = ORIENTED_EDGE('',*,*,#7492,.T.);
#7492 = EDGE_CURVE('',#7465,#7493,#7495,.T.);
#7493 = VERTEX_POINT('',#7494);
#7494 = CARTESIAN_POINT('',(-105.1609929385,46.075,-2.250132267407));
#7495 = SURFACE_CURVE('',#7496,(#7500,#7507),.PCURVE_S1.);
#7496 = LINE('',#7497,#7498);
#7497 = CARTESIAN_POINT('',(-105.1609929385,46.075,-1.557117944491));
#7498 = VECTOR('',#7499,1.);
#7499 = DIRECTION('',(-0.,0.,-1.));
#7500 = PCURVE('',#4422,#7501);
#7501 = DEFINITIONAL_REPRESENTATION('',(#7502),#7506);
#7502 = LINE('',#7503,#7504);
#7503 = CARTESIAN_POINT('',(5.160992938542,7.288205550944E-02));
#7504 = VECTOR('',#7505,1.);
#7505 = DIRECTION('',(0.,-1.));
#7506 = ( GEOMETRIC_REPRESENTATION_CONTEXT(2) 
PARAMETRIC_REPRESENTATION_CONTEXT() REPRESENTATION_CONTEXT('2D SPACE',''
  ) );
#7507 = PCURVE('',#7508,#7513);
#7508 = PLANE('',#7509);
#7509 = AXIS2_PLACEMENT_3D('',#7510,#7511,#7512);
#7510 = CARTESIAN_POINT('',(-105.1609929385,46.075,-1.557117944491));
#7511 = DIRECTION('',(-1.,0.,0.));
#7512 = DIRECTION('',(0.,0.,-1.));
#7513 = DEFINITIONAL_REPRESENTATION('',(#7514),#7518);
#7514 = LINE('',#7515,#7516);
#7515 = CARTESIAN_POINT('',(0.,-0.));
#7516 = VECTOR('',#7517,1.);
#7517 = DIRECTION('',(1.,0.));
#7518 = ( GEOMETRIC_REPRESENTATION_CONTEXT(2) 
PARAMETRIC_REPRESENTATION_CONTEXT() REPRESENTATION_CONTEXT('2D SPACE',''
  ) );
#7519 = ORIENTED_EDGE('',*,*,#7520,.T.);
#7520 = EDGE_CURVE('',#7493,#7521,#7523,.T.);
#7521 = VERTEX_POINT('',#7522);
#7522 = CARTESIAN_POINT('',(-106.3709929385,46.075,-2.250132267407));
#7523 = SURFACE_CURVE('',#7524,(#7528,#7535),.PCURVE_S1.);
#7524 = LINE('',#7525,#7526);
#7525 = CARTESIAN_POINT('',(-105.1609929385,46.075,-2.250132267407));
#7526 = VECTOR('',#7527,1.);
#7527 = DIRECTION('',(-1.,0.,0.));
#7528 = PCURVE('',#4422,#7529);
#7529 = DEFINITIONAL_REPRESENTATION('',(#7530),#7534);
#7530 = LINE('',#7531,#7532);
#7531 = CARTESIAN_POINT('',(5.160992938542,-0.620132267407));
#7532 = VECTOR('',#7533,1.);
#7533 = DIRECTION('',(1.,0.));
#7534 = ( GEOMETRIC_REPRESENTATION_CONTEXT(2) 
PARAMETRIC_REPRESENTATION_CONTEXT() REPRESENTATION_CONTEXT('2D SPACE',''
  ) );
#7535 = PCURVE('',#7536,#7541);
#7536 = PLANE('',#7537);
#7537 = AXIS2_PLACEMENT_3D('',#7538,#7539,#7540);
#7538 = CARTESIAN_POINT('',(-105.1609929385,46.075,-2.250132267407));
#7539 = DIRECTION('',(0.,0.,1.));
#7540 = DIRECTION('',(-1.,0.,0.));
#7541 = DEFINITIONAL_REPRESENTATION('',(#7542),#7546);
#7542 = LINE('',#7543,#7544);
#7543 = CARTESIAN_POINT('',(0.,0.));
#7544 = VECTOR('',#7545,1.);
#7545 = DIRECTION('',(1.,0.));
#7546 = ( GEOMETRIC_REPRESENTATION_CONTEXT(2) 
PARAMETRIC_REPRESENTATION_CONTEXT() REPRESENTATION_CONTEXT('2D SPACE',''
  ) );
#7547 = ORIENTED_EDGE('',*,*,#7548,.T.);
#7548 = EDGE_CURVE('',#7521,#7549,#7551,.T.);
#7549 = VERTEX_POINT('',#7550);
#7550 = CARTESIAN_POINT('',(-106.3709929385,46.075,-3.163128686678));
#7551 = SURFACE_CURVE('',#7552,(#7556,#7563),.PCURVE_S1.);
#7552 = LINE('',#7553,#7554);
#7553 = CARTESIAN_POINT('',(-106.3709929385,46.075,-2.250132267407));
#7554 = VECTOR('',#7555,1.);
#7555 = DIRECTION('',(-0.,0.,-1.));
#7556 = PCURVE('',#4422,#7557);
#7557 = DEFINITIONAL_REPRESENTATION('',(#7558),#7562);
#7558 = LINE('',#7559,#7560);
#7559 = CARTESIAN_POINT('',(6.370992938542,-0.620132267407));
#7560 = VECTOR('',#7561,1.);
#7561 = DIRECTION('',(0.,-1.));
#7562 = ( GEOMETRIC_REPRESENTATION_CONTEXT(2) 
PARAMETRIC_REPRESENTATION_CONTEXT() REPRESENTATION_CONTEXT('2D SPACE',''
  ) );
#7563 = PCURVE('',#7564,#7569);
#7564 = PLANE('',#7565);
#7565 = AXIS2_PLACEMENT_3D('',#7566,#7567,#7568);
#7566 = CARTESIAN_POINT('',(-106.3709929385,46.075,-2.250132267407));
#7567 = DIRECTION('',(-1.,0.,0.));
#7568 = DIRECTION('',(0.,0.,-1.));
#7569 = DEFINITIONAL_REPRESENTATION('',(#7570),#7574);
#7570 = LINE('',#7571,#7572);
#7571 = CARTESIAN_POINT('',(0.,-0.));
#7572 = VECTOR('',#7573,1.);
#7573 = DIRECTION('',(1.,0.));
#7574 = ( GEOMETRIC_REPRESENTATION_CONTEXT(2) 
PARAMETRIC_REPRESENTATION_CONTEXT() REPRESENTATION_CONTEXT('2D SPACE',''
  ) );
#7575 = ORIENTED_EDGE('',*,*,#7576,.T.);
#7576 = EDGE_CURVE('',#7549,#7577,#7579,.T.);
#7577 = VERTEX_POINT('',#7578);
#7578 = CARTESIAN_POINT('',(-105.1609929385,46.075,-3.163128686678));
#7579 = SURFACE_CURVE('',#7580,(#7584,#7591),.PCURVE_S1.);
#7580 = LINE('',#7581,#7582);
#7581 = CARTESIAN_POINT('',(-106.3709929385,46.075,-3.163128686678));
#7582 = VECTOR('',#7583,1.);
#7583 = DIRECTION('',(1.,0.,0.));
#7584 = PCURVE('',#4422,#7585);
#7585 = DEFINITIONAL_REPRESENTATION('',(#7586),#7590);
#7586 = LINE('',#7587,#7588);
#7587 = CARTESIAN_POINT('',(6.370992938542,-1.533128686678));
#7588 = VECTOR('',#7589,1.);
#7589 = DIRECTION('',(-1.,0.));
#7590 = ( GEOMETRIC_REPRESENTATION_CONTEXT(2) 
PARAMETRIC_REPRESENTATION_CONTEXT() REPRESENTATION_CONTEXT('2D SPACE',''
  ) );
#7591 = PCURVE('',#7592,#7597);
#7592 = PLANE('',#7593);
#7593 = AXIS2_PLACEMENT_3D('',#7594,#7595,#7596);
#7594 = CARTESIAN_POINT('',(-106.3709929385,46.075,-3.163128686678));
#7595 = DIRECTION('',(0.,-0.,-1.));
#7596 = DIRECTION('',(1.,0.,0.));
#7597 = DEFINITIONAL_REPRESENTATION('',(#7598),#7602);
#7598 = LINE('',#7599,#7600);
#7599 = CARTESIAN_POINT('',(0.,0.));
#7600 = VECTOR('',#7601,1.);
#7601 = DIRECTION('',(1.,0.));
#7602 = ( GEOMETRIC_REPRESENTATION_CONTEXT(2) 
PARAMETRIC_REPRESENTATION_CONTEXT() REPRESENTATION_CONTEXT('2D SPACE',''
  ) );
#7603 = ORIENTED_EDGE('',*,*,#7604,.T.);
#7604 = EDGE_CURVE('',#7577,#7605,#7607,.T.);
#7605 = VERTEX_POINT('',#7606);
#7606 = CARTESIAN_POINT('',(-105.1609929385,46.075,-3.878128686678));
#7607 = SURFACE_CURVE('',#7608,(#7612,#7619),.PCURVE_S1.);
#7608 = LINE('',#7609,#7610);
#7609 = CARTESIAN_POINT('',(-105.1609929385,46.075,-3.163128686678));
#7610 = VECTOR('',#7611,1.);
#7611 = DIRECTION('',(-0.,0.,-1.));
#7612 = PCURVE('',#4422,#7613);
#7613 = DEFINITIONAL_REPRESENTATION('',(#7614),#7618);
#7614 = LINE('',#7615,#7616);
#7615 = CARTESIAN_POINT('',(5.160992938542,-1.533128686678));
#7616 = VECTOR('',#7617,1.);
#7617 = DIRECTION('',(0.,-1.));
#7618 = ( GEOMETRIC_REPRESENTATION_CONTEXT(2) 
PARAMETRIC_REPRESENTATION_CONTEXT() REPRESENTATION_CONTEXT('2D SPACE',''
  ) );
#7619 = PCURVE('',#7620,#7625);
#7620 = PLANE('',#7621);
#7621 = AXIS2_PLACEMENT_3D('',#7622,#7623,#7624);
#7622 = CARTESIAN_POINT('',(-105.1609929385,46.075,-3.163128686678));
#7623 = DIRECTION('',(-1.,0.,0.));
#7624 = DIRECTION('',(0.,0.,-1.));
#7625 = DEFINITIONAL_REPRESENTATION('',(#7626),#7630);
#7626 = LINE('',#7627,#7628);
#7627 = CARTESIAN_POINT('',(0.,-0.));
#7628 = VECTOR('',#7629,1.);
#7629 = DIRECTION('',(1.,0.));
#7630 = ( GEOMETRIC_REPRESENTATION_CONTEXT(2) 
PARAMETRIC_REPRESENTATION_CONTEXT() REPRESENTATION_CONTEXT('2D SPACE',''
  ) );
#7631 = ORIENTED_EDGE('',*,*,#7632,.T.);
#7632 = EDGE_CURVE('',#7605,#7633,#7635,.T.);
#7633 = VERTEX_POINT('',#7634);
#7634 = CARTESIAN_POINT('',(-106.4425001,46.075,-3.878128686678));
#7635 = SURFACE_CURVE('',#7636,(#7640,#7647),.PCURVE_S1.);
#7636 = LINE('',#7637,#7638);
#7637 = CARTESIAN_POINT('',(-105.1609929385,46.075,-3.878128686678));
#7638 = VECTOR('',#7639,1.);
#7639 = DIRECTION('',(-1.,0.,0.));
#7640 = PCURVE('',#4422,#7641);
#7641 = DEFINITIONAL_REPRESENTATION('',(#7642),#7646);
#7642 = LINE('',#7643,#7644);
#7643 = CARTESIAN_POINT('',(5.160992938542,-2.248128686678));
#7644 = VECTOR('',#7645,1.);
#7645 = DIRECTION('',(1.,0.));
#7646 = ( GEOMETRIC_REPRESENTATION_CONTEXT(2) 
PARAMETRIC_REPRESENTATION_CONTEXT() REPRESENTATION_CONTEXT('2D SPACE',''
  ) );
#7647 = PCURVE('',#7648,#7653);
#7648 = PLANE('',#7649);
#7649 = AXIS2_PLACEMENT_3D('',#7650,#7651,#7652);
#7650 = CARTESIAN_POINT('',(-105.1609929385,46.075,-3.878128686678));
#7651 = DIRECTION('',(0.,0.,1.));
#7652 = DIRECTION('',(-1.,0.,0.));
#7653 = DEFINITIONAL_REPRESENTATION('',(#7654),#7658);
#7654 = LINE('',#7655,#7656);
#7655 = CARTESIAN_POINT('',(0.,0.));
#7656 = VECTOR('',#7657,1.);
#7657 = DIRECTION('',(1.,0.));
#7658 = ( GEOMETRIC_REPRESENTATION_CONTEXT(2) 
PARAMETRIC_REPRESENTATION_CONTEXT() REPRESENTATION_CONTEXT('2D SPACE',''
  ) );
#7659 = ORIENTED_EDGE('',*,*,#7660,.T.);
#7660 = EDGE_CURVE('',#7633,#7661,#7663,.T.);
#7661 = VERTEX_POINT('',#7662);
#7662 = CARTESIAN_POINT('',(-106.4425001,46.075,-4.791125105949));
#7663 = SURFACE_CURVE('',#7664,(#7668,#7675),.PCURVE_S1.);
#7664 = LINE('',#7665,#7666);
#7665 = CARTESIAN_POINT('',(-106.4425001,46.075,-3.878128686678));
#7666 = VECTOR('',#7667,1.);
#7667 = DIRECTION('',(-0.,0.,-1.));
#7668 = PCURVE('',#4422,#7669);
#7669 = DEFINITIONAL_REPRESENTATION('',(#7670),#7674);
#7670 = LINE('',#7671,#7672);
#7671 = CARTESIAN_POINT('',(6.4425001,-2.248128686678));
#7672 = VECTOR('',#7673,1.);
#7673 = DIRECTION('',(0.,-1.));
#7674 = ( GEOMETRIC_REPRESENTATION_CONTEXT(2) 
PARAMETRIC_REPRESENTATION_CONTEXT() REPRESENTATION_CONTEXT('2D SPACE',''
  ) );
#7675 = PCURVE('',#7676,#7681);
#7676 = PLANE('',#7677);
#7677 = AXIS2_PLACEMENT_3D('',#7678,#7679,#7680);
#7678 = CARTESIAN_POINT('',(-106.4425001,46.075,-3.878128686678));
#7679 = DIRECTION('',(-1.,0.,0.));
#7680 = DIRECTION('',(0.,0.,-1.));
#7681 = DEFINITIONAL_REPRESENTATION('',(#7682),#7686);
#7682 = LINE('',#7683,#7684);
#7683 = CARTESIAN_POINT('',(0.,-0.));
#7684 = VECTOR('',#7685,1.);
#7685 = DIRECTION('',(1.,0.));
#7686 = ( GEOMETRIC_REPRESENTATION_CONTEXT(2) 
PARAMETRIC_REPRESENTATION_CONTEXT() REPRESENTATION_CONTEXT('2D SPACE',''
  ) );
#7687 = ORIENTED_EDGE('',*,*,#7688,.T.);
#7688 = EDGE_CURVE('',#7661,#7689,#7691,.T.);
#7689 = VERTEX_POINT('',#7690);
#7690 = CARTESIAN_POINT('',(-104.0829965192,46.075,-4.791125105949));
#7691 = SURFACE_CURVE('',#7692,(#7696,#7703),.PCURVE_S1.);
#7692 = LINE('',#7693,#7694);
#7693 = CARTESIAN_POINT('',(-106.4425001,46.075,-4.791125105949));
#7694 = VECTOR('',#7695,1.);
#7695 = DIRECTION('',(1.,0.,0.));
#7696 = PCURVE('',#4422,#7697);
#7697 = DEFINITIONAL_REPRESENTATION('',(#7698),#7702);
#7698 = LINE('',#7699,#7700);
#7699 = CARTESIAN_POINT('',(6.4425001,-3.161125105949));
#7700 = VECTOR('',#7701,1.);
#7701 = DIRECTION('',(-1.,0.));
#7702 = ( GEOMETRIC_REPRESENTATION_CONTEXT(2) 
PARAMETRIC_REPRESENTATION_CONTEXT() REPRESENTATION_CONTEXT('2D SPACE',''
  ) );
#7703 = PCURVE('',#7704,#7709);
#7704 = PLANE('',#7705);
#7705 = AXIS2_PLACEMENT_3D('',#7706,#7707,#7708);
#7706 = CARTESIAN_POINT('',(-106.4425001,46.075,-4.791125105949));
#7707 = DIRECTION('',(0.,-0.,-1.));
#7708 = DIRECTION('',(1.,0.,0.));
#7709 = DEFINITIONAL_REPRESENTATION('',(#7710),#7714);
#7710 = LINE('',#7711,#7712);
#7711 = CARTESIAN_POINT('',(0.,0.));
#7712 = VECTOR('',#7713,1.);
#7713 = DIRECTION('',(1.,0.));
#7714 = ( GEOMETRIC_REPRESENTATION_CONTEXT(2) 
PARAMETRIC_REPRESENTATION_CONTEXT() REPRESENTATION_CONTEXT('2D SPACE',''
  ) );
#7715 = ORIENTED_EDGE('',*,*,#7716,.T.);
#7716 = EDGE_CURVE('',#7689,#7407,#7717,.T.);
#7717 = SURFACE_CURVE('',#7718,(#7722,#7729),.PCURVE_S1.);
#7718 = LINE('',#7719,#7720);
#7719 = CARTESIAN_POINT('',(-104.0829965192,46.075,-4.791125105949));
#7720 = VECTOR('',#7721,1.);
#7721 = DIRECTION('',(0.,0.,1.));
#7722 = PCURVE('',#4422,#7723);
#7723 = DEFINITIONAL_REPRESENTATION('',(#7724),#7728);
#7724 = LINE('',#7725,#7726);
#7725 = CARTESIAN_POINT('',(4.082996519271,-3.161125105949));
#7726 = VECTOR('',#7727,1.);
#7727 = DIRECTION('',(0.,1.));
#7728 = ( GEOMETRIC_REPRESENTATION_CONTEXT(2) 
PARAMETRIC_REPRESENTATION_CONTEXT() REPRESENTATION_CONTEXT('2D SPACE',''
  ) );
#7729 = PCURVE('',#7730,#7735);
#7730 = PLANE('',#7731);
#7731 = AXIS2_PLACEMENT_3D('',#7732,#7733,#7734);
#7732 = CARTESIAN_POINT('',(-104.0829965192,46.075,-4.791125105949));
#7733 = DIRECTION('',(1.,-0.,0.));
#7734 = DIRECTION('',(0.,0.,1.));
#7735 = DEFINITIONAL_REPRESENTATION('',(#7736),#7740);
#7736 = LINE('',#7737,#7738);
#7737 = CARTESIAN_POINT('',(0.,0.));
#7738 = VECTOR('',#7739,1.);
#7739 = DIRECTION('',(1.,0.));
#7740 = ( GEOMETRIC_REPRESENTATION_CONTEXT(2) 
PARAMETRIC_REPRESENTATION_CONTEXT() REPRESENTATION_CONTEXT('2D SPACE',''
  ) );
#7741 = FACE_BOUND('',#7742,.T.);
#7742 = EDGE_LOOP('',(#7743));
#7743 = ORIENTED_EDGE('',*,*,#7744,.F.);
#7744 = EDGE_CURVE('',#7745,#7745,#7747,.T.);
#7745 = VERTEX_POINT('',#7746);
#7746 = CARTESIAN_POINT('',(-108.8425002,46.075,-2.717632267407));
#7747 = SURFACE_CURVE('',#7748,(#7767,#7789),.PCURVE_S1.);
#7748 = B_SPLINE_CURVE_WITH_KNOTS('',2,(#7749,#7750,#7751,#7752,#7753,
    #7754,#7755,#7756,#7757,#7758,#7759,#7760,#7761,#7762,#7763,#7764,
    #7765,#7766),.UNSPECIFIED.,.T.,.F.,(3,1,1,1,1,1,1,1,1,1,1,1,1,1,1,1,
    3),(0.,1.,2.,3.,4.,4.989172740783,5.978345481565,6.967518222348,
    7.956690963131,8.945902037999,9.935113112867,10.924324187735,
    11.913535262603,12.913574016285,13.913612769966,14.913651523648,
    15.91369027733),.UNSPECIFIED.);
#7749 = CARTESIAN_POINT('',(-108.8425002,46.075,-2.717632267407));
#7750 = CARTESIAN_POINT('',(-108.8425002,46.075,-3.179617944491));
#7751 = CARTESIAN_POINT('',(-109.1834930385,46.075,-3.977117944491));
#7752 = CARTESIAN_POINT('',(-109.7884930385,46.075,-4.571125105949));
#7753 = CARTESIAN_POINT('',(-110.6300002,46.075,-4.90662152522));
#7754 = CARTESIAN_POINT('',(-111.6365073614,46.075,-4.90662152522));
#7755 = CARTESIAN_POINT('',(-112.4834930385,46.075,-4.571125105949));
#7756 = CARTESIAN_POINT('',(-113.0940073614,46.075,-3.977117944491));
#7757 = CARTESIAN_POINT('',(-113.4350002,46.075,-3.179617944491));
#7758 = CARTESIAN_POINT('',(-113.4350002,46.075,-2.255628686678));
#7759 = CARTESIAN_POINT('',(-113.0940073614,46.075,-1.458128686678));
#7760 = CARTESIAN_POINT('',(-112.4834930385,46.075,-0.86412152522));
#7761 = CARTESIAN_POINT('',(-111.6365073614,46.075,-0.528625105949));
#7762 = CARTESIAN_POINT('',(-110.6300002,46.075,-0.528625105949));
#7763 = CARTESIAN_POINT('',(-109.7884930385,46.075,-0.86412152522));
#7764 = CARTESIAN_POINT('',(-109.1834930385,46.075,-1.458128686678));
#7765 = CARTESIAN_POINT('',(-108.8425002,46.075,-2.255628686678));
#7766 = CARTESIAN_POINT('',(-108.8425002,46.075,-2.717632267407));
#7767 = PCURVE('',#4422,#7768);
#7768 = DEFINITIONAL_REPRESENTATION('',(#7769),#7788);
#7769 = B_SPLINE_CURVE_WITH_KNOTS('',2,(#7770,#7771,#7772,#7773,#7774,
    #7775,#7776,#7777,#7778,#7779,#7780,#7781,#7782,#7783,#7784,#7785,
    #7786,#7787),.UNSPECIFIED.,.T.,.F.,(3,1,1,1,1,1,1,1,1,1,1,1,1,1,1,1,
    3),(0.,1.,2.,3.,4.,4.989172740783,5.978345481565,6.967518222348,
    7.956690963131,8.945902037999,9.935113112867,10.924324187735,
    11.913535262603,12.913574016285,13.913612769966,14.913651523648,
    15.91369027733),.UNSPECIFIED.);
#7770 = CARTESIAN_POINT('',(8.8425002,-1.087632267407));
#7771 = CARTESIAN_POINT('',(8.8425002,-1.549617944491));
#7772 = CARTESIAN_POINT('',(9.183493038542,-2.347117944491));
#7773 = CARTESIAN_POINT('',(9.788493038542,-2.941125105949));
#7774 = CARTESIAN_POINT('',(10.6300002,-3.27662152522));
#7775 = CARTESIAN_POINT('',(11.636507361458,-3.27662152522));
#7776 = CARTESIAN_POINT('',(12.483493038542,-2.941125105949));
#7777 = CARTESIAN_POINT('',(13.094007361458,-2.347117944491));
#7778 = CARTESIAN_POINT('',(13.4350002,-1.549617944491));
#7779 = CARTESIAN_POINT('',(13.4350002,-0.625628686678));
#7780 = CARTESIAN_POINT('',(13.094007361458,0.171871313322));
#7781 = CARTESIAN_POINT('',(12.483493038542,0.76587847478));
#7782 = CARTESIAN_POINT('',(11.636507361458,1.101374894051));
#7783 = CARTESIAN_POINT('',(10.6300002,1.101374894051));
#7784 = CARTESIAN_POINT('',(9.788493038542,0.76587847478));
#7785 = CARTESIAN_POINT('',(9.183493038542,0.171871313322));
#7786 = CARTESIAN_POINT('',(8.8425002,-0.625628686678));
#7787 = CARTESIAN_POINT('',(8.8425002,-1.087632267407));
#7788 = ( GEOMETRIC_REPRESENTATION_CONTEXT(2) 
PARAMETRIC_REPRESENTATION_CONTEXT() REPRESENTATION_CONTEXT('2D SPACE',''
  ) );
#7789 = PCURVE('',#7790,#7812);
#7790 = SURFACE_OF_LINEAR_EXTRUSION('',#7791,#7810);
#7791 = B_SPLINE_CURVE_WITH_KNOTS('',2,(#7792,#7793,#7794,#7795,#7796,
    #7797,#7798,#7799,#7800,#7801,#7802,#7803,#7804,#7805,#7806,#7807,
    #7808,#7809),.UNSPECIFIED.,.T.,.F.,(3,1,1,1,1,1,1,1,1,1,1,1,1,1,1,1,
    3),(0.,1.,2.,3.,4.,4.989172740783,5.978345481565,6.967518222348,
    7.956690963131,8.945902037999,9.935113112867,10.924324187735,
    11.913535262603,12.913574016285,13.913612769966,14.913651523648,
    15.91369027733),.UNSPECIFIED.);
#7792 = CARTESIAN_POINT('',(-108.8425002,46.075,-2.717632267407));
#7793 = CARTESIAN_POINT('',(-108.8425002,46.075,-3.179617944491));
#7794 = CARTESIAN_POINT('',(-109.1834930385,46.075,-3.977117944491));
#7795 = CARTESIAN_POINT('',(-109.7884930385,46.075,-4.571125105949));
#7796 = CARTESIAN_POINT('',(-110.6300002,46.075,-4.90662152522));
#7797 = CARTESIAN_POINT('',(-111.6365073614,46.075,-4.90662152522));
#7798 = CARTESIAN_POINT('',(-112.4834930385,46.075,-4.571125105949));
#7799 = CARTESIAN_POINT('',(-113.0940073614,46.075,-3.977117944491));
#7800 = CARTESIAN_POINT('',(-113.4350002,46.075,-3.179617944491));
#7801 = CARTESIAN_POINT('',(-113.4350002,46.075,-2.255628686678));
#7802 = CARTESIAN_POINT('',(-113.0940073614,46.075,-1.458128686678));
#7803 = CARTESIAN_POINT('',(-112.4834930385,46.075,-0.86412152522));
#7804 = CARTESIAN_POINT('',(-111.6365073614,46.075,-0.528625105949));
#7805 = CARTESIAN_POINT('',(-110.6300002,46.075,-0.528625105949));
#7806 = CARTESIAN_POINT('',(-109.7884930385,46.075,-0.86412152522));
#7807 = CARTESIAN_POINT('',(-109.1834930385,46.075,-1.458128686678));
#7808 = CARTESIAN_POINT('',(-108.8425002,46.075,-2.255628686678));
#7809 = CARTESIAN_POINT('',(-108.8425002,46.075,-2.717632267407));
#7810 = VECTOR('',#7811,1.);
#7811 = DIRECTION('',(-0.,-1.,0.));
#7812 = DEFINITIONAL_REPRESENTATION('',(#7813),#7817);
#7813 = LINE('',#7814,#7815);
#7814 = CARTESIAN_POINT('',(0.,0.));
#7815 = VECTOR('',#7816,1.);
#7816 = DIRECTION('',(1.,0.));
#7817 = ( GEOMETRIC_REPRESENTATION_CONTEXT(2) 
PARAMETRIC_REPRESENTATION_CONTEXT() REPRESENTATION_CONTEXT('2D SPACE',''
  ) );
#7818 = FACE_BOUND('',#7819,.T.);
#7819 = EDGE_LOOP('',(#7820));
#7820 = ORIENTED_EDGE('',*,*,#7821,.F.);
#7821 = EDGE_CURVE('',#7822,#7822,#7824,.T.);
#7822 = VERTEX_POINT('',#7823);
#7823 = CARTESIAN_POINT('',(-118.3350003,46.075,-1.63));
#7824 = SURFACE_CURVE('',#7825,(#7830,#7837),.PCURVE_S1.);
#7825 = CIRCLE('',#7826,0.65);
#7826 = AXIS2_PLACEMENT_3D('',#7827,#7828,#7829);
#7827 = CARTESIAN_POINT('',(-117.6850003,46.075,-1.63));
#7828 = DIRECTION('',(0.,1.,-0.));
#7829 = DIRECTION('',(-1.,0.,0.));
#7830 = PCURVE('',#4422,#7831);
#7831 = DEFINITIONAL_REPRESENTATION('',(#7832),#7836);
#7832 = CIRCLE('',#7833,0.65);
#7833 = AXIS2_PLACEMENT_2D('',#7834,#7835);
#7834 = CARTESIAN_POINT('',(17.6850003,0.));
#7835 = DIRECTION('',(1.,0.));
#7836 = ( GEOMETRIC_REPRESENTATION_CONTEXT(2) 
PARAMETRIC_REPRESENTATION_CONTEXT() REPRESENTATION_CONTEXT('2D SPACE',''
  ) );
#7837 = PCURVE('',#7838,#7843);
#7838 = CYLINDRICAL_SURFACE('',#7839,0.65);
#7839 = AXIS2_PLACEMENT_3D('',#7840,#7841,#7842);
#7840 = CARTESIAN_POINT('',(-117.6850003,46.075,-1.63));
#7841 = DIRECTION('',(-0.,-1.,0.));
#7842 = DIRECTION('',(-1.,0.,0.));
#7843 = DEFINITIONAL_REPRESENTATION('',(#7844),#7848);
#7844 = LINE('',#7845,#7846);
#7845 = CARTESIAN_POINT('',(-0.,0.));
#7846 = VECTOR('',#7847,1.);
#7847 = DIRECTION('',(-1.,0.));
#7848 = ( GEOMETRIC_REPRESENTATION_CONTEXT(2) 
PARAMETRIC_REPRESENTATION_CONTEXT() REPRESENTATION_CONTEXT('2D SPACE',''
  ) );
#7849 = ADVANCED_FACE('',(#7850),#4908,.F.);
#7850 = FACE_BOUND('',#7851,.F.);
#7851 = EDGE_LOOP('',(#7852,#7853,#7854,#7855));
#7852 = ORIENTED_EDGE('',*,*,#4942,.T.);
#7853 = ORIENTED_EDGE('',*,*,#5214,.T.);
#7854 = ORIENTED_EDGE('',*,*,#5824,.F.);
#7855 = ORIENTED_EDGE('',*,*,#4885,.F.);
#7856 = ADVANCED_FACE('',(#7857),#4871,.T.);
#7857 = FACE_BOUND('',#7858,.F.);
#7858 = EDGE_LOOP('',(#7859,#7860,#7861,#7862));
#7859 = ORIENTED_EDGE('',*,*,#5940,.F.);
#7860 = ORIENTED_EDGE('',*,*,#6024,.T.);
#7861 = ORIENTED_EDGE('',*,*,#4997,.T.);
#7862 = ORIENTED_EDGE('',*,*,#4856,.F.);
#7863 = ADVANCED_FACE('',(#7864),#5265,.T.);
#7864 = FACE_BOUND('',#7865,.T.);
#7865 = EDGE_LOOP('',(#7866));
#7866 = ORIENTED_EDGE('',*,*,#5248,.T.);
#7867 = ADVANCED_FACE('',(#7868,#7871),#5320,.T.);
#7868 = FACE_BOUND('',#7869,.T.);
#7869 = EDGE_LOOP('',(#7870));
#7870 = ORIENTED_EDGE('',*,*,#5303,.T.);
#7871 = FACE_BOUND('',#7872,.T.);
#7872 = EDGE_LOOP('',(#7873));
#7873 = ORIENTED_EDGE('',*,*,#7874,.F.);
#7874 = EDGE_CURVE('',#7875,#7875,#7877,.T.);
#7875 = VERTEX_POINT('',#7876);
#7876 = CARTESIAN_POINT('',(-122.625,-19.05,0.));
#7877 = SURFACE_CURVE('',#7878,(#7883,#7890),.PCURVE_S1.);
#7878 = CIRCLE('',#7879,1.2);
#7879 = AXIS2_PLACEMENT_3D('',#7880,#7881,#7882);
#7880 = CARTESIAN_POINT('',(-123.825,-19.05,0.));
#7881 = DIRECTION('',(0.,0.,1.));
#7882 = DIRECTION('',(1.,0.,-0.));
#7883 = PCURVE('',#5320,#7884);
#7884 = DEFINITIONAL_REPRESENTATION('',(#7885),#7889);
#7885 = CIRCLE('',#7886,1.2);
#7886 = AXIS2_PLACEMENT_2D('',#7887,#7888);
#7887 = CARTESIAN_POINT('',(0.,0.));
#7888 = DIRECTION('',(1.,0.));
#7889 = ( GEOMETRIC_REPRESENTATION_CONTEXT(2) 
PARAMETRIC_REPRESENTATION_CONTEXT() REPRESENTATION_CONTEXT('2D SPACE',''
  ) );
#7890 = PCURVE('',#7891,#7896);
#7891 = CYLINDRICAL_SURFACE('',#7892,1.2);
#7892 = AXIS2_PLACEMENT_3D('',#7893,#7894,#7895);
#7893 = CARTESIAN_POINT('',(-123.825,-19.05,-9.));
#7894 = DIRECTION('',(0.,0.,1.));
#7895 = DIRECTION('',(1.,0.,-0.));
#7896 = DEFINITIONAL_REPRESENTATION('',(#7897),#7901);
#7897 = LINE('',#7898,#7899);
#7898 = CARTESIAN_POINT('',(0.,9.));
#7899 = VECTOR('',#7900,1.);
#7900 = DIRECTION('',(1.,0.));
#7901 = ( GEOMETRIC_REPRESENTATION_CONTEXT(2) 
PARAMETRIC_REPRESENTATION_CONTEXT() REPRESENTATION_CONTEXT('2D SPACE',''
  ) );
#7902 = ADVANCED_FACE('',(#7903,#7906),#5375,.T.);
#7903 = FACE_BOUND('',#7904,.T.);
#7904 = EDGE_LOOP('',(#7905));
#7905 = ORIENTED_EDGE('',*,*,#5358,.T.);
#7906 = FACE_BOUND('',#7907,.T.);
#7907 = EDGE_LOOP('',(#7908));
#7908 = ORIENTED_EDGE('',*,*,#7909,.F.);
#7909 = EDGE_CURVE('',#7910,#7910,#7912,.T.);
#7910 = VERTEX_POINT('',#7911);
#7911 = CARTESIAN_POINT('',(-46.425,-19.05,0.));
#7912 = SURFACE_CURVE('',#7913,(#7918,#7925),.PCURVE_S1.);
#7913 = CIRCLE('',#7914,1.2);
#7914 = AXIS2_PLACEMENT_3D('',#7915,#7916,#7917);
#7915 = CARTESIAN_POINT('',(-47.625,-19.05,0.));
#7916 = DIRECTION('',(0.,0.,1.));
#7917 = DIRECTION('',(1.,0.,-0.));
#7918 = PCURVE('',#5375,#7919);
#7919 = DEFINITIONAL_REPRESENTATION('',(#7920),#7924);
#7920 = CIRCLE('',#7921,1.2);
#7921 = AXIS2_PLACEMENT_2D('',#7922,#7923);
#7922 = CARTESIAN_POINT('',(0.,0.));
#7923 = DIRECTION('',(1.,0.));
#7924 = ( GEOMETRIC_REPRESENTATION_CONTEXT(2) 
PARAMETRIC_REPRESENTATION_CONTEXT() REPRESENTATION_CONTEXT('2D SPACE',''
  ) );
#7925 = PCURVE('',#7926,#7931);
#7926 = CYLINDRICAL_SURFACE('',#7927,1.2);
#7927 = AXIS2_PLACEMENT_3D('',#7928,#7929,#7930);
#7928 = CARTESIAN_POINT('',(-47.625,-19.05,-9.));
#7929 = DIRECTION('',(0.,0.,1.));
#7930 = DIRECTION('',(1.,0.,-0.));
#7931 = DEFINITIONAL_REPRESENTATION('',(#7932),#7936);
#7932 = LINE('',#7933,#7934);
#7933 = CARTESIAN_POINT('',(0.,9.));
#7934 = VECTOR('',#7935,1.);
#7935 = DIRECTION('',(1.,0.));
#7936 = ( GEOMETRIC_REPRESENTATION_CONTEXT(2) 
PARAMETRIC_REPRESENTATION_CONTEXT() REPRESENTATION_CONTEXT('2D SPACE',''
  ) );
#7937 = ADVANCED_FACE('',(#7938,#7941),#5430,.T.);
#7938 = FACE_BOUND('',#7939,.T.);
#7939 = EDGE_LOOP('',(#7940));
#7940 = ORIENTED_EDGE('',*,*,#5413,.T.);
#7941 = FACE_BOUND('',#7942,.T.);
#7942 = EDGE_LOOP('',(#7943));
#7943 = ORIENTED_EDGE('',*,*,#7944,.F.);
#7944 = EDGE_CURVE('',#7945,#7945,#7947,.T.);
#7945 = VERTEX_POINT('',#7946);
#7946 = CARTESIAN_POINT('',(48.825,-19.05,0.));
#7947 = SURFACE_CURVE('',#7948,(#7953,#7960),.PCURVE_S1.);
#7948 = CIRCLE('',#7949,1.2);
#7949 = AXIS2_PLACEMENT_3D('',#7950,#7951,#7952);
#7950 = CARTESIAN_POINT('',(47.625,-19.05,0.));
#7951 = DIRECTION('',(0.,0.,1.));
#7952 = DIRECTION('',(1.,0.,-0.));
#7953 = PCURVE('',#5430,#7954);
#7954 = DEFINITIONAL_REPRESENTATION('',(#7955),#7959);
#7955 = CIRCLE('',#7956,1.2);
#7956 = AXIS2_PLACEMENT_2D('',#7957,#7958);
#7957 = CARTESIAN_POINT('',(0.,0.));
#7958 = DIRECTION('',(1.,0.));
#7959 = ( GEOMETRIC_REPRESENTATION_CONTEXT(2) 
PARAMETRIC_REPRESENTATION_CONTEXT() REPRESENTATION_CONTEXT('2D SPACE',''
  ) );
#7960 = PCURVE('',#7961,#7966);
#7961 = CYLINDRICAL_SURFACE('',#7962,1.2);
#7962 = AXIS2_PLACEMENT_3D('',#7963,#7964,#7965);
#7963 = CARTESIAN_POINT('',(47.625,-19.05,-9.));
#7964 = DIRECTION('',(0.,0.,1.));
#7965 = DIRECTION('',(1.,0.,-0.));
#7966 = DEFINITIONAL_REPRESENTATION('',(#7967),#7971);
#7967 = LINE('',#7968,#7969);
#7968 = CARTESIAN_POINT('',(0.,9.));
#7969 = VECTOR('',#7970,1.);
#7970 = DIRECTION('',(1.,0.));
#7971 = ( GEOMETRIC_REPRESENTATION_CONTEXT(2) 
PARAMETRIC_REPRESENTATION_CONTEXT() REPRESENTATION_CONTEXT('2D SPACE',''
  ) );
#7972 = ADVANCED_FACE('',(#7973,#7976),#5485,.T.);
#7973 = FACE_BOUND('',#7974,.T.);
#7974 = EDGE_LOOP('',(#7975));
#7975 = ORIENTED_EDGE('',*,*,#5468,.T.);
#7976 = FACE_BOUND('',#7977,.T.);
#7977 = EDGE_LOOP('',(#7978));
#7978 = ORIENTED_EDGE('',*,*,#7979,.F.);
#7979 = EDGE_CURVE('',#7980,#7980,#7982,.T.);
#7980 = VERTEX_POINT('',#7981);
#7981 = CARTESIAN_POINT('',(125.025,-19.05,0.));
#7982 = SURFACE_CURVE('',#7983,(#7988,#7995),.PCURVE_S1.);
#7983 = CIRCLE('',#7984,1.2);
#7984 = AXIS2_PLACEMENT_3D('',#7985,#7986,#7987);
#7985 = CARTESIAN_POINT('',(123.825,-19.05,0.));
#7986 = DIRECTION('',(0.,0.,1.));
#7987 = DIRECTION('',(1.,0.,-0.));
#7988 = PCURVE('',#5485,#7989);
#7989 = DEFINITIONAL_REPRESENTATION('',(#7990),#7994);
#7990 = CIRCLE('',#7991,1.2);
#7991 = AXIS2_PLACEMENT_2D('',#7992,#7993);
#7992 = CARTESIAN_POINT('',(0.,0.));
#7993 = DIRECTION('',(1.,0.));
#7994 = ( GEOMETRIC_REPRESENTATION_CONTEXT(2) 
PARAMETRIC_REPRESENTATION_CONTEXT() REPRESENTATION_CONTEXT('2D SPACE',''
  ) );
#7995 = PCURVE('',#7996,#8001);
#7996 = CYLINDRICAL_SURFACE('',#7997,1.2);
#7997 = AXIS2_PLACEMENT_3D('',#7998,#7999,#8000);
#7998 = CARTESIAN_POINT('',(123.825,-19.05,-9.));
#7999 = DIRECTION('',(0.,0.,1.));
#8000 = DIRECTION('',(1.,0.,-0.));
#8001 = DEFINITIONAL_REPRESENTATION('',(#8002),#8006);
#8002 = LINE('',#8003,#8004);
#8003 = CARTESIAN_POINT('',(0.,9.));
#8004 = VECTOR('',#8005,1.);
#8005 = DIRECTION('',(1.,0.));
#8006 = ( GEOMETRIC_REPRESENTATION_CONTEXT(2) 
PARAMETRIC_REPRESENTATION_CONTEXT() REPRESENTATION_CONTEXT('2D SPACE',''
  ) );
#8007 = ADVANCED_FACE('',(#8008,#8011),#5540,.T.);
#8008 = FACE_BOUND('',#8009,.T.);
#8009 = EDGE_LOOP('',(#8010));
#8010 = ORIENTED_EDGE('',*,*,#5523,.T.);
#8011 = FACE_BOUND('',#8012,.T.);
#8012 = EDGE_LOOP('',(#8013));
#8013 = ORIENTED_EDGE('',*,*,#8014,.F.);
#8014 = EDGE_CURVE('',#8015,#8015,#8017,.T.);
#8015 = VERTEX_POINT('',#8016);
#8016 = CARTESIAN_POINT('',(-122.625,19.05,0.));
#8017 = SURFACE_CURVE('',#8018,(#8023,#8030),.PCURVE_S1.);
#8018 = CIRCLE('',#8019,1.2);
#8019 = AXIS2_PLACEMENT_3D('',#8020,#8021,#8022);
#8020 = CARTESIAN_POINT('',(-123.825,19.05,0.));
#8021 = DIRECTION('',(0.,0.,1.));
#8022 = DIRECTION('',(1.,0.,-0.));
#8023 = PCURVE('',#5540,#8024);
#8024 = DEFINITIONAL_REPRESENTATION('',(#8025),#8029);
#8025 = CIRCLE('',#8026,1.2);
#8026 = AXIS2_PLACEMENT_2D('',#8027,#8028);
#8027 = CARTESIAN_POINT('',(0.,0.));
#8028 = DIRECTION('',(1.,0.));
#8029 = ( GEOMETRIC_REPRESENTATION_CONTEXT(2) 
PARAMETRIC_REPRESENTATION_CONTEXT() REPRESENTATION_CONTEXT('2D SPACE',''
  ) );
#8030 = PCURVE('',#8031,#8036);
#8031 = CYLINDRICAL_SURFACE('',#8032,1.2);
#8032 = AXIS2_PLACEMENT_3D('',#8033,#8034,#8035);
#8033 = CARTESIAN_POINT('',(-123.825,19.05,-9.));
#8034 = DIRECTION('',(0.,0.,1.));
#8035 = DIRECTION('',(1.,0.,-0.));
#8036 = DEFINITIONAL_REPRESENTATION('',(#8037),#8041);
#8037 = LINE('',#8038,#8039);
#8038 = CARTESIAN_POINT('',(0.,9.));
#8039 = VECTOR('',#8040,1.);
#8040 = DIRECTION('',(1.,0.));
#8041 = ( GEOMETRIC_REPRESENTATION_CONTEXT(2) 
PARAMETRIC_REPRESENTATION_CONTEXT() REPRESENTATION_CONTEXT('2D SPACE',''
  ) );
#8042 = ADVANCED_FACE('',(#8043,#8046),#5595,.T.);
#8043 = FACE_BOUND('',#8044,.T.);
#8044 = EDGE_LOOP('',(#8045));
#8045 = ORIENTED_EDGE('',*,*,#5578,.T.);
#8046 = FACE_BOUND('',#8047,.T.);
#8047 = EDGE_LOOP('',(#8048));
#8048 = ORIENTED_EDGE('',*,*,#8049,.F.);
#8049 = EDGE_CURVE('',#8050,#8050,#8052,.T.);
#8050 = VERTEX_POINT('',#8051);
#8051 = CARTESIAN_POINT('',(-46.425,19.05,0.));
#8052 = SURFACE_CURVE('',#8053,(#8058,#8065),.PCURVE_S1.);
#8053 = CIRCLE('',#8054,1.2);
#8054 = AXIS2_PLACEMENT_3D('',#8055,#8056,#8057);
#8055 = CARTESIAN_POINT('',(-47.625,19.05,0.));
#8056 = DIRECTION('',(0.,0.,1.));
#8057 = DIRECTION('',(1.,0.,-0.));
#8058 = PCURVE('',#5595,#8059);
#8059 = DEFINITIONAL_REPRESENTATION('',(#8060),#8064);
#8060 = CIRCLE('',#8061,1.2);
#8061 = AXIS2_PLACEMENT_2D('',#8062,#8063);
#8062 = CARTESIAN_POINT('',(0.,0.));
#8063 = DIRECTION('',(1.,0.));
#8064 = ( GEOMETRIC_REPRESENTATION_CONTEXT(2) 
PARAMETRIC_REPRESENTATION_CONTEXT() REPRESENTATION_CONTEXT('2D SPACE',''
  ) );
#8065 = PCURVE('',#8066,#8071);
#8066 = CYLINDRICAL_SURFACE('',#8067,1.2);
#8067 = AXIS2_PLACEMENT_3D('',#8068,#8069,#8070);
#8068 = CARTESIAN_POINT('',(-47.625,19.05,-9.));
#8069 = DIRECTION('',(0.,0.,1.));
#8070 = DIRECTION('',(1.,0.,-0.));
#8071 = DEFINITIONAL_REPRESENTATION('',(#8072),#8076);
#8072 = LINE('',#8073,#8074);
#8073 = CARTESIAN_POINT('',(0.,9.));
#8074 = VECTOR('',#8075,1.);
#8075 = DIRECTION('',(1.,0.));
#8076 = ( GEOMETRIC_REPRESENTATION_CONTEXT(2) 
PARAMETRIC_REPRESENTATION_CONTEXT() REPRESENTATION_CONTEXT('2D SPACE',''
  ) );
#8077 = ADVANCED_FACE('',(#8078),#5650,.T.);
#8078 = FACE_BOUND('',#8079,.T.);
#8079 = EDGE_LOOP('',(#8080));
#8080 = ORIENTED_EDGE('',*,*,#5633,.T.);
#8081 = ADVANCED_FACE('',(#8082,#8085),#5705,.T.);
#8082 = FACE_BOUND('',#8083,.T.);
#8083 = EDGE_LOOP('',(#8084));
#8084 = ORIENTED_EDGE('',*,*,#5688,.T.);
#8085 = FACE_BOUND('',#8086,.T.);
#8086 = EDGE_LOOP('',(#8087));
#8087 = ORIENTED_EDGE('',*,*,#8088,.F.);
#8088 = EDGE_CURVE('',#8089,#8089,#8091,.T.);
#8089 = VERTEX_POINT('',#8090);
#8090 = CARTESIAN_POINT('',(48.825,19.05,0.));
#8091 = SURFACE_CURVE('',#8092,(#8097,#8104),.PCURVE_S1.);
#8092 = CIRCLE('',#8093,1.2);
#8093 = AXIS2_PLACEMENT_3D('',#8094,#8095,#8096);
#8094 = CARTESIAN_POINT('',(47.625,19.05,0.));
#8095 = DIRECTION('',(0.,0.,1.));
#8096 = DIRECTION('',(1.,0.,-0.));
#8097 = PCURVE('',#5705,#8098);
#8098 = DEFINITIONAL_REPRESENTATION('',(#8099),#8103);
#8099 = CIRCLE('',#8100,1.2);
#8100 = AXIS2_PLACEMENT_2D('',#8101,#8102);
#8101 = CARTESIAN_POINT('',(0.,0.));
#8102 = DIRECTION('',(1.,0.));
#8103 = ( GEOMETRIC_REPRESENTATION_CONTEXT(2) 
PARAMETRIC_REPRESENTATION_CONTEXT() REPRESENTATION_CONTEXT('2D SPACE',''
  ) );
#8104 = PCURVE('',#8105,#8110);
#8105 = CYLINDRICAL_SURFACE('',#8106,1.2);
#8106 = AXIS2_PLACEMENT_3D('',#8107,#8108,#8109);
#8107 = CARTESIAN_POINT('',(47.625,19.05,-9.));
#8108 = DIRECTION('',(0.,0.,1.));
#8109 = DIRECTION('',(1.,0.,-0.));
#8110 = DEFINITIONAL_REPRESENTATION('',(#8111),#8115);
#8111 = LINE('',#8112,#8113);
#8112 = CARTESIAN_POINT('',(0.,9.));
#8113 = VECTOR('',#8114,1.);
#8114 = DIRECTION('',(1.,0.));
#8115 = ( GEOMETRIC_REPRESENTATION_CONTEXT(2) 
PARAMETRIC_REPRESENTATION_CONTEXT() REPRESENTATION_CONTEXT('2D SPACE',''
  ) );
#8116 = ADVANCED_FACE('',(#8117,#8120),#5760,.T.);
#8117 = FACE_BOUND('',#8118,.T.);
#8118 = EDGE_LOOP('',(#8119));
#8119 = ORIENTED_EDGE('',*,*,#5743,.T.);
#8120 = FACE_BOUND('',#8121,.T.);
#8121 = EDGE_LOOP('',(#8122));
#8122 = ORIENTED_EDGE('',*,*,#8123,.F.);
#8123 = EDGE_CURVE('',#8124,#8124,#8126,.T.);
#8124 = VERTEX_POINT('',#8125);
#8125 = CARTESIAN_POINT('',(125.025,19.05,0.));
#8126 = SURFACE_CURVE('',#8127,(#8132,#8139),.PCURVE_S1.);
#8127 = CIRCLE('',#8128,1.2);
#8128 = AXIS2_PLACEMENT_3D('',#8129,#8130,#8131);
#8129 = CARTESIAN_POINT('',(123.825,19.05,0.));
#8130 = DIRECTION('',(0.,0.,1.));
#8131 = DIRECTION('',(1.,0.,-0.));
#8132 = PCURVE('',#5760,#8133);
#8133 = DEFINITIONAL_REPRESENTATION('',(#8134),#8138);
#8134 = CIRCLE('',#8135,1.2);
#8135 = AXIS2_PLACEMENT_2D('',#8136,#8137);
#8136 = CARTESIAN_POINT('',(0.,0.));
#8137 = DIRECTION('',(1.,0.));
#8138 = ( GEOMETRIC_REPRESENTATION_CONTEXT(2) 
PARAMETRIC_REPRESENTATION_CONTEXT() REPRESENTATION_CONTEXT('2D SPACE',''
  ) );
#8139 = PCURVE('',#8140,#8145);
#8140 = CYLINDRICAL_SURFACE('',#8141,1.2);
#8141 = AXIS2_PLACEMENT_3D('',#8142,#8143,#8144);
#8142 = CARTESIAN_POINT('',(123.825,19.05,-9.));
#8143 = DIRECTION('',(0.,0.,1.));
#8144 = DIRECTION('',(1.,0.,-0.));
#8145 = DEFINITIONAL_REPRESENTATION('',(#8146),#8150);
#8146 = LINE('',#8147,#8148);
#8147 = CARTESIAN_POINT('',(0.,9.));
#8148 = VECTOR('',#8149,1.);
#8149 = DIRECTION('',(1.,0.));
#8150 = ( GEOMETRIC_REPRESENTATION_CONTEXT(2) 
PARAMETRIC_REPRESENTATION_CONTEXT() REPRESENTATION_CONTEXT('2D SPACE',''
  ) );
#8151 = ADVANCED_FACE('',(#8152,#8162,#8193,#8224,#8255,#8286,#8317,
    #8348,#8379),#6109,.F.);
#8152 = FACE_BOUND('',#8153,.F.);
#8153 = EDGE_LOOP('',(#8154,#8155,#8156,#8157,#8158,#8159,#8160,#8161));
#8154 = ORIENTED_EDGE('',*,*,#6093,.F.);
#8155 = ORIENTED_EDGE('',*,*,#6169,.F.);
#8156 = ORIENTED_EDGE('',*,*,#6201,.T.);
#8157 = ORIENTED_EDGE('',*,*,#6272,.F.);
#8158 = ORIENTED_EDGE('',*,*,#6304,.T.);
#8159 = ORIENTED_EDGE('',*,*,#6375,.F.);
#8160 = ORIENTED_EDGE('',*,*,#6429,.F.);
#8161 = ORIENTED_EDGE('',*,*,#6456,.F.);
#8162 = FACE_BOUND('',#8163,.F.);
#8163 = EDGE_LOOP('',(#8164));
#8164 = ORIENTED_EDGE('',*,*,#8165,.F.);
#8165 = EDGE_CURVE('',#8166,#8166,#8168,.T.);
#8166 = VERTEX_POINT('',#8167);
#8167 = CARTESIAN_POINT('',(-121.625,-19.05,-8.));
#8168 = SURFACE_CURVE('',#8169,(#8174,#8181),.PCURVE_S1.);
#8169 = CIRCLE('',#8170,2.2);
#8170 = AXIS2_PLACEMENT_3D('',#8171,#8172,#8173);
#8171 = CARTESIAN_POINT('',(-123.825,-19.05,-8.));
#8172 = DIRECTION('',(0.,0.,1.));
#8173 = DIRECTION('',(1.,0.,-0.));
#8174 = PCURVE('',#6109,#8175);
#8175 = DEFINITIONAL_REPRESENTATION('',(#8176),#8180);
#8176 = CIRCLE('',#8177,2.2);
#8177 = AXIS2_PLACEMENT_2D('',#8178,#8179);
#8178 = CARTESIAN_POINT('',(-123.825,-19.05));
#8179 = DIRECTION('',(1.,0.));
#8180 = ( GEOMETRIC_REPRESENTATION_CONTEXT(2) 
PARAMETRIC_REPRESENTATION_CONTEXT() REPRESENTATION_CONTEXT('2D SPACE',''
  ) );
#8181 = PCURVE('',#8182,#8187);
#8182 = CYLINDRICAL_SURFACE('',#8183,2.2);
#8183 = AXIS2_PLACEMENT_3D('',#8184,#8185,#8186);
#8184 = CARTESIAN_POINT('',(-123.825,-19.05,-9.));
#8185 = DIRECTION('',(0.,0.,1.));
#8186 = DIRECTION('',(1.,0.,-0.));
#8187 = DEFINITIONAL_REPRESENTATION('',(#8188),#8192);
#8188 = LINE('',#8189,#8190);
#8189 = CARTESIAN_POINT('',(0.,1.));
#8190 = VECTOR('',#8191,1.);
#8191 = DIRECTION('',(1.,0.));
#8192 = ( GEOMETRIC_REPRESENTATION_CONTEXT(2) 
PARAMETRIC_REPRESENTATION_CONTEXT() REPRESENTATION_CONTEXT('2D SPACE',''
  ) );
#8193 = FACE_BOUND('',#8194,.F.);
#8194 = EDGE_LOOP('',(#8195));
#8195 = ORIENTED_EDGE('',*,*,#8196,.F.);
#8196 = EDGE_CURVE('',#8197,#8197,#8199,.T.);
#8197 = VERTEX_POINT('',#8198);
#8198 = CARTESIAN_POINT('',(-45.425,-19.05,-8.));
#8199 = SURFACE_CURVE('',#8200,(#8205,#8212),.PCURVE_S1.);
#8200 = CIRCLE('',#8201,2.2);
#8201 = AXIS2_PLACEMENT_3D('',#8202,#8203,#8204);
#8202 = CARTESIAN_POINT('',(-47.625,-19.05,-8.));
#8203 = DIRECTION('',(0.,0.,1.));
#8204 = DIRECTION('',(1.,0.,-0.));
#8205 = PCURVE('',#6109,#8206);
#8206 = DEFINITIONAL_REPRESENTATION('',(#8207),#8211);
#8207 = CIRCLE('',#8208,2.2);
#8208 = AXIS2_PLACEMENT_2D('',#8209,#8210);
#8209 = CARTESIAN_POINT('',(-47.625,-19.05));
#8210 = DIRECTION('',(1.,0.));
#8211 = ( GEOMETRIC_REPRESENTATION_CONTEXT(2) 
PARAMETRIC_REPRESENTATION_CONTEXT() REPRESENTATION_CONTEXT('2D SPACE',''
  ) );
#8212 = PCURVE('',#8213,#8218);
#8213 = CYLINDRICAL_SURFACE('',#8214,2.2);
#8214 = AXIS2_PLACEMENT_3D('',#8215,#8216,#8217);
#8215 = CARTESIAN_POINT('',(-47.625,-19.05,-9.));
#8216 = DIRECTION('',(0.,0.,1.));
#8217 = DIRECTION('',(1.,0.,-0.));
#8218 = DEFINITIONAL_REPRESENTATION('',(#8219),#8223);
#8219 = LINE('',#8220,#8221);
#8220 = CARTESIAN_POINT('',(0.,1.));
#8221 = VECTOR('',#8222,1.);
#8222 = DIRECTION('',(1.,0.));
#8223 = ( GEOMETRIC_REPRESENTATION_CONTEXT(2) 
PARAMETRIC_REPRESENTATION_CONTEXT() REPRESENTATION_CONTEXT('2D SPACE',''
  ) );
#8224 = FACE_BOUND('',#8225,.F.);
#8225 = EDGE_LOOP('',(#8226));
#8226 = ORIENTED_EDGE('',*,*,#8227,.F.);
#8227 = EDGE_CURVE('',#8228,#8228,#8230,.T.);
#8228 = VERTEX_POINT('',#8229);
#8229 = CARTESIAN_POINT('',(49.825,-19.05,-8.));
#8230 = SURFACE_CURVE('',#8231,(#8236,#8243),.PCURVE_S1.);
#8231 = CIRCLE('',#8232,2.2);
#8232 = AXIS2_PLACEMENT_3D('',#8233,#8234,#8235);
#8233 = CARTESIAN_POINT('',(47.625,-19.05,-8.));
#8234 = DIRECTION('',(0.,0.,1.));
#8235 = DIRECTION('',(1.,0.,-0.));
#8236 = PCURVE('',#6109,#8237);
#8237 = DEFINITIONAL_REPRESENTATION('',(#8238),#8242);
#8238 = CIRCLE('',#8239,2.2);
#8239 = AXIS2_PLACEMENT_2D('',#8240,#8241);
#8240 = CARTESIAN_POINT('',(47.625,-19.05));
#8241 = DIRECTION('',(1.,0.));
#8242 = ( GEOMETRIC_REPRESENTATION_CONTEXT(2) 
PARAMETRIC_REPRESENTATION_CONTEXT() REPRESENTATION_CONTEXT('2D SPACE',''
  ) );
#8243 = PCURVE('',#8244,#8249);
#8244 = CYLINDRICAL_SURFACE('',#8245,2.2);
#8245 = AXIS2_PLACEMENT_3D('',#8246,#8247,#8248);
#8246 = CARTESIAN_POINT('',(47.625,-19.05,-9.));
#8247 = DIRECTION('',(0.,0.,1.));
#8248 = DIRECTION('',(1.,0.,-0.));
#8249 = DEFINITIONAL_REPRESENTATION('',(#8250),#8254);
#8250 = LINE('',#8251,#8252);
#8251 = CARTESIAN_POINT('',(0.,1.));
#8252 = VECTOR('',#8253,1.);
#8253 = DIRECTION('',(1.,0.));
#8254 = ( GEOMETRIC_REPRESENTATION_CONTEXT(2) 
PARAMETRIC_REPRESENTATION_CONTEXT() REPRESENTATION_CONTEXT('2D SPACE',''
  ) );
#8255 = FACE_BOUND('',#8256,.F.);
#8256 = EDGE_LOOP('',(#8257));
#8257 = ORIENTED_EDGE('',*,*,#8258,.F.);
#8258 = EDGE_CURVE('',#8259,#8259,#8261,.T.);
#8259 = VERTEX_POINT('',#8260);
#8260 = CARTESIAN_POINT('',(126.025,-19.05,-8.));
#8261 = SURFACE_CURVE('',#8262,(#8267,#8274),.PCURVE_S1.);
#8262 = CIRCLE('',#8263,2.2);
#8263 = AXIS2_PLACEMENT_3D('',#8264,#8265,#8266);
#8264 = CARTESIAN_POINT('',(123.825,-19.05,-8.));
#8265 = DIRECTION('',(0.,0.,1.));
#8266 = DIRECTION('',(1.,0.,-0.));
#8267 = PCURVE('',#6109,#8268);
#8268 = DEFINITIONAL_REPRESENTATION('',(#8269),#8273);
#8269 = CIRCLE('',#8270,2.2);
#8270 = AXIS2_PLACEMENT_2D('',#8271,#8272);
#8271 = CARTESIAN_POINT('',(123.825,-19.05));
#8272 = DIRECTION('',(1.,0.));
#8273 = ( GEOMETRIC_REPRESENTATION_CONTEXT(2) 
PARAMETRIC_REPRESENTATION_CONTEXT() REPRESENTATION_CONTEXT('2D SPACE',''
  ) );
#8274 = PCURVE('',#8275,#8280);
#8275 = CYLINDRICAL_SURFACE('',#8276,2.2);
#8276 = AXIS2_PLACEMENT_3D('',#8277,#8278,#8279);
#8277 = CARTESIAN_POINT('',(123.825,-19.05,-9.));
#8278 = DIRECTION('',(0.,0.,1.));
#8279 = DIRECTION('',(1.,0.,-0.));
#8280 = DEFINITIONAL_REPRESENTATION('',(#8281),#8285);
#8281 = LINE('',#8282,#8283);
#8282 = CARTESIAN_POINT('',(0.,1.));
#8283 = VECTOR('',#8284,1.);
#8284 = DIRECTION('',(1.,0.));
#8285 = ( GEOMETRIC_REPRESENTATION_CONTEXT(2) 
PARAMETRIC_REPRESENTATION_CONTEXT() REPRESENTATION_CONTEXT('2D SPACE',''
  ) );
#8286 = FACE_BOUND('',#8287,.F.);
#8287 = EDGE_LOOP('',(#8288));
#8288 = ORIENTED_EDGE('',*,*,#8289,.F.);
#8289 = EDGE_CURVE('',#8290,#8290,#8292,.T.);
#8290 = VERTEX_POINT('',#8291);
#8291 = CARTESIAN_POINT('',(-121.625,19.05,-8.));
#8292 = SURFACE_CURVE('',#8293,(#8298,#8305),.PCURVE_S1.);
#8293 = CIRCLE('',#8294,2.2);
#8294 = AXIS2_PLACEMENT_3D('',#8295,#8296,#8297);
#8295 = CARTESIAN_POINT('',(-123.825,19.05,-8.));
#8296 = DIRECTION('',(0.,0.,1.));
#8297 = DIRECTION('',(1.,0.,-0.));
#8298 = PCURVE('',#6109,#8299);
#8299 = DEFINITIONAL_REPRESENTATION('',(#8300),#8304);
#8300 = CIRCLE('',#8301,2.2);
#8301 = AXIS2_PLACEMENT_2D('',#8302,#8303);
#8302 = CARTESIAN_POINT('',(-123.825,19.05));
#8303 = DIRECTION('',(1.,0.));
#8304 = ( GEOMETRIC_REPRESENTATION_CONTEXT(2) 
PARAMETRIC_REPRESENTATION_CONTEXT() REPRESENTATION_CONTEXT('2D SPACE',''
  ) );
#8305 = PCURVE('',#8306,#8311);
#8306 = CYLINDRICAL_SURFACE('',#8307,2.2);
#8307 = AXIS2_PLACEMENT_3D('',#8308,#8309,#8310);
#8308 = CARTESIAN_POINT('',(-123.825,19.05,-9.));
#8309 = DIRECTION('',(0.,0.,1.));
#8310 = DIRECTION('',(1.,0.,-0.));
#8311 = DEFINITIONAL_REPRESENTATION('',(#8312),#8316);
#8312 = LINE('',#8313,#8314);
#8313 = CARTESIAN_POINT('',(0.,1.));
#8314 = VECTOR('',#8315,1.);
#8315 = DIRECTION('',(1.,0.));
#8316 = ( GEOMETRIC_REPRESENTATION_CONTEXT(2) 
PARAMETRIC_REPRESENTATION_CONTEXT() REPRESENTATION_CONTEXT('2D SPACE',''
  ) );
#8317 = FACE_BOUND('',#8318,.F.);
#8318 = EDGE_LOOP('',(#8319));
#8319 = ORIENTED_EDGE('',*,*,#8320,.F.);
#8320 = EDGE_CURVE('',#8321,#8321,#8323,.T.);
#8321 = VERTEX_POINT('',#8322);
#8322 = CARTESIAN_POINT('',(-45.425,19.05,-8.));
#8323 = SURFACE_CURVE('',#8324,(#8329,#8336),.PCURVE_S1.);
#8324 = CIRCLE('',#8325,2.2);
#8325 = AXIS2_PLACEMENT_3D('',#8326,#8327,#8328);
#8326 = CARTESIAN_POINT('',(-47.625,19.05,-8.));
#8327 = DIRECTION('',(0.,0.,1.));
#8328 = DIRECTION('',(1.,0.,-0.));
#8329 = PCURVE('',#6109,#8330);
#8330 = DEFINITIONAL_REPRESENTATION('',(#8331),#8335);
#8331 = CIRCLE('',#8332,2.2);
#8332 = AXIS2_PLACEMENT_2D('',#8333,#8334);
#8333 = CARTESIAN_POINT('',(-47.625,19.05));
#8334 = DIRECTION('',(1.,0.));
#8335 = ( GEOMETRIC_REPRESENTATION_CONTEXT(2) 
PARAMETRIC_REPRESENTATION_CONTEXT() REPRESENTATION_CONTEXT('2D SPACE',''
  ) );
#8336 = PCURVE('',#8337,#8342);
#8337 = CYLINDRICAL_SURFACE('',#8338,2.2);
#8338 = AXIS2_PLACEMENT_3D('',#8339,#8340,#8341);
#8339 = CARTESIAN_POINT('',(-47.625,19.05,-9.));
#8340 = DIRECTION('',(0.,0.,1.));
#8341 = DIRECTION('',(1.,0.,-0.));
#8342 = DEFINITIONAL_REPRESENTATION('',(#8343),#8347);
#8343 = LINE('',#8344,#8345);
#8344 = CARTESIAN_POINT('',(0.,1.));
#8345 = VECTOR('',#8346,1.);
#8346 = DIRECTION('',(1.,0.));
#8347 = ( GEOMETRIC_REPRESENTATION_CONTEXT(2) 
PARAMETRIC_REPRESENTATION_CONTEXT() REPRESENTATION_CONTEXT('2D SPACE',''
  ) );
#8348 = FACE_BOUND('',#8349,.F.);
#8349 = EDGE_LOOP('',(#8350));
#8350 = ORIENTED_EDGE('',*,*,#8351,.F.);
#8351 = EDGE_CURVE('',#8352,#8352,#8354,.T.);
#8352 = VERTEX_POINT('',#8353);
#8353 = CARTESIAN_POINT('',(49.825,19.05,-8.));
#8354 = SURFACE_CURVE('',#8355,(#8360,#8367),.PCURVE_S1.);
#8355 = CIRCLE('',#8356,2.2);
#8356 = AXIS2_PLACEMENT_3D('',#8357,#8358,#8359);
#8357 = CARTESIAN_POINT('',(47.625,19.05,-8.));
#8358 = DIRECTION('',(0.,0.,1.));
#8359 = DIRECTION('',(1.,0.,-0.));
#8360 = PCURVE('',#6109,#8361);
#8361 = DEFINITIONAL_REPRESENTATION('',(#8362),#8366);
#8362 = CIRCLE('',#8363,2.2);
#8363 = AXIS2_PLACEMENT_2D('',#8364,#8365);
#8364 = CARTESIAN_POINT('',(47.625,19.05));
#8365 = DIRECTION('',(1.,0.));
#8366 = ( GEOMETRIC_REPRESENTATION_CONTEXT(2) 
PARAMETRIC_REPRESENTATION_CONTEXT() REPRESENTATION_CONTEXT('2D SPACE',''
  ) );
#8367 = PCURVE('',#8368,#8373);
#8368 = CYLINDRICAL_SURFACE('',#8369,2.2);
#8369 = AXIS2_PLACEMENT_3D('',#8370,#8371,#8372);
#8370 = CARTESIAN_POINT('',(47.625,19.05,-9.));
#8371 = DIRECTION('',(0.,0.,1.));
#8372 = DIRECTION('',(1.,0.,-0.));
#8373 = DEFINITIONAL_REPRESENTATION('',(#8374),#8378);
#8374 = LINE('',#8375,#8376);
#8375 = CARTESIAN_POINT('',(0.,1.));
#8376 = VECTOR('',#8377,1.);
#8377 = DIRECTION('',(1.,0.));
#8378 = ( GEOMETRIC_REPRESENTATION_CONTEXT(2) 
PARAMETRIC_REPRESENTATION_CONTEXT() REPRESENTATION_CONTEXT('2D SPACE',''
  ) );
#8379 = FACE_BOUND('',#8380,.F.);
#8380 = EDGE_LOOP('',(#8381));
#8381 = ORIENTED_EDGE('',*,*,#8382,.F.);
#8382 = EDGE_CURVE('',#8383,#8383,#8385,.T.);
#8383 = VERTEX_POINT('',#8384);
#8384 = CARTESIAN_POINT('',(126.025,19.05,-8.));
#8385 = SURFACE_CURVE('',#8386,(#8391,#8398),.PCURVE_S1.);
#8386 = CIRCLE('',#8387,2.2);
#8387 = AXIS2_PLACEMENT_3D('',#8388,#8389,#8390);
#8388 = CARTESIAN_POINT('',(123.825,19.05,-8.));
#8389 = DIRECTION('',(0.,0.,1.));
#8390 = DIRECTION('',(1.,0.,-0.));
#8391 = PCURVE('',#6109,#8392);
#8392 = DEFINITIONAL_REPRESENTATION('',(#8393),#8397);
#8393 = CIRCLE('',#8394,2.2);
#8394 = AXIS2_PLACEMENT_2D('',#8395,#8396);
#8395 = CARTESIAN_POINT('',(123.825,19.05));
#8396 = DIRECTION('',(1.,0.));
#8397 = ( GEOMETRIC_REPRESENTATION_CONTEXT(2) 
PARAMETRIC_REPRESENTATION_CONTEXT() REPRESENTATION_CONTEXT('2D SPACE',''
  ) );
#8398 = PCURVE('',#8399,#8404);
#8399 = CYLINDRICAL_SURFACE('',#8400,2.2);
#8400 = AXIS2_PLACEMENT_3D('',#8401,#8402,#8403);
#8401 = CARTESIAN_POINT('',(123.825,19.05,-9.));
#8402 = DIRECTION('',(0.,0.,1.));
#8403 = DIRECTION('',(1.,0.,-0.));
#8404 = DEFINITIONAL_REPRESENTATION('',(#8405),#8409);
#8405 = LINE('',#8406,#8407);
#8406 = CARTESIAN_POINT('',(0.,1.));
#8407 = VECTOR('',#8408,1.);
#8408 = DIRECTION('',(1.,0.));
#8409 = ( GEOMETRIC_REPRESENTATION_CONTEXT(2) 
PARAMETRIC_REPRESENTATION_CONTEXT() REPRESENTATION_CONTEXT('2D SPACE',''
  ) );
#8410 = ADVANCED_FACE('',(#8411),#6510,.T.);
#8411 = FACE_BOUND('',#8412,.T.);
#8412 = EDGE_LOOP('',(#8413,#8436,#8464,#8485));
#8413 = ORIENTED_EDGE('',*,*,#8414,.T.);
#8414 = EDGE_CURVE('',#6493,#8415,#8417,.T.);
#8415 = VERTEX_POINT('',#8416);
#8416 = CARTESIAN_POINT('',(-91.32450338072,46.675,-3.047632267407));
#8417 = SURFACE_CURVE('',#8418,(#8422,#8429),.PCURVE_S1.);
#8418 = LINE('',#8419,#8420);
#8419 = CARTESIAN_POINT('',(-91.32450338072,46.075,-3.047632267407));
#8420 = VECTOR('',#8421,1.);
#8421 = DIRECTION('',(0.,1.,-0.));
#8422 = PCURVE('',#6510,#8423);
#8423 = DEFINITIONAL_REPRESENTATION('',(#8424),#8428);
#8424 = LINE('',#8425,#8426);
#8425 = CARTESIAN_POINT('',(0.,0.));
#8426 = VECTOR('',#8427,1.);
#8427 = DIRECTION('',(0.,-1.));
#8428 = ( GEOMETRIC_REPRESENTATION_CONTEXT(2) 
PARAMETRIC_REPRESENTATION_CONTEXT() REPRESENTATION_CONTEXT('2D SPACE',''
  ) );
#8429 = PCURVE('',#6733,#8430);
#8430 = DEFINITIONAL_REPRESENTATION('',(#8431),#8435);
#8431 = LINE('',#8432,#8433);
#8432 = CARTESIAN_POINT('',(0.,0.));
#8433 = VECTOR('',#8434,1.);
#8434 = DIRECTION('',(0.,-1.));
#8435 = ( GEOMETRIC_REPRESENTATION_CONTEXT(2) 
PARAMETRIC_REPRESENTATION_CONTEXT() REPRESENTATION_CONTEXT('2D SPACE',''
  ) );
#8436 = ORIENTED_EDGE('',*,*,#8437,.T.);
#8437 = EDGE_CURVE('',#8415,#8438,#8440,.T.);
#8438 = VERTEX_POINT('',#8439);
#8439 = CARTESIAN_POINT('',(-91.32450338072,46.675,-0.64412152522));
#8440 = SURFACE_CURVE('',#8441,(#8445,#8452),.PCURVE_S1.);
#8441 = LINE('',#8442,#8443);
#8442 = CARTESIAN_POINT('',(-91.32450338072,46.675,-3.047632267407));
#8443 = VECTOR('',#8444,1.);
#8444 = DIRECTION('',(0.,0.,1.));
#8445 = PCURVE('',#6510,#8446);
#8446 = DEFINITIONAL_REPRESENTATION('',(#8447),#8451);
#8447 = LINE('',#8448,#8449);
#8448 = CARTESIAN_POINT('',(0.,-0.6));
#8449 = VECTOR('',#8450,1.);
#8450 = DIRECTION('',(1.,0.));
#8451 = ( GEOMETRIC_REPRESENTATION_CONTEXT(2) 
PARAMETRIC_REPRESENTATION_CONTEXT() REPRESENTATION_CONTEXT('2D SPACE',''
  ) );
#8452 = PCURVE('',#8453,#8458);
#8453 = PLANE('',#8454);
#8454 = AXIS2_PLACEMENT_3D('',#8455,#8456,#8457);
#8455 = CARTESIAN_POINT('',(-90.8899998,46.675,-4.791125105949));
#8456 = DIRECTION('',(0.,1.,0.));
#8457 = DIRECTION('',(-1.,0.,0.));
#8458 = DEFINITIONAL_REPRESENTATION('',(#8459),#8463);
#8459 = LINE('',#8460,#8461);
#8460 = CARTESIAN_POINT('',(0.434503580729,1.743492838542));
#8461 = VECTOR('',#8462,1.);
#8462 = DIRECTION('',(0.,1.));
#8463 = ( GEOMETRIC_REPRESENTATION_CONTEXT(2) 
PARAMETRIC_REPRESENTATION_CONTEXT() REPRESENTATION_CONTEXT('2D SPACE',''
  ) );
#8464 = ORIENTED_EDGE('',*,*,#8465,.F.);
#8465 = EDGE_CURVE('',#6495,#8438,#8466,.T.);
#8466 = SURFACE_CURVE('',#8467,(#8471,#8478),.PCURVE_S1.);
#8467 = LINE('',#8468,#8469);
#8468 = CARTESIAN_POINT('',(-91.32450338072,46.075,-0.64412152522));
#8469 = VECTOR('',#8470,1.);
#8470 = DIRECTION('',(0.,1.,-0.));
#8471 = PCURVE('',#6510,#8472);
#8472 = DEFINITIONAL_REPRESENTATION('',(#8473),#8477);
#8473 = LINE('',#8474,#8475);
#8474 = CARTESIAN_POINT('',(2.403510742188,0.));
#8475 = VECTOR('',#8476,1.);
#8476 = DIRECTION('',(0.,-1.));
#8477 = ( GEOMETRIC_REPRESENTATION_CONTEXT(2) 
PARAMETRIC_REPRESENTATION_CONTEXT() REPRESENTATION_CONTEXT('2D SPACE',''
  ) );
#8478 = PCURVE('',#6538,#8479);
#8479 = DEFINITIONAL_REPRESENTATION('',(#8480),#8484);
#8480 = LINE('',#8481,#8482);
#8481 = CARTESIAN_POINT('',(0.,0.));
#8482 = VECTOR('',#8483,1.);
#8483 = DIRECTION('',(0.,-1.));
#8484 = ( GEOMETRIC_REPRESENTATION_CONTEXT(2) 
PARAMETRIC_REPRESENTATION_CONTEXT() REPRESENTATION_CONTEXT('2D SPACE',''
  ) );
#8485 = ORIENTED_EDGE('',*,*,#6492,.F.);
#8486 = ADVANCED_FACE('',(#8487),#6733,.F.);
#8487 = FACE_BOUND('',#8488,.F.);
#8488 = EDGE_LOOP('',(#8489,#8490,#8519,#8540));
#8489 = ORIENTED_EDGE('',*,*,#8414,.T.);
#8490 = ORIENTED_EDGE('',*,*,#8491,.T.);
#8491 = EDGE_CURVE('',#8415,#8492,#8494,.T.);
#8492 = VERTEX_POINT('',#8493);
#8493 = CARTESIAN_POINT('',(-94.93799621927,46.675,-3.047632267407));
#8494 = SURFACE_CURVE('',#8495,(#8502,#8509),.PCURVE_S1.);
#8495 = B_SPLINE_CURVE_WITH_KNOTS('',2,(#8496,#8497,#8498,#8499,#8500,
    #8501),.UNSPECIFIED.,.F.,.F.,(3,1,1,1,3),(0.,1.,2.,2.999980507962,
    3.999961015925),.UNSPECIFIED.);
#8496 = CARTESIAN_POINT('',(-91.32450338072,46.675,-3.047632267407));
#8497 = CARTESIAN_POINT('',(-91.32450338072,46.675,-4.015628686678));
#8498 = CARTESIAN_POINT('',(-92.21549621927,46.675,-4.90662152522));
#8499 = CARTESIAN_POINT('',(-94.0524998,46.675,-4.90662152522));
#8500 = CARTESIAN_POINT('',(-94.93799621927,46.675,-4.015628686678));
#8501 = CARTESIAN_POINT('',(-94.93799621927,46.675,-3.047632267407));
#8502 = PCURVE('',#6733,#8503);
#8503 = DEFINITIONAL_REPRESENTATION('',(#8504),#8508);
#8504 = LINE('',#8505,#8506);
#8505 = CARTESIAN_POINT('',(0.,-0.6));
#8506 = VECTOR('',#8507,1.);
#8507 = DIRECTION('',(1.,0.));
#8508 = ( GEOMETRIC_REPRESENTATION_CONTEXT(2) 
PARAMETRIC_REPRESENTATION_CONTEXT() REPRESENTATION_CONTEXT('2D SPACE',''
  ) );
#8509 = PCURVE('',#8453,#8510);
#8510 = DEFINITIONAL_REPRESENTATION('',(#8511),#8518);
#8511 = B_SPLINE_CURVE_WITH_KNOTS('',2,(#8512,#8513,#8514,#8515,#8516,
    #8517),.UNSPECIFIED.,.F.,.F.,(3,1,1,1,3),(0.,1.,2.,2.999980507962,
    3.999961015925),.UNSPECIFIED.);
#8512 = CARTESIAN_POINT('',(0.434503580729,1.743492838542));
#8513 = CARTESIAN_POINT('',(0.434503580729,0.775496419271));
#8514 = CARTESIAN_POINT('',(1.325496419271,-0.115496419271));
#8515 = CARTESIAN_POINT('',(3.1625,-0.115496419271));
#8516 = CARTESIAN_POINT('',(4.047996419271,0.775496419271));
#8517 = CARTESIAN_POINT('',(4.047996419271,1.743492838542));
#8518 = ( GEOMETRIC_REPRESENTATION_CONTEXT(2) 
PARAMETRIC_REPRESENTATION_CONTEXT() REPRESENTATION_CONTEXT('2D SPACE',''
  ) );
#8519 = ORIENTED_EDGE('',*,*,#8520,.F.);
#8520 = EDGE_CURVE('',#6686,#8492,#8521,.T.);
#8521 = SURFACE_CURVE('',#8522,(#8526,#8533),.PCURVE_S1.);
#8522 = LINE('',#8523,#8524);
#8523 = CARTESIAN_POINT('',(-94.93799621927,46.075,-3.047632267407));
#8524 = VECTOR('',#8525,1.);
#8525 = DIRECTION('',(0.,1.,-0.));
#8526 = PCURVE('',#6733,#8527);
#8527 = DEFINITIONAL_REPRESENTATION('',(#8528),#8532);
#8528 = LINE('',#8529,#8530);
#8529 = CARTESIAN_POINT('',(3.999961015925,0.));
#8530 = VECTOR('',#8531,1.);
#8531 = DIRECTION('',(0.,-1.));
#8532 = ( GEOMETRIC_REPRESENTATION_CONTEXT(2) 
PARAMETRIC_REPRESENTATION_CONTEXT() REPRESENTATION_CONTEXT('2D SPACE',''
  ) );
#8533 = PCURVE('',#6701,#8534);
#8534 = DEFINITIONAL_REPRESENTATION('',(#8535),#8539);
#8535 = LINE('',#8536,#8537);
#8536 = CARTESIAN_POINT('',(2.403510742188,0.));
#8537 = VECTOR('',#8538,1.);
#8538 = DIRECTION('',(0.,-1.));
#8539 = ( GEOMETRIC_REPRESENTATION_CONTEXT(2) 
PARAMETRIC_REPRESENTATION_CONTEXT() REPRESENTATION_CONTEXT('2D SPACE',''
  ) );
#8540 = ORIENTED_EDGE('',*,*,#6713,.F.);
#8541 = ADVANCED_FACE('',(#8542),#6701,.T.);
#8542 = FACE_BOUND('',#8543,.T.);
#8543 = EDGE_LOOP('',(#8544,#8567,#8588,#8589));
#8544 = ORIENTED_EDGE('',*,*,#8545,.T.);
#8545 = EDGE_CURVE('',#6658,#8546,#8548,.T.);
#8546 = VERTEX_POINT('',#8547);
#8547 = CARTESIAN_POINT('',(-94.93799621927,46.675,-0.64412152522));
#8548 = SURFACE_CURVE('',#8549,(#8553,#8560),.PCURVE_S1.);
#8549 = LINE('',#8550,#8551);
#8550 = CARTESIAN_POINT('',(-94.93799621927,46.075,-0.64412152522));
#8551 = VECTOR('',#8552,1.);
#8552 = DIRECTION('',(0.,1.,-0.));
#8553 = PCURVE('',#6701,#8554);
#8554 = DEFINITIONAL_REPRESENTATION('',(#8555),#8559);
#8555 = LINE('',#8556,#8557);
#8556 = CARTESIAN_POINT('',(0.,-0.));
#8557 = VECTOR('',#8558,1.);
#8558 = DIRECTION('',(0.,-1.));
#8559 = ( GEOMETRIC_REPRESENTATION_CONTEXT(2) 
PARAMETRIC_REPRESENTATION_CONTEXT() REPRESENTATION_CONTEXT('2D SPACE',''
  ) );
#8560 = PCURVE('',#6673,#8561);
#8561 = DEFINITIONAL_REPRESENTATION('',(#8562),#8566);
#8562 = LINE('',#8563,#8564);
#8563 = CARTESIAN_POINT('',(1.0725,0.));
#8564 = VECTOR('',#8565,1.);
#8565 = DIRECTION('',(0.,-1.));
#8566 = ( GEOMETRIC_REPRESENTATION_CONTEXT(2) 
PARAMETRIC_REPRESENTATION_CONTEXT() REPRESENTATION_CONTEXT('2D SPACE',''
  ) );
#8567 = ORIENTED_EDGE('',*,*,#8568,.T.);
#8568 = EDGE_CURVE('',#8546,#8492,#8569,.T.);
#8569 = SURFACE_CURVE('',#8570,(#8574,#8581),.PCURVE_S1.);
#8570 = LINE('',#8571,#8572);
#8571 = CARTESIAN_POINT('',(-94.93799621927,46.675,-0.64412152522));
#8572 = VECTOR('',#8573,1.);
#8573 = DIRECTION('',(-0.,0.,-1.));
#8574 = PCURVE('',#6701,#8575);
#8575 = DEFINITIONAL_REPRESENTATION('',(#8576),#8580);
#8576 = LINE('',#8577,#8578);
#8577 = CARTESIAN_POINT('',(0.,-0.6));
#8578 = VECTOR('',#8579,1.);
#8579 = DIRECTION('',(1.,0.));
#8580 = ( GEOMETRIC_REPRESENTATION_CONTEXT(2) 
PARAMETRIC_REPRESENTATION_CONTEXT() REPRESENTATION_CONTEXT('2D SPACE',''
  ) );
#8581 = PCURVE('',#8453,#8582);
#8582 = DEFINITIONAL_REPRESENTATION('',(#8583),#8587);
#8583 = LINE('',#8584,#8585);
#8584 = CARTESIAN_POINT('',(4.047996419271,4.147003580729));
#8585 = VECTOR('',#8586,1.);
#8586 = DIRECTION('',(0.,-1.));
#8587 = ( GEOMETRIC_REPRESENTATION_CONTEXT(2) 
PARAMETRIC_REPRESENTATION_CONTEXT() REPRESENTATION_CONTEXT('2D SPACE',''
  ) );
#8588 = ORIENTED_EDGE('',*,*,#8520,.F.);
#8589 = ORIENTED_EDGE('',*,*,#6685,.F.);
#8590 = ADVANCED_FACE('',(#8591),#6673,.T.);
#8591 = FACE_BOUND('',#8592,.T.);
#8592 = EDGE_LOOP('',(#8593,#8616,#8637,#8638));
#8593 = ORIENTED_EDGE('',*,*,#8594,.T.);
#8594 = EDGE_CURVE('',#6630,#8595,#8597,.T.);
#8595 = VERTEX_POINT('',#8596);
#8596 = CARTESIAN_POINT('',(-93.86549621927,46.675,-0.64412152522));
#8597 = SURFACE_CURVE('',#8598,(#8602,#8609),.PCURVE_S1.);
#8598 = LINE('',#8599,#8600);
#8599 = CARTESIAN_POINT('',(-93.86549621927,46.075,-0.64412152522));
#8600 = VECTOR('',#8601,1.);
#8601 = DIRECTION('',(0.,1.,-0.));
#8602 = PCURVE('',#6673,#8603);
#8603 = DEFINITIONAL_REPRESENTATION('',(#8604),#8608);
#8604 = LINE('',#8605,#8606);
#8605 = CARTESIAN_POINT('',(0.,0.));
#8606 = VECTOR('',#8607,1.);
#8607 = DIRECTION('',(0.,-1.));
#8608 = ( GEOMETRIC_REPRESENTATION_CONTEXT(2) 
PARAMETRIC_REPRESENTATION_CONTEXT() REPRESENTATION_CONTEXT('2D SPACE',''
  ) );
#8609 = PCURVE('',#6645,#8610);
#8610 = DEFINITIONAL_REPRESENTATION('',(#8611),#8615);
#8611 = LINE('',#8612,#8613);
#8612 = CARTESIAN_POINT('',(2.255,0.));
#8613 = VECTOR('',#8614,1.);
#8614 = DIRECTION('',(0.,-1.));
#8615 = ( GEOMETRIC_REPRESENTATION_CONTEXT(2) 
PARAMETRIC_REPRESENTATION_CONTEXT() REPRESENTATION_CONTEXT('2D SPACE',''
  ) );
#8616 = ORIENTED_EDGE('',*,*,#8617,.T.);
#8617 = EDGE_CURVE('',#8595,#8546,#8618,.T.);
#8618 = SURFACE_CURVE('',#8619,(#8623,#8630),.PCURVE_S1.);
#8619 = LINE('',#8620,#8621);
#8620 = CARTESIAN_POINT('',(-93.86549621927,46.675,-0.64412152522));
#8621 = VECTOR('',#8622,1.);
#8622 = DIRECTION('',(-1.,0.,0.));
#8623 = PCURVE('',#6673,#8624);
#8624 = DEFINITIONAL_REPRESENTATION('',(#8625),#8629);
#8625 = LINE('',#8626,#8627);
#8626 = CARTESIAN_POINT('',(0.,-0.6));
#8627 = VECTOR('',#8628,1.);
#8628 = DIRECTION('',(1.,0.));
#8629 = ( GEOMETRIC_REPRESENTATION_CONTEXT(2) 
PARAMETRIC_REPRESENTATION_CONTEXT() REPRESENTATION_CONTEXT('2D SPACE',''
  ) );
#8630 = PCURVE('',#8453,#8631);
#8631 = DEFINITIONAL_REPRESENTATION('',(#8632),#8636);
#8632 = LINE('',#8633,#8634);
#8633 = CARTESIAN_POINT('',(2.975496419271,4.147003580729));
#8634 = VECTOR('',#8635,1.);
#8635 = DIRECTION('',(1.,0.));
#8636 = ( GEOMETRIC_REPRESENTATION_CONTEXT(2) 
PARAMETRIC_REPRESENTATION_CONTEXT() REPRESENTATION_CONTEXT('2D SPACE',''
  ) );
#8637 = ORIENTED_EDGE('',*,*,#8545,.F.);
#8638 = ORIENTED_EDGE('',*,*,#6657,.F.);
#8639 = ADVANCED_FACE('',(#8640),#6645,.T.);
#8640 = FACE_BOUND('',#8641,.T.);
#8641 = EDGE_LOOP('',(#8642,#8665,#8686,#8687));
#8642 = ORIENTED_EDGE('',*,*,#8643,.T.);
#8643 = EDGE_CURVE('',#6579,#8644,#8646,.T.);
#8644 = VERTEX_POINT('',#8645);
#8645 = CARTESIAN_POINT('',(-93.86549621927,46.675,-2.89912152522));
#8646 = SURFACE_CURVE('',#8647,(#8651,#8658),.PCURVE_S1.);
#8647 = LINE('',#8648,#8649);
#8648 = CARTESIAN_POINT('',(-93.86549621927,46.075,-2.89912152522));
#8649 = VECTOR('',#8650,1.);
#8650 = DIRECTION('',(0.,1.,-0.));
#8651 = PCURVE('',#6645,#8652);
#8652 = DEFINITIONAL_REPRESENTATION('',(#8653),#8657);
#8653 = LINE('',#8654,#8655);
#8654 = CARTESIAN_POINT('',(0.,0.));
#8655 = VECTOR('',#8656,1.);
#8656 = DIRECTION('',(0.,-1.));
#8657 = ( GEOMETRIC_REPRESENTATION_CONTEXT(2) 
PARAMETRIC_REPRESENTATION_CONTEXT() REPRESENTATION_CONTEXT('2D SPACE',''
  ) );
#8658 = PCURVE('',#6608,#8659);
#8659 = DEFINITIONAL_REPRESENTATION('',(#8660),#8664);
#8660 = LINE('',#8661,#8662);
#8661 = CARTESIAN_POINT('',(0.,0.));
#8662 = VECTOR('',#8663,1.);
#8663 = DIRECTION('',(0.,-1.));
#8664 = ( GEOMETRIC_REPRESENTATION_CONTEXT(2) 
PARAMETRIC_REPRESENTATION_CONTEXT() REPRESENTATION_CONTEXT('2D SPACE',''
  ) );
#8665 = ORIENTED_EDGE('',*,*,#8666,.T.);
#8666 = EDGE_CURVE('',#8644,#8595,#8667,.T.);
#8667 = SURFACE_CURVE('',#8668,(#8672,#8679),.PCURVE_S1.);
#8668 = LINE('',#8669,#8670);
#8669 = CARTESIAN_POINT('',(-93.86549621927,46.675,-2.89912152522));
#8670 = VECTOR('',#8671,1.);
#8671 = DIRECTION('',(0.,0.,1.));
#8672 = PCURVE('',#6645,#8673);
#8673 = DEFINITIONAL_REPRESENTATION('',(#8674),#8678);
#8674 = LINE('',#8675,#8676);
#8675 = CARTESIAN_POINT('',(0.,-0.6));
#8676 = VECTOR('',#8677,1.);
#8677 = DIRECTION('',(1.,0.));
#8678 = ( GEOMETRIC_REPRESENTATION_CONTEXT(2) 
PARAMETRIC_REPRESENTATION_CONTEXT() REPRESENTATION_CONTEXT('2D SPACE',''
  ) );
#8679 = PCURVE('',#8453,#8680);
#8680 = DEFINITIONAL_REPRESENTATION('',(#8681),#8685);
#8681 = LINE('',#8682,#8683);
#8682 = CARTESIAN_POINT('',(2.975496419271,1.892003580729));
#8683 = VECTOR('',#8684,1.);
#8684 = DIRECTION('',(0.,1.));
#8685 = ( GEOMETRIC_REPRESENTATION_CONTEXT(2) 
PARAMETRIC_REPRESENTATION_CONTEXT() REPRESENTATION_CONTEXT('2D SPACE',''
  ) );
#8686 = ORIENTED_EDGE('',*,*,#8594,.F.);
#8687 = ORIENTED_EDGE('',*,*,#6629,.F.);
#8688 = ADVANCED_FACE('',(#8689),#6608,.F.);
#8689 = FACE_BOUND('',#8690,.F.);
#8690 = EDGE_LOOP('',(#8691,#8692,#8729,#8750));
#8691 = ORIENTED_EDGE('',*,*,#8643,.T.);
#8692 = ORIENTED_EDGE('',*,*,#8693,.T.);
#8693 = EDGE_CURVE('',#8644,#8694,#8696,.T.);
#8694 = VERTEX_POINT('',#8695);
#8695 = CARTESIAN_POINT('',(-92.4024998,46.675,-2.89912152522));
#8696 = SURFACE_CURVE('',#8697,(#8708,#8715),.PCURVE_S1.);
#8697 = B_SPLINE_CURVE_WITH_KNOTS('',2,(#8698,#8699,#8700,#8701,#8702,
    #8703,#8704,#8705,#8706,#8707),.UNSPECIFIED.,.F.,.F.,(3,1,1,1,1,1,1,
    1,3),(0.,1.,2.,3.,4.,5.000066436354,6.000132872708,7.000199309062,
    8.000265745416),.UNSPECIFIED.);
#8698 = CARTESIAN_POINT('',(-93.86549621927,46.675,-2.89912152522));
#8699 = CARTESIAN_POINT('',(-93.86549621927,46.675,-3.080628686678));
#8700 = CARTESIAN_POINT('',(-93.83799621927,46.675,-3.460132267407));
#8701 = CARTESIAN_POINT('',(-93.6949998,46.675,-3.768128686678));
#8702 = CARTESIAN_POINT('',(-93.40349263854,46.675,-3.960628686678));
#8703 = CARTESIAN_POINT('',(-92.86450338072,46.675,-3.960628686678));
#8704 = CARTESIAN_POINT('',(-92.5674998,46.675,-3.768128686678));
#8705 = CARTESIAN_POINT('',(-92.4299998,46.675,-3.460132267407));
#8706 = CARTESIAN_POINT('',(-92.4024998,46.675,-3.080628686678));
#8707 = CARTESIAN_POINT('',(-92.4024998,46.675,-2.89912152522));
#8708 = PCURVE('',#6608,#8709);
#8709 = DEFINITIONAL_REPRESENTATION('',(#8710),#8714);
#8710 = LINE('',#8711,#8712);
#8711 = CARTESIAN_POINT('',(0.,-0.6));
#8712 = VECTOR('',#8713,1.);
#8713 = DIRECTION('',(1.,0.));
#8714 = ( GEOMETRIC_REPRESENTATION_CONTEXT(2) 
PARAMETRIC_REPRESENTATION_CONTEXT() REPRESENTATION_CONTEXT('2D SPACE',''
  ) );
#8715 = PCURVE('',#8453,#8716);
#8716 = DEFINITIONAL_REPRESENTATION('',(#8717),#8728);
#8717 = B_SPLINE_CURVE_WITH_KNOTS('',2,(#8718,#8719,#8720,#8721,#8722,
    #8723,#8724,#8725,#8726,#8727),.UNSPECIFIED.,.F.,.F.,(3,1,1,1,1,1,1,
    1,3),(0.,1.,2.,3.,4.,5.000066436354,6.000132872708,7.000199309062,
    8.000265745416),.UNSPECIFIED.);
#8718 = CARTESIAN_POINT('',(2.975496419271,1.892003580729));
#8719 = CARTESIAN_POINT('',(2.975496419271,1.710496419271));
#8720 = CARTESIAN_POINT('',(2.947996419271,1.330992838542));
#8721 = CARTESIAN_POINT('',(2.805,1.022996419271));
#8722 = CARTESIAN_POINT('',(2.513492838542,0.830496419271));
#8723 = CARTESIAN_POINT('',(1.974503580729,0.830496419271));
#8724 = CARTESIAN_POINT('',(1.6775,1.022996419271));
#8725 = CARTESIAN_POINT('',(1.54,1.330992838542));
#8726 = CARTESIAN_POINT('',(1.5125,1.710496419271));
#8727 = CARTESIAN_POINT('',(1.5125,1.892003580729));
#8728 = ( GEOMETRIC_REPRESENTATION_CONTEXT(2) 
PARAMETRIC_REPRESENTATION_CONTEXT() REPRESENTATION_CONTEXT('2D SPACE',''
  ) );
#8729 = ORIENTED_EDGE('',*,*,#8730,.F.);
#8730 = EDGE_CURVE('',#6551,#8694,#8731,.T.);
#8731 = SURFACE_CURVE('',#8732,(#8736,#8743),.PCURVE_S1.);
#8732 = LINE('',#8733,#8734);
#8733 = CARTESIAN_POINT('',(-92.4024998,46.075,-2.89912152522));
#8734 = VECTOR('',#8735,1.);
#8735 = DIRECTION('',(0.,1.,-0.));
#8736 = PCURVE('',#6608,#8737);
#8737 = DEFINITIONAL_REPRESENTATION('',(#8738),#8742);
#8738 = LINE('',#8739,#8740);
#8739 = CARTESIAN_POINT('',(8.000265745416,0.));
#8740 = VECTOR('',#8741,1.);
#8741 = DIRECTION('',(0.,-1.));
#8742 = ( GEOMETRIC_REPRESENTATION_CONTEXT(2) 
PARAMETRIC_REPRESENTATION_CONTEXT() REPRESENTATION_CONTEXT('2D SPACE',''
  ) );
#8743 = PCURVE('',#6566,#8744);
#8744 = DEFINITIONAL_REPRESENTATION('',(#8745),#8749);
#8745 = LINE('',#8746,#8747);
#8746 = CARTESIAN_POINT('',(2.255,0.));
#8747 = VECTOR('',#8748,1.);
#8748 = DIRECTION('',(0.,-1.));
#8749 = ( GEOMETRIC_REPRESENTATION_CONTEXT(2) 
PARAMETRIC_REPRESENTATION_CONTEXT() REPRESENTATION_CONTEXT('2D SPACE',''
  ) );
#8750 = ORIENTED_EDGE('',*,*,#6578,.F.);
#8751 = ADVANCED_FACE('',(#8752),#6566,.T.);
#8752 = FACE_BOUND('',#8753,.T.);
#8753 = EDGE_LOOP('',(#8754,#8777,#8798,#8799));
#8754 = ORIENTED_EDGE('',*,*,#8755,.T.);
#8755 = EDGE_CURVE('',#6523,#8756,#8758,.T.);
#8756 = VERTEX_POINT('',#8757);
#8757 = CARTESIAN_POINT('',(-92.4024998,46.675,-0.64412152522));
#8758 = SURFACE_CURVE('',#8759,(#8763,#8770),.PCURVE_S1.);
#8759 = LINE('',#8760,#8761);
#8760 = CARTESIAN_POINT('',(-92.4024998,46.075,-0.64412152522));
#8761 = VECTOR('',#8762,1.);
#8762 = DIRECTION('',(0.,1.,-0.));
#8763 = PCURVE('',#6566,#8764);
#8764 = DEFINITIONAL_REPRESENTATION('',(#8765),#8769);
#8765 = LINE('',#8766,#8767);
#8766 = CARTESIAN_POINT('',(0.,-0.));
#8767 = VECTOR('',#8768,1.);
#8768 = DIRECTION('',(0.,-1.));
#8769 = ( GEOMETRIC_REPRESENTATION_CONTEXT(2) 
PARAMETRIC_REPRESENTATION_CONTEXT() REPRESENTATION_CONTEXT('2D SPACE',''
  ) );
#8770 = PCURVE('',#6538,#8771);
#8771 = DEFINITIONAL_REPRESENTATION('',(#8772),#8776);
#8772 = LINE('',#8773,#8774);
#8773 = CARTESIAN_POINT('',(1.077996419271,0.));
#8774 = VECTOR('',#8775,1.);
#8775 = DIRECTION('',(0.,-1.));
#8776 = ( GEOMETRIC_REPRESENTATION_CONTEXT(2) 
PARAMETRIC_REPRESENTATION_CONTEXT() REPRESENTATION_CONTEXT('2D SPACE',''
  ) );
#8777 = ORIENTED_EDGE('',*,*,#8778,.T.);
#8778 = EDGE_CURVE('',#8756,#8694,#8779,.T.);
#8779 = SURFACE_CURVE('',#8780,(#8784,#8791),.PCURVE_S1.);
#8780 = LINE('',#8781,#8782);
#8781 = CARTESIAN_POINT('',(-92.4024998,46.675,-0.64412152522));
#8782 = VECTOR('',#8783,1.);
#8783 = DIRECTION('',(-0.,0.,-1.));
#8784 = PCURVE('',#6566,#8785);
#8785 = DEFINITIONAL_REPRESENTATION('',(#8786),#8790);
#8786 = LINE('',#8787,#8788);
#8787 = CARTESIAN_POINT('',(0.,-0.6));
#8788 = VECTOR('',#8789,1.);
#8789 = DIRECTION('',(1.,0.));
#8790 = ( GEOMETRIC_REPRESENTATION_CONTEXT(2) 
PARAMETRIC_REPRESENTATION_CONTEXT() REPRESENTATION_CONTEXT('2D SPACE',''
  ) );
#8791 = PCURVE('',#8453,#8792);
#8792 = DEFINITIONAL_REPRESENTATION('',(#8793),#8797);
#8793 = LINE('',#8794,#8795);
#8794 = CARTESIAN_POINT('',(1.5125,4.147003580729));
#8795 = VECTOR('',#8796,1.);
#8796 = DIRECTION('',(0.,-1.));
#8797 = ( GEOMETRIC_REPRESENTATION_CONTEXT(2) 
PARAMETRIC_REPRESENTATION_CONTEXT() REPRESENTATION_CONTEXT('2D SPACE',''
  ) );
#8798 = ORIENTED_EDGE('',*,*,#8730,.F.);
#8799 = ORIENTED_EDGE('',*,*,#6550,.F.);
#8800 = ADVANCED_FACE('',(#8801),#6538,.T.);
#8801 = FACE_BOUND('',#8802,.T.);
#8802 = EDGE_LOOP('',(#8803,#8804,#8825,#8826));
#8803 = ORIENTED_EDGE('',*,*,#8465,.T.);
#8804 = ORIENTED_EDGE('',*,*,#8805,.T.);
#8805 = EDGE_CURVE('',#8438,#8756,#8806,.T.);
#8806 = SURFACE_CURVE('',#8807,(#8811,#8818),.PCURVE_S1.);
#8807 = LINE('',#8808,#8809);
#8808 = CARTESIAN_POINT('',(-91.32450338072,46.675,-0.64412152522));
#8809 = VECTOR('',#8810,1.);
#8810 = DIRECTION('',(-1.,0.,0.));
#8811 = PCURVE('',#6538,#8812);
#8812 = DEFINITIONAL_REPRESENTATION('',(#8813),#8817);
#8813 = LINE('',#8814,#8815);
#8814 = CARTESIAN_POINT('',(0.,-0.6));
#8815 = VECTOR('',#8816,1.);
#8816 = DIRECTION('',(1.,0.));
#8817 = ( GEOMETRIC_REPRESENTATION_CONTEXT(2) 
PARAMETRIC_REPRESENTATION_CONTEXT() REPRESENTATION_CONTEXT('2D SPACE',''
  ) );
#8818 = PCURVE('',#8453,#8819);
#8819 = DEFINITIONAL_REPRESENTATION('',(#8820),#8824);
#8820 = LINE('',#8821,#8822);
#8821 = CARTESIAN_POINT('',(0.434503580729,4.147003580729));
#8822 = VECTOR('',#8823,1.);
#8823 = DIRECTION('',(1.,0.));
#8824 = ( GEOMETRIC_REPRESENTATION_CONTEXT(2) 
PARAMETRIC_REPRESENTATION_CONTEXT() REPRESENTATION_CONTEXT('2D SPACE',''
  ) );
#8825 = ORIENTED_EDGE('',*,*,#8755,.F.);
#8826 = ORIENTED_EDGE('',*,*,#6522,.F.);
#8827 = ADVANCED_FACE('',(#8828),#6770,.T.);
#8828 = FACE_BOUND('',#8829,.T.);
#8829 = EDGE_LOOP('',(#8830,#8853,#8881,#8902));
#8830 = ORIENTED_EDGE('',*,*,#8831,.T.);
#8831 = EDGE_CURVE('',#6753,#8832,#8834,.T.);
#8832 = VERTEX_POINT('',#8833);
#8833 = CARTESIAN_POINT('',(-86.5649997,46.675,-0.64412152522));
#8834 = SURFACE_CURVE('',#8835,(#8839,#8846),.PCURVE_S1.);
#8835 = LINE('',#8836,#8837);
#8836 = CARTESIAN_POINT('',(-86.5649997,46.075,-0.64412152522));
#8837 = VECTOR('',#8838,1.);
#8838 = DIRECTION('',(0.,1.,-0.));
#8839 = PCURVE('',#6770,#8840);
#8840 = DEFINITIONAL_REPRESENTATION('',(#8841),#8845);
#8841 = LINE('',#8842,#8843);
#8842 = CARTESIAN_POINT('',(0.,0.));
#8843 = VECTOR('',#8844,1.);
#8844 = DIRECTION('',(0.,-1.));
#8845 = ( GEOMETRIC_REPRESENTATION_CONTEXT(2) 
PARAMETRIC_REPRESENTATION_CONTEXT() REPRESENTATION_CONTEXT('2D SPACE',''
  ) );
#8846 = PCURVE('',#7076,#8847);
#8847 = DEFINITIONAL_REPRESENTATION('',(#8848),#8852);
#8848 = LINE('',#8849,#8850);
#8849 = CARTESIAN_POINT('',(4.147003580729,0.));
#8850 = VECTOR('',#8851,1.);
#8851 = DIRECTION('',(0.,-1.));
#8852 = ( GEOMETRIC_REPRESENTATION_CONTEXT(2) 
PARAMETRIC_REPRESENTATION_CONTEXT() REPRESENTATION_CONTEXT('2D SPACE',''
  ) );
#8853 = ORIENTED_EDGE('',*,*,#8854,.T.);
#8854 = EDGE_CURVE('',#8832,#8855,#8857,.T.);
#8855 = VERTEX_POINT('',#8856);
#8856 = CARTESIAN_POINT('',(-88.92450328072,46.675,-0.64412152522));
#8857 = SURFACE_CURVE('',#8858,(#8862,#8869),.PCURVE_S1.);
#8858 = LINE('',#8859,#8860);
#8859 = CARTESIAN_POINT('',(-86.5649997,46.675,-0.64412152522));
#8860 = VECTOR('',#8861,1.);
#8861 = DIRECTION('',(-1.,0.,0.));
#8862 = PCURVE('',#6770,#8863);
#8863 = DEFINITIONAL_REPRESENTATION('',(#8864),#8868);
#8864 = LINE('',#8865,#8866);
#8865 = CARTESIAN_POINT('',(0.,-0.6));
#8866 = VECTOR('',#8867,1.);
#8867 = DIRECTION('',(1.,0.));
#8868 = ( GEOMETRIC_REPRESENTATION_CONTEXT(2) 
PARAMETRIC_REPRESENTATION_CONTEXT() REPRESENTATION_CONTEXT('2D SPACE',''
  ) );
#8869 = PCURVE('',#8870,#8875);
#8870 = PLANE('',#8871);
#8871 = AXIS2_PLACEMENT_3D('',#8872,#8873,#8874);
#8872 = CARTESIAN_POINT('',(-86.13049611927,46.675,-4.791125105949));
#8873 = DIRECTION('',(0.,1.,0.));
#8874 = DIRECTION('',(-1.,0.,0.));
#8875 = DEFINITIONAL_REPRESENTATION('',(#8876),#8880);
#8876 = LINE('',#8877,#8878);
#8877 = CARTESIAN_POINT('',(0.434503580729,4.147003580729));
#8878 = VECTOR('',#8879,1.);
#8879 = DIRECTION('',(1.,0.));
#8880 = ( GEOMETRIC_REPRESENTATION_CONTEXT(2) 
PARAMETRIC_REPRESENTATION_CONTEXT() REPRESENTATION_CONTEXT('2D SPACE',''
  ) );
#8881 = ORIENTED_EDGE('',*,*,#8882,.F.);
#8882 = EDGE_CURVE('',#6755,#8855,#8883,.T.);
#8883 = SURFACE_CURVE('',#8884,(#8888,#8895),.PCURVE_S1.);
#8884 = LINE('',#8885,#8886);
#8885 = CARTESIAN_POINT('',(-88.92450328072,46.075,-0.64412152522));
#8886 = VECTOR('',#8887,1.);
#8887 = DIRECTION('',(0.,1.,-0.));
#8888 = PCURVE('',#6770,#8889);
#8889 = DEFINITIONAL_REPRESENTATION('',(#8890),#8894);
#8890 = LINE('',#8891,#8892);
#8891 = CARTESIAN_POINT('',(2.359503580729,0.));
#8892 = VECTOR('',#8893,1.);
#8893 = DIRECTION('',(0.,-1.));
#8894 = ( GEOMETRIC_REPRESENTATION_CONTEXT(2) 
PARAMETRIC_REPRESENTATION_CONTEXT() REPRESENTATION_CONTEXT('2D SPACE',''
  ) );
#8895 = PCURVE('',#6798,#8896);
#8896 = DEFINITIONAL_REPRESENTATION('',(#8897),#8901);
#8897 = LINE('',#8898,#8899);
#8898 = CARTESIAN_POINT('',(0.,-0.));
#8899 = VECTOR('',#8900,1.);
#8900 = DIRECTION('',(0.,-1.));
#8901 = ( GEOMETRIC_REPRESENTATION_CONTEXT(2) 
PARAMETRIC_REPRESENTATION_CONTEXT() REPRESENTATION_CONTEXT('2D SPACE',''
  ) );
#8902 = ORIENTED_EDGE('',*,*,#6752,.F.);
#8903 = ADVANCED_FACE('',(#8904),#7076,.T.);
#8904 = FACE_BOUND('',#8905,.T.);
#8905 = EDGE_LOOP('',(#8906,#8929,#8950,#8951));
#8906 = ORIENTED_EDGE('',*,*,#8907,.T.);
#8907 = EDGE_CURVE('',#7035,#8908,#8910,.T.);
#8908 = VERTEX_POINT('',#8909);
#8909 = CARTESIAN_POINT('',(-86.5649997,46.675,-4.791125105949));
#8910 = SURFACE_CURVE('',#8911,(#8915,#8922),.PCURVE_S1.);
#8911 = LINE('',#8912,#8913);
#8912 = CARTESIAN_POINT('',(-86.5649997,46.075,-4.791125105949));
#8913 = VECTOR('',#8914,1.);
#8914 = DIRECTION('',(0.,1.,-0.));
#8915 = PCURVE('',#7076,#8916);
#8916 = DEFINITIONAL_REPRESENTATION('',(#8917),#8921);
#8917 = LINE('',#8918,#8919);
#8918 = CARTESIAN_POINT('',(0.,0.));
#8919 = VECTOR('',#8920,1.);
#8920 = DIRECTION('',(0.,-1.));
#8921 = ( GEOMETRIC_REPRESENTATION_CONTEXT(2) 
PARAMETRIC_REPRESENTATION_CONTEXT() REPRESENTATION_CONTEXT('2D SPACE',''
  ) );
#8922 = PCURVE('',#7050,#8923);
#8923 = DEFINITIONAL_REPRESENTATION('',(#8924),#8928);
#8924 = LINE('',#8925,#8926);
#8925 = CARTESIAN_POINT('',(2.359503580729,0.));
#8926 = VECTOR('',#8927,1.);
#8927 = DIRECTION('',(0.,-1.));
#8928 = ( GEOMETRIC_REPRESENTATION_CONTEXT(2) 
PARAMETRIC_REPRESENTATION_CONTEXT() REPRESENTATION_CONTEXT('2D SPACE',''
  ) );
#8929 = ORIENTED_EDGE('',*,*,#8930,.T.);
#8930 = EDGE_CURVE('',#8908,#8832,#8931,.T.);
#8931 = SURFACE_CURVE('',#8932,(#8936,#8943),.PCURVE_S1.);
#8932 = LINE('',#8933,#8934);
#8933 = CARTESIAN_POINT('',(-86.5649997,46.675,-4.791125105949));
#8934 = VECTOR('',#8935,1.);
#8935 = DIRECTION('',(0.,0.,1.));
#8936 = PCURVE('',#7076,#8937);
#8937 = DEFINITIONAL_REPRESENTATION('',(#8938),#8942);
#8938 = LINE('',#8939,#8940);
#8939 = CARTESIAN_POINT('',(0.,-0.6));
#8940 = VECTOR('',#8941,1.);
#8941 = DIRECTION('',(1.,0.));
#8942 = ( GEOMETRIC_REPRESENTATION_CONTEXT(2) 
PARAMETRIC_REPRESENTATION_CONTEXT() REPRESENTATION_CONTEXT('2D SPACE',''
  ) );
#8943 = PCURVE('',#8870,#8944);
#8944 = DEFINITIONAL_REPRESENTATION('',(#8945),#8949);
#8945 = LINE('',#8946,#8947);
#8946 = CARTESIAN_POINT('',(0.434503580729,0.));
#8947 = VECTOR('',#8948,1.);
#8948 = DIRECTION('',(0.,1.));
#8949 = ( GEOMETRIC_REPRESENTATION_CONTEXT(2) 
PARAMETRIC_REPRESENTATION_CONTEXT() REPRESENTATION_CONTEXT('2D SPACE',''
  ) );
#8950 = ORIENTED_EDGE('',*,*,#8831,.F.);
#8951 = ORIENTED_EDGE('',*,*,#7062,.F.);
#8952 = ADVANCED_FACE('',(#8953),#7050,.T.);
#8953 = FACE_BOUND('',#8954,.T.);
#8954 = EDGE_LOOP('',(#8955,#8978,#8999,#9000));
#8955 = ORIENTED_EDGE('',*,*,#8956,.T.);
#8956 = EDGE_CURVE('',#7007,#8957,#8959,.T.);
#8957 = VERTEX_POINT('',#8958);
#8958 = CARTESIAN_POINT('',(-88.92450328072,46.675,-4.791125105949));
#8959 = SURFACE_CURVE('',#8960,(#8964,#8971),.PCURVE_S1.);
#8960 = LINE('',#8961,#8962);
#8961 = CARTESIAN_POINT('',(-88.92450328072,46.075,-4.791125105949));
#8962 = VECTOR('',#8963,1.);
#8963 = DIRECTION('',(0.,1.,-0.));
#8964 = PCURVE('',#7050,#8965);
#8965 = DEFINITIONAL_REPRESENTATION('',(#8966),#8970);
#8966 = LINE('',#8967,#8968);
#8967 = CARTESIAN_POINT('',(0.,0.));
#8968 = VECTOR('',#8969,1.);
#8969 = DIRECTION('',(0.,-1.));
#8970 = ( GEOMETRIC_REPRESENTATION_CONTEXT(2) 
PARAMETRIC_REPRESENTATION_CONTEXT() REPRESENTATION_CONTEXT('2D SPACE',''
  ) );
#8971 = PCURVE('',#7022,#8972);
#8972 = DEFINITIONAL_REPRESENTATION('',(#8973),#8977);
#8973 = LINE('',#8974,#8975);
#8974 = CARTESIAN_POINT('',(0.912996419271,0.));
#8975 = VECTOR('',#8976,1.);
#8976 = DIRECTION('',(0.,-1.));
#8977 = ( GEOMETRIC_REPRESENTATION_CONTEXT(2) 
PARAMETRIC_REPRESENTATION_CONTEXT() REPRESENTATION_CONTEXT('2D SPACE',''
  ) );
#8978 = ORIENTED_EDGE('',*,*,#8979,.T.);
#8979 = EDGE_CURVE('',#8957,#8908,#8980,.T.);
#8980 = SURFACE_CURVE('',#8981,(#8985,#8992),.PCURVE_S1.);
#8981 = LINE('',#8982,#8983);
#8982 = CARTESIAN_POINT('',(-88.92450328072,46.675,-4.791125105949));
#8983 = VECTOR('',#8984,1.);
#8984 = DIRECTION('',(1.,0.,0.));
#8985 = PCURVE('',#7050,#8986);
#8986 = DEFINITIONAL_REPRESENTATION('',(#8987),#8991);
#8987 = LINE('',#8988,#8989);
#8988 = CARTESIAN_POINT('',(0.,-0.6));
#8989 = VECTOR('',#8990,1.);
#8990 = DIRECTION('',(1.,0.));
#8991 = ( GEOMETRIC_REPRESENTATION_CONTEXT(2) 
PARAMETRIC_REPRESENTATION_CONTEXT() REPRESENTATION_CONTEXT('2D SPACE',''
  ) );
#8992 = PCURVE('',#8870,#8993);
#8993 = DEFINITIONAL_REPRESENTATION('',(#8994),#8998);
#8994 = LINE('',#8995,#8996);
#8995 = CARTESIAN_POINT('',(2.794007161458,0.));
#8996 = VECTOR('',#8997,1.);
#8997 = DIRECTION('',(-1.,0.));
#8998 = ( GEOMETRIC_REPRESENTATION_CONTEXT(2) 
PARAMETRIC_REPRESENTATION_CONTEXT() REPRESENTATION_CONTEXT('2D SPACE',''
  ) );
#8999 = ORIENTED_EDGE('',*,*,#8907,.F.);
#9000 = ORIENTED_EDGE('',*,*,#7034,.F.);
#9001 = ADVANCED_FACE('',(#9002),#7022,.T.);
#9002 = FACE_BOUND('',#9003,.T.);
#9003 = EDGE_LOOP('',(#9004,#9027,#9048,#9049));
#9004 = ORIENTED_EDGE('',*,*,#9005,.T.);
#9005 = EDGE_CURVE('',#6979,#9006,#9008,.T.);
#9006 = VERTEX_POINT('',#9007);
#9007 = CARTESIAN_POINT('',(-88.92450328072,46.675,-3.878128686678));
#9008 = SURFACE_CURVE('',#9009,(#9013,#9020),.PCURVE_S1.);
#9009 = LINE('',#9010,#9011);
#9010 = CARTESIAN_POINT('',(-88.92450328072,46.075,-3.878128686678));
#9011 = VECTOR('',#9012,1.);
#9012 = DIRECTION('',(0.,1.,-0.));
#9013 = PCURVE('',#7022,#9014);
#9014 = DEFINITIONAL_REPRESENTATION('',(#9015),#9019);
#9015 = LINE('',#9016,#9017);
#9016 = CARTESIAN_POINT('',(0.,-0.));
#9017 = VECTOR('',#9018,1.);
#9018 = DIRECTION('',(0.,-1.));
#9019 = ( GEOMETRIC_REPRESENTATION_CONTEXT(2) 
PARAMETRIC_REPRESENTATION_CONTEXT() REPRESENTATION_CONTEXT('2D SPACE',''
  ) );
#9020 = PCURVE('',#6994,#9021);
#9021 = DEFINITIONAL_REPRESENTATION('',(#9022),#9026);
#9022 = LINE('',#9023,#9024);
#9023 = CARTESIAN_POINT('',(1.281507161458,0.));
#9024 = VECTOR('',#9025,1.);
#9025 = DIRECTION('',(0.,-1.));
#9026 = ( GEOMETRIC_REPRESENTATION_CONTEXT(2) 
PARAMETRIC_REPRESENTATION_CONTEXT() REPRESENTATION_CONTEXT('2D SPACE',''
  ) );
#9027 = ORIENTED_EDGE('',*,*,#9028,.T.);
#9028 = EDGE_CURVE('',#9006,#8957,#9029,.T.);
#9029 = SURFACE_CURVE('',#9030,(#9034,#9041),.PCURVE_S1.);
#9030 = LINE('',#9031,#9032);
#9031 = CARTESIAN_POINT('',(-88.92450328072,46.675,-3.878128686678));
#9032 = VECTOR('',#9033,1.);
#9033 = DIRECTION('',(-0.,0.,-1.));
#9034 = PCURVE('',#7022,#9035);
#9035 = DEFINITIONAL_REPRESENTATION('',(#9036),#9040);
#9036 = LINE('',#9037,#9038);
#9037 = CARTESIAN_POINT('',(0.,-0.6));
#9038 = VECTOR('',#9039,1.);
#9039 = DIRECTION('',(1.,0.));
#9040 = ( GEOMETRIC_REPRESENTATION_CONTEXT(2) 
PARAMETRIC_REPRESENTATION_CONTEXT() REPRESENTATION_CONTEXT('2D SPACE',''
  ) );
#9041 = PCURVE('',#8870,#9042);
#9042 = DEFINITIONAL_REPRESENTATION('',(#9043),#9047);
#9043 = LINE('',#9044,#9045);
#9044 = CARTESIAN_POINT('',(2.794007161458,0.912996419271));
#9045 = VECTOR('',#9046,1.);
#9046 = DIRECTION('',(0.,-1.));
#9047 = ( GEOMETRIC_REPRESENTATION_CONTEXT(2) 
PARAMETRIC_REPRESENTATION_CONTEXT() REPRESENTATION_CONTEXT('2D SPACE',''
  ) );
#9048 = ORIENTED_EDGE('',*,*,#8956,.F.);
#9049 = ORIENTED_EDGE('',*,*,#7006,.F.);
#9050 = ADVANCED_FACE('',(#9051),#6994,.T.);
#9051 = FACE_BOUND('',#9052,.T.);
#9052 = EDGE_LOOP('',(#9053,#9076,#9097,#9098));
#9053 = ORIENTED_EDGE('',*,*,#9054,.T.);
#9054 = EDGE_CURVE('',#6951,#9055,#9057,.T.);
#9055 = VERTEX_POINT('',#9056);
#9056 = CARTESIAN_POINT('',(-87.64299611927,46.675,-3.878128686678));
#9057 = SURFACE_CURVE('',#9058,(#9062,#9069),.PCURVE_S1.);
#9058 = LINE('',#9059,#9060);
#9059 = CARTESIAN_POINT('',(-87.64299611927,46.075,-3.878128686678));
#9060 = VECTOR('',#9061,1.);
#9061 = DIRECTION('',(0.,1.,-0.));
#9062 = PCURVE('',#6994,#9063);
#9063 = DEFINITIONAL_REPRESENTATION('',(#9064),#9068);
#9064 = LINE('',#9065,#9066);
#9065 = CARTESIAN_POINT('',(0.,0.));
#9066 = VECTOR('',#9067,1.);
#9067 = DIRECTION('',(0.,-1.));
#9068 = ( GEOMETRIC_REPRESENTATION_CONTEXT(2) 
PARAMETRIC_REPRESENTATION_CONTEXT() REPRESENTATION_CONTEXT('2D SPACE',''
  ) );
#9069 = PCURVE('',#6966,#9070);
#9070 = DEFINITIONAL_REPRESENTATION('',(#9071),#9075);
#9071 = LINE('',#9072,#9073);
#9072 = CARTESIAN_POINT('',(0.715,0.));
#9073 = VECTOR('',#9074,1.);
#9074 = DIRECTION('',(0.,-1.));
#9075 = ( GEOMETRIC_REPRESENTATION_CONTEXT(2) 
PARAMETRIC_REPRESENTATION_CONTEXT() REPRESENTATION_CONTEXT('2D SPACE',''
  ) );
#9076 = ORIENTED_EDGE('',*,*,#9077,.T.);
#9077 = EDGE_CURVE('',#9055,#9006,#9078,.T.);
#9078 = SURFACE_CURVE('',#9079,(#9083,#9090),.PCURVE_S1.);
#9079 = LINE('',#9080,#9081);
#9080 = CARTESIAN_POINT('',(-87.64299611927,46.675,-3.878128686678));
#9081 = VECTOR('',#9082,1.);
#9082 = DIRECTION('',(-1.,0.,0.));
#9083 = PCURVE('',#6994,#9084);
#9084 = DEFINITIONAL_REPRESENTATION('',(#9085),#9089);
#9085 = LINE('',#9086,#9087);
#9086 = CARTESIAN_POINT('',(0.,-0.6));
#9087 = VECTOR('',#9088,1.);
#9088 = DIRECTION('',(1.,0.));
#9089 = ( GEOMETRIC_REPRESENTATION_CONTEXT(2) 
PARAMETRIC_REPRESENTATION_CONTEXT() REPRESENTATION_CONTEXT('2D SPACE',''
  ) );
#9090 = PCURVE('',#8870,#9091);
#9091 = DEFINITIONAL_REPRESENTATION('',(#9092),#9096);
#9092 = LINE('',#9093,#9094);
#9093 = CARTESIAN_POINT('',(1.5125,0.912996419271));
#9094 = VECTOR('',#9095,1.);
#9095 = DIRECTION('',(1.,0.));
#9096 = ( GEOMETRIC_REPRESENTATION_CONTEXT(2) 
PARAMETRIC_REPRESENTATION_CONTEXT() REPRESENTATION_CONTEXT('2D SPACE',''
  ) );
#9097 = ORIENTED_EDGE('',*,*,#9005,.F.);
#9098 = ORIENTED_EDGE('',*,*,#6978,.F.);
#9099 = ADVANCED_FACE('',(#9100),#6966,.T.);
#9100 = FACE_BOUND('',#9101,.T.);
#9101 = EDGE_LOOP('',(#9102,#9125,#9146,#9147));
#9102 = ORIENTED_EDGE('',*,*,#9103,.T.);
#9103 = EDGE_CURVE('',#6923,#9104,#9106,.T.);
#9104 = VERTEX_POINT('',#9105);
#9105 = CARTESIAN_POINT('',(-87.64299611927,46.675,-3.163128686678));
#9106 = SURFACE_CURVE('',#9107,(#9111,#9118),.PCURVE_S1.);
#9107 = LINE('',#9108,#9109);
#9108 = CARTESIAN_POINT('',(-87.64299611927,46.075,-3.163128686678));
#9109 = VECTOR('',#9110,1.);
#9110 = DIRECTION('',(0.,1.,-0.));
#9111 = PCURVE('',#6966,#9112);
#9112 = DEFINITIONAL_REPRESENTATION('',(#9113),#9117);
#9113 = LINE('',#9114,#9115);
#9114 = CARTESIAN_POINT('',(0.,-0.));
#9115 = VECTOR('',#9116,1.);
#9116 = DIRECTION('',(0.,-1.));
#9117 = ( GEOMETRIC_REPRESENTATION_CONTEXT(2) 
PARAMETRIC_REPRESENTATION_CONTEXT() REPRESENTATION_CONTEXT('2D SPACE',''
  ) );
#9118 = PCURVE('',#6938,#9119);
#9119 = DEFINITIONAL_REPRESENTATION('',(#9120),#9124);
#9120 = LINE('',#9121,#9122);
#9121 = CARTESIAN_POINT('',(1.21,0.));
#9122 = VECTOR('',#9123,1.);
#9123 = DIRECTION('',(0.,-1.));
#9124 = ( GEOMETRIC_REPRESENTATION_CONTEXT(2) 
PARAMETRIC_REPRESENTATION_CONTEXT() REPRESENTATION_CONTEXT('2D SPACE',''
  ) );
#9125 = ORIENTED_EDGE('',*,*,#9126,.T.);
#9126 = EDGE_CURVE('',#9104,#9055,#9127,.T.);
#9127 = SURFACE_CURVE('',#9128,(#9132,#9139),.PCURVE_S1.);
#9128 = LINE('',#9129,#9130);
#9129 = CARTESIAN_POINT('',(-87.64299611927,46.675,-3.163128686678));
#9130 = VECTOR('',#9131,1.);
#9131 = DIRECTION('',(-0.,0.,-1.));
#9132 = PCURVE('',#6966,#9133);
#9133 = DEFINITIONAL_REPRESENTATION('',(#9134),#9138);
#9134 = LINE('',#9135,#9136);
#9135 = CARTESIAN_POINT('',(0.,-0.6));
#9136 = VECTOR('',#9137,1.);
#9137 = DIRECTION('',(1.,0.));
#9138 = ( GEOMETRIC_REPRESENTATION_CONTEXT(2) 
PARAMETRIC_REPRESENTATION_CONTEXT() REPRESENTATION_CONTEXT('2D SPACE',''
  ) );
#9139 = PCURVE('',#8870,#9140);
#9140 = DEFINITIONAL_REPRESENTATION('',(#9141),#9145);
#9141 = LINE('',#9142,#9143);
#9142 = CARTESIAN_POINT('',(1.5125,1.627996419271));
#9143 = VECTOR('',#9144,1.);
#9144 = DIRECTION('',(0.,-1.));
#9145 = ( GEOMETRIC_REPRESENTATION_CONTEXT(2) 
PARAMETRIC_REPRESENTATION_CONTEXT() REPRESENTATION_CONTEXT('2D SPACE',''
  ) );
#9146 = ORIENTED_EDGE('',*,*,#9054,.F.);
#9147 = ORIENTED_EDGE('',*,*,#6950,.F.);
#9148 = ADVANCED_FACE('',(#9149),#6938,.T.);
#9149 = FACE_BOUND('',#9150,.T.);
#9150 = EDGE_LOOP('',(#9151,#9174,#9195,#9196));
#9151 = ORIENTED_EDGE('',*,*,#9152,.T.);
#9152 = EDGE_CURVE('',#6895,#9153,#9155,.T.);
#9153 = VERTEX_POINT('',#9154);
#9154 = CARTESIAN_POINT('',(-88.85299611927,46.675,-3.163128686678));
#9155 = SURFACE_CURVE('',#9156,(#9160,#9167),.PCURVE_S1.);
#9156 = LINE('',#9157,#9158);
#9157 = CARTESIAN_POINT('',(-88.85299611927,46.075,-3.163128686678));
#9158 = VECTOR('',#9159,1.);
#9159 = DIRECTION('',(0.,1.,-0.));
#9160 = PCURVE('',#6938,#9161);
#9161 = DEFINITIONAL_REPRESENTATION('',(#9162),#9166);
#9162 = LINE('',#9163,#9164);
#9163 = CARTESIAN_POINT('',(0.,0.));
#9164 = VECTOR('',#9165,1.);
#9165 = DIRECTION('',(0.,-1.));
#9166 = ( GEOMETRIC_REPRESENTATION_CONTEXT(2) 
PARAMETRIC_REPRESENTATION_CONTEXT() REPRESENTATION_CONTEXT('2D SPACE',''
  ) );
#9167 = PCURVE('',#6910,#9168);
#9168 = DEFINITIONAL_REPRESENTATION('',(#9169),#9173);
#9169 = LINE('',#9170,#9171);
#9170 = CARTESIAN_POINT('',(0.912996419271,0.));
#9171 = VECTOR('',#9172,1.);
#9172 = DIRECTION('',(0.,-1.));
#9173 = ( GEOMETRIC_REPRESENTATION_CONTEXT(2) 
PARAMETRIC_REPRESENTATION_CONTEXT() REPRESENTATION_CONTEXT('2D SPACE',''
  ) );
#9174 = ORIENTED_EDGE('',*,*,#9175,.T.);
#9175 = EDGE_CURVE('',#9153,#9104,#9176,.T.);
#9176 = SURFACE_CURVE('',#9177,(#9181,#9188),.PCURVE_S1.);
#9177 = LINE('',#9178,#9179);
#9178 = CARTESIAN_POINT('',(-88.85299611927,46.675,-3.163128686678));
#9179 = VECTOR('',#9180,1.);
#9180 = DIRECTION('',(1.,0.,0.));
#9181 = PCURVE('',#6938,#9182);
#9182 = DEFINITIONAL_REPRESENTATION('',(#9183),#9187);
#9183 = LINE('',#9184,#9185);
#9184 = CARTESIAN_POINT('',(0.,-0.6));
#9185 = VECTOR('',#9186,1.);
#9186 = DIRECTION('',(1.,0.));
#9187 = ( GEOMETRIC_REPRESENTATION_CONTEXT(2) 
PARAMETRIC_REPRESENTATION_CONTEXT() REPRESENTATION_CONTEXT('2D SPACE',''
  ) );
#9188 = PCURVE('',#8870,#9189);
#9189 = DEFINITIONAL_REPRESENTATION('',(#9190),#9194);
#9190 = LINE('',#9191,#9192);
#9191 = CARTESIAN_POINT('',(2.7225,1.627996419271));
#9192 = VECTOR('',#9193,1.);
#9193 = DIRECTION('',(-1.,0.));
#9194 = ( GEOMETRIC_REPRESENTATION_CONTEXT(2) 
PARAMETRIC_REPRESENTATION_CONTEXT() REPRESENTATION_CONTEXT('2D SPACE',''
  ) );
#9195 = ORIENTED_EDGE('',*,*,#9103,.F.);
#9196 = ORIENTED_EDGE('',*,*,#6922,.F.);
#9197 = ADVANCED_FACE('',(#9198),#6910,.T.);
#9198 = FACE_BOUND('',#9199,.T.);
#9199 = EDGE_LOOP('',(#9200,#9223,#9244,#9245));
#9200 = ORIENTED_EDGE('',*,*,#9201,.T.);
#9201 = EDGE_CURVE('',#6867,#9202,#9204,.T.);
#9202 = VERTEX_POINT('',#9203);
#9203 = CARTESIAN_POINT('',(-88.85299611927,46.675,-2.250132267407));
#9204 = SURFACE_CURVE('',#9205,(#9209,#9216),.PCURVE_S1.);
#9205 = LINE('',#9206,#9207);
#9206 = CARTESIAN_POINT('',(-88.85299611927,46.075,-2.250132267407));
#9207 = VECTOR('',#9208,1.);
#9208 = DIRECTION('',(0.,1.,-0.));
#9209 = PCURVE('',#6910,#9210);
#9210 = DEFINITIONAL_REPRESENTATION('',(#9211),#9215);
#9211 = LINE('',#9212,#9213);
#9212 = CARTESIAN_POINT('',(0.,-0.));
#9213 = VECTOR('',#9214,1.);
#9214 = DIRECTION('',(0.,-1.));
#9215 = ( GEOMETRIC_REPRESENTATION_CONTEXT(2) 
PARAMETRIC_REPRESENTATION_CONTEXT() REPRESENTATION_CONTEXT('2D SPACE',''
  ) );
#9216 = PCURVE('',#6882,#9217);
#9217 = DEFINITIONAL_REPRESENTATION('',(#9218),#9222);
#9218 = LINE('',#9219,#9220);
#9219 = CARTESIAN_POINT('',(1.21,0.));
#9220 = VECTOR('',#9221,1.);
#9221 = DIRECTION('',(0.,-1.));
#9222 = ( GEOMETRIC_REPRESENTATION_CONTEXT(2) 
PARAMETRIC_REPRESENTATION_CONTEXT() REPRESENTATION_CONTEXT('2D SPACE',''
  ) );
#9223 = ORIENTED_EDGE('',*,*,#9224,.T.);
#9224 = EDGE_CURVE('',#9202,#9153,#9225,.T.);
#9225 = SURFACE_CURVE('',#9226,(#9230,#9237),.PCURVE_S1.);
#9226 = LINE('',#9227,#9228);
#9227 = CARTESIAN_POINT('',(-88.85299611927,46.675,-2.250132267407));
#9228 = VECTOR('',#9229,1.);
#9229 = DIRECTION('',(-0.,0.,-1.));
#9230 = PCURVE('',#6910,#9231);
#9231 = DEFINITIONAL_REPRESENTATION('',(#9232),#9236);
#9232 = LINE('',#9233,#9234);
#9233 = CARTESIAN_POINT('',(0.,-0.6));
#9234 = VECTOR('',#9235,1.);
#9235 = DIRECTION('',(1.,0.));
#9236 = ( GEOMETRIC_REPRESENTATION_CONTEXT(2) 
PARAMETRIC_REPRESENTATION_CONTEXT() REPRESENTATION_CONTEXT('2D SPACE',''
  ) );
#9237 = PCURVE('',#8870,#9238);
#9238 = DEFINITIONAL_REPRESENTATION('',(#9239),#9243);
#9239 = LINE('',#9240,#9241);
#9240 = CARTESIAN_POINT('',(2.7225,2.540992838542));
#9241 = VECTOR('',#9242,1.);
#9242 = DIRECTION('',(0.,-1.));
#9243 = ( GEOMETRIC_REPRESENTATION_CONTEXT(2) 
PARAMETRIC_REPRESENTATION_CONTEXT() REPRESENTATION_CONTEXT('2D SPACE',''
  ) );
#9244 = ORIENTED_EDGE('',*,*,#9152,.F.);
#9245 = ORIENTED_EDGE('',*,*,#6894,.F.);
#9246 = ADVANCED_FACE('',(#9247),#6882,.T.);
#9247 = FACE_BOUND('',#9248,.T.);
#9248 = EDGE_LOOP('',(#9249,#9272,#9293,#9294));
#9249 = ORIENTED_EDGE('',*,*,#9250,.T.);
#9250 = EDGE_CURVE('',#6839,#9251,#9253,.T.);
#9251 = VERTEX_POINT('',#9252);
#9252 = CARTESIAN_POINT('',(-87.64299611927,46.675,-2.250132267407));
#9253 = SURFACE_CURVE('',#9254,(#9258,#9265),.PCURVE_S1.);
#9254 = LINE('',#9255,#9256);
#9255 = CARTESIAN_POINT('',(-87.64299611927,46.075,-2.250132267407));
#9256 = VECTOR('',#9257,1.);
#9257 = DIRECTION('',(0.,1.,-0.));
#9258 = PCURVE('',#6882,#9259);
#9259 = DEFINITIONAL_REPRESENTATION('',(#9260),#9264);
#9260 = LINE('',#9261,#9262);
#9261 = CARTESIAN_POINT('',(0.,0.));
#9262 = VECTOR('',#9263,1.);
#9263 = DIRECTION('',(0.,-1.));
#9264 = ( GEOMETRIC_REPRESENTATION_CONTEXT(2) 
PARAMETRIC_REPRESENTATION_CONTEXT() REPRESENTATION_CONTEXT('2D SPACE',''
  ) );
#9265 = PCURVE('',#6854,#9266);
#9266 = DEFINITIONAL_REPRESENTATION('',(#9267),#9271);
#9267 = LINE('',#9268,#9269);
#9268 = CARTESIAN_POINT('',(0.693014322917,0.));
#9269 = VECTOR('',#9270,1.);
#9270 = DIRECTION('',(0.,-1.));
#9271 = ( GEOMETRIC_REPRESENTATION_CONTEXT(2) 
PARAMETRIC_REPRESENTATION_CONTEXT() REPRESENTATION_CONTEXT('2D SPACE',''
  ) );
#9272 = ORIENTED_EDGE('',*,*,#9273,.T.);
#9273 = EDGE_CURVE('',#9251,#9202,#9274,.T.);
#9274 = SURFACE_CURVE('',#9275,(#9279,#9286),.PCURVE_S1.);
#9275 = LINE('',#9276,#9277);
#9276 = CARTESIAN_POINT('',(-87.64299611927,46.675,-2.250132267407));
#9277 = VECTOR('',#9278,1.);
#9278 = DIRECTION('',(-1.,0.,0.));
#9279 = PCURVE('',#6882,#9280);
#9280 = DEFINITIONAL_REPRESENTATION('',(#9281),#9285);
#9281 = LINE('',#9282,#9283);
#9282 = CARTESIAN_POINT('',(0.,-0.6));
#9283 = VECTOR('',#9284,1.);
#9284 = DIRECTION('',(1.,0.));
#9285 = ( GEOMETRIC_REPRESENTATION_CONTEXT(2) 
PARAMETRIC_REPRESENTATION_CONTEXT() REPRESENTATION_CONTEXT('2D SPACE',''
  ) );
#9286 = PCURVE('',#8870,#9287);
#9287 = DEFINITIONAL_REPRESENTATION('',(#9288),#9292);
#9288 = LINE('',#9289,#9290);
#9289 = CARTESIAN_POINT('',(1.5125,2.540992838542));
#9290 = VECTOR('',#9291,1.);
#9291 = DIRECTION('',(1.,0.));
#9292 = ( GEOMETRIC_REPRESENTATION_CONTEXT(2) 
PARAMETRIC_REPRESENTATION_CONTEXT() REPRESENTATION_CONTEXT('2D SPACE',''
  ) );
#9293 = ORIENTED_EDGE('',*,*,#9201,.F.);
#9294 = ORIENTED_EDGE('',*,*,#6866,.F.);
#9295 = ADVANCED_FACE('',(#9296),#6854,.T.);
#9296 = FACE_BOUND('',#9297,.T.);
#9297 = EDGE_LOOP('',(#9298,#9321,#9342,#9343));
#9298 = ORIENTED_EDGE('',*,*,#9299,.T.);
#9299 = EDGE_CURVE('',#6811,#9300,#9302,.T.);
#9300 = VERTEX_POINT('',#9301);
#9301 = CARTESIAN_POINT('',(-87.64299611927,46.675,-1.557117944491));
#9302 = SURFACE_CURVE('',#9303,(#9307,#9314),.PCURVE_S1.);
#9303 = LINE('',#9304,#9305);
#9304 = CARTESIAN_POINT('',(-87.64299611927,46.075,-1.557117944491));
#9305 = VECTOR('',#9306,1.);
#9306 = DIRECTION('',(0.,1.,-0.));
#9307 = PCURVE('',#6854,#9308);
#9308 = DEFINITIONAL_REPRESENTATION('',(#9309),#9313);
#9309 = LINE('',#9310,#9311);
#9310 = CARTESIAN_POINT('',(0.,-0.));
#9311 = VECTOR('',#9312,1.);
#9312 = DIRECTION('',(0.,-1.));
#9313 = ( GEOMETRIC_REPRESENTATION_CONTEXT(2) 
PARAMETRIC_REPRESENTATION_CONTEXT() REPRESENTATION_CONTEXT('2D SPACE',''
  ) );
#9314 = PCURVE('',#6826,#9315);
#9315 = DEFINITIONAL_REPRESENTATION('',(#9316),#9320);
#9316 = LINE('',#9317,#9318);
#9317 = CARTESIAN_POINT('',(1.281507161458,0.));
#9318 = VECTOR('',#9319,1.);
#9319 = DIRECTION('',(0.,-1.));
#9320 = ( GEOMETRIC_REPRESENTATION_CONTEXT(2) 
PARAMETRIC_REPRESENTATION_CONTEXT() REPRESENTATION_CONTEXT('2D SPACE',''
  ) );
#9321 = ORIENTED_EDGE('',*,*,#9322,.T.);
#9322 = EDGE_CURVE('',#9300,#9251,#9323,.T.);
#9323 = SURFACE_CURVE('',#9324,(#9328,#9335),.PCURVE_S1.);
#9324 = LINE('',#9325,#9326);
#9325 = CARTESIAN_POINT('',(-87.64299611927,46.675,-1.557117944491));
#9326 = VECTOR('',#9327,1.);
#9327 = DIRECTION('',(-0.,0.,-1.));
#9328 = PCURVE('',#6854,#9329);
#9329 = DEFINITIONAL_REPRESENTATION('',(#9330),#9334);
#9330 = LINE('',#9331,#9332);
#9331 = CARTESIAN_POINT('',(0.,-0.6));
#9332 = VECTOR('',#9333,1.);
#9333 = DIRECTION('',(1.,0.));
#9334 = ( GEOMETRIC_REPRESENTATION_CONTEXT(2) 
PARAMETRIC_REPRESENTATION_CONTEXT() REPRESENTATION_CONTEXT('2D SPACE',''
  ) );
#9335 = PCURVE('',#8870,#9336);
#9336 = DEFINITIONAL_REPRESENTATION('',(#9337),#9341);
#9337 = LINE('',#9338,#9339);
#9338 = CARTESIAN_POINT('',(1.5125,3.234007161458));
#9339 = VECTOR('',#9340,1.);
#9340 = DIRECTION('',(0.,-1.));
#9341 = ( GEOMETRIC_REPRESENTATION_CONTEXT(2) 
PARAMETRIC_REPRESENTATION_CONTEXT() REPRESENTATION_CONTEXT('2D SPACE',''
  ) );
#9342 = ORIENTED_EDGE('',*,*,#9250,.F.);
#9343 = ORIENTED_EDGE('',*,*,#6838,.F.);
#9344 = ADVANCED_FACE('',(#9345),#6826,.T.);
#9345 = FACE_BOUND('',#9346,.T.);
#9346 = EDGE_LOOP('',(#9347,#9370,#9391,#9392));
#9347 = ORIENTED_EDGE('',*,*,#9348,.T.);
#9348 = EDGE_CURVE('',#6783,#9349,#9351,.T.);
#9349 = VERTEX_POINT('',#9350);
#9350 = CARTESIAN_POINT('',(-88.92450328072,46.675,-1.557117944491));
#9351 = SURFACE_CURVE('',#9352,(#9356,#9363),.PCURVE_S1.);
#9352 = LINE('',#9353,#9354);
#9353 = CARTESIAN_POINT('',(-88.92450328072,46.075,-1.557117944491));
#9354 = VECTOR('',#9355,1.);
#9355 = DIRECTION('',(0.,1.,-0.));
#9356 = PCURVE('',#6826,#9357);
#9357 = DEFINITIONAL_REPRESENTATION('',(#9358),#9362);
#9358 = LINE('',#9359,#9360);
#9359 = CARTESIAN_POINT('',(0.,0.));
#9360 = VECTOR('',#9361,1.);
#9361 = DIRECTION('',(0.,-1.));
#9362 = ( GEOMETRIC_REPRESENTATION_CONTEXT(2) 
PARAMETRIC_REPRESENTATION_CONTEXT() REPRESENTATION_CONTEXT('2D SPACE',''
  ) );
#9363 = PCURVE('',#6798,#9364);
#9364 = DEFINITIONAL_REPRESENTATION('',(#9365),#9369);
#9365 = LINE('',#9366,#9367);
#9366 = CARTESIAN_POINT('',(0.912996419271,0.));
#9367 = VECTOR('',#9368,1.);
#9368 = DIRECTION('',(0.,-1.));
#9369 = ( GEOMETRIC_REPRESENTATION_CONTEXT(2) 
PARAMETRIC_REPRESENTATION_CONTEXT() REPRESENTATION_CONTEXT('2D SPACE',''
  ) );
#9370 = ORIENTED_EDGE('',*,*,#9371,.T.);
#9371 = EDGE_CURVE('',#9349,#9300,#9372,.T.);
#9372 = SURFACE_CURVE('',#9373,(#9377,#9384),.PCURVE_S1.);
#9373 = LINE('',#9374,#9375);
#9374 = CARTESIAN_POINT('',(-88.92450328072,46.675,-1.557117944491));
#9375 = VECTOR('',#9376,1.);
#9376 = DIRECTION('',(1.,0.,0.));
#9377 = PCURVE('',#6826,#9378);
#9378 = DEFINITIONAL_REPRESENTATION('',(#9379),#9383);
#9379 = LINE('',#9380,#9381);
#9380 = CARTESIAN_POINT('',(0.,-0.6));
#9381 = VECTOR('',#9382,1.);
#9382 = DIRECTION('',(1.,0.));
#9383 = ( GEOMETRIC_REPRESENTATION_CONTEXT(2) 
PARAMETRIC_REPRESENTATION_CONTEXT() REPRESENTATION_CONTEXT('2D SPACE',''
  ) );
#9384 = PCURVE('',#8870,#9385);
#9385 = DEFINITIONAL_REPRESENTATION('',(#9386),#9390);
#9386 = LINE('',#9387,#9388);
#9387 = CARTESIAN_POINT('',(2.794007161458,3.234007161458));
#9388 = VECTOR('',#9389,1.);
#9389 = DIRECTION('',(-1.,0.));
#9390 = ( GEOMETRIC_REPRESENTATION_CONTEXT(2) 
PARAMETRIC_REPRESENTATION_CONTEXT() REPRESENTATION_CONTEXT('2D SPACE',''
  ) );
#9391 = ORIENTED_EDGE('',*,*,#9299,.F.);
#9392 = ORIENTED_EDGE('',*,*,#6810,.F.);
#9393 = ADVANCED_FACE('',(#9394),#6798,.T.);
#9394 = FACE_BOUND('',#9395,.T.);
#9395 = EDGE_LOOP('',(#9396,#9397,#9418,#9419));
#9396 = ORIENTED_EDGE('',*,*,#8882,.T.);
#9397 = ORIENTED_EDGE('',*,*,#9398,.T.);
#9398 = EDGE_CURVE('',#8855,#9349,#9399,.T.);
#9399 = SURFACE_CURVE('',#9400,(#9404,#9411),.PCURVE_S1.);
#9400 = LINE('',#9401,#9402);
#9401 = CARTESIAN_POINT('',(-88.92450328072,46.675,-0.64412152522));
#9402 = VECTOR('',#9403,1.);
#9403 = DIRECTION('',(-0.,0.,-1.));
#9404 = PCURVE('',#6798,#9405);
#9405 = DEFINITIONAL_REPRESENTATION('',(#9406),#9410);
#9406 = LINE('',#9407,#9408);
#9407 = CARTESIAN_POINT('',(0.,-0.6));
#9408 = VECTOR('',#9409,1.);
#9409 = DIRECTION('',(1.,0.));
#9410 = ( GEOMETRIC_REPRESENTATION_CONTEXT(2) 
PARAMETRIC_REPRESENTATION_CONTEXT() REPRESENTATION_CONTEXT('2D SPACE',''
  ) );
#9411 = PCURVE('',#8870,#9412);
#9412 = DEFINITIONAL_REPRESENTATION('',(#9413),#9417);
#9413 = LINE('',#9414,#9415);
#9414 = CARTESIAN_POINT('',(2.794007161458,4.147003580729));
#9415 = VECTOR('',#9416,1.);
#9416 = DIRECTION('',(0.,-1.));
#9417 = ( GEOMETRIC_REPRESENTATION_CONTEXT(2) 
PARAMETRIC_REPRESENTATION_CONTEXT() REPRESENTATION_CONTEXT('2D SPACE',''
  ) );
#9418 = ORIENTED_EDGE('',*,*,#9348,.F.);
#9419 = ORIENTED_EDGE('',*,*,#6782,.F.);
#9420 = ADVANCED_FACE('',(#9421),#7107,.T.);
#9421 = FACE_BOUND('',#9422,.F.);
#9422 = EDGE_LOOP('',(#9423,#9446,#9473,#9474));
#9423 = ORIENTED_EDGE('',*,*,#9424,.T.);
#9424 = EDGE_CURVE('',#7091,#9425,#9427,.T.);
#9425 = VERTEX_POINT('',#9426);
#9426 = CARTESIAN_POINT('',(-82.9649997,46.675,-1.63));
#9427 = SEAM_CURVE('',#9428,(#9432,#9439),.PCURVE_S1.);
#9428 = LINE('',#9429,#9430);
#9429 = CARTESIAN_POINT('',(-82.9649997,46.075,-1.63));
#9430 = VECTOR('',#9431,1.);
#9431 = DIRECTION('',(0.,1.,-0.));
#9432 = PCURVE('',#7107,#9433);
#9433 = DEFINITIONAL_REPRESENTATION('',(#9434),#9438);
#9434 = LINE('',#9435,#9436);
#9435 = CARTESIAN_POINT('',(-0.,0.));
#9436 = VECTOR('',#9437,1.);
#9437 = DIRECTION('',(-0.,-1.));
#9438 = ( GEOMETRIC_REPRESENTATION_CONTEXT(2) 
PARAMETRIC_REPRESENTATION_CONTEXT() REPRESENTATION_CONTEXT('2D SPACE',''
  ) );
#9439 = PCURVE('',#7107,#9440);
#9440 = DEFINITIONAL_REPRESENTATION('',(#9441),#9445);
#9441 = LINE('',#9442,#9443);
#9442 = CARTESIAN_POINT('',(-6.28318530718,0.));
#9443 = VECTOR('',#9444,1.);
#9444 = DIRECTION('',(-0.,-1.));
#9445 = ( GEOMETRIC_REPRESENTATION_CONTEXT(2) 
PARAMETRIC_REPRESENTATION_CONTEXT() REPRESENTATION_CONTEXT('2D SPACE',''
  ) );
#9446 = ORIENTED_EDGE('',*,*,#9447,.T.);
#9447 = EDGE_CURVE('',#9425,#9425,#9448,.T.);
#9448 = SURFACE_CURVE('',#9449,(#9454,#9461),.PCURVE_S1.);
#9449 = CIRCLE('',#9450,0.65);
#9450 = AXIS2_PLACEMENT_3D('',#9451,#9452,#9453);
#9451 = CARTESIAN_POINT('',(-82.3149997,46.675,-1.63));
#9452 = DIRECTION('',(0.,1.,-0.));
#9453 = DIRECTION('',(-1.,0.,0.));
#9454 = PCURVE('',#7107,#9455);
#9455 = DEFINITIONAL_REPRESENTATION('',(#9456),#9460);
#9456 = LINE('',#9457,#9458);
#9457 = CARTESIAN_POINT('',(-0.,-0.6));
#9458 = VECTOR('',#9459,1.);
#9459 = DIRECTION('',(-1.,0.));
#9460 = ( GEOMETRIC_REPRESENTATION_CONTEXT(2) 
PARAMETRIC_REPRESENTATION_CONTEXT() REPRESENTATION_CONTEXT('2D SPACE',''
  ) );
#9461 = PCURVE('',#9462,#9467);
#9462 = PLANE('',#9463);
#9463 = AXIS2_PLACEMENT_3D('',#9464,#9465,#9466);
#9464 = CARTESIAN_POINT('',(-82.3149997,46.675,-1.63));
#9465 = DIRECTION('',(0.,1.,0.));
#9466 = DIRECTION('',(-1.,0.,0.));
#9467 = DEFINITIONAL_REPRESENTATION('',(#9468),#9472);
#9468 = CIRCLE('',#9469,0.65);
#9469 = AXIS2_PLACEMENT_2D('',#9470,#9471);
#9470 = CARTESIAN_POINT('',(4.93067355483E-17,-6.337143050672E-18));
#9471 = DIRECTION('',(1.,0.));
#9472 = ( GEOMETRIC_REPRESENTATION_CONTEXT(2) 
PARAMETRIC_REPRESENTATION_CONTEXT() REPRESENTATION_CONTEXT('2D SPACE',''
  ) );
#9473 = ORIENTED_EDGE('',*,*,#9424,.F.);
#9474 = ORIENTED_EDGE('',*,*,#7090,.F.);
#9475 = ADVANCED_FACE('',(#9476),#7139,.T.);
#9476 = FACE_BOUND('',#9477,.T.);
#9477 = EDGE_LOOP('',(#9478,#9501,#9529,#9550));
#9478 = ORIENTED_EDGE('',*,*,#9479,.T.);
#9479 = EDGE_CURVE('',#7122,#9480,#9482,.T.);
#9480 = VERTEX_POINT('',#9481);
#9481 = CARTESIAN_POINT('',(-100.4289892578,46.675,-3.306125105949));
#9482 = SURFACE_CURVE('',#9483,(#9487,#9494),.PCURVE_S1.);
#9483 = LINE('',#9484,#9485);
#9484 = CARTESIAN_POINT('',(-100.4289892578,46.075,-3.306125105949));
#9485 = VECTOR('',#9486,1.);
#9486 = DIRECTION('',(0.,1.,-0.));
#9487 = PCURVE('',#7139,#9488);
#9488 = DEFINITIONAL_REPRESENTATION('',(#9489),#9493);
#9489 = LINE('',#9490,#9491);
#9490 = CARTESIAN_POINT('',(0.,0.));
#9491 = VECTOR('',#9492,1.);
#9492 = DIRECTION('',(0.,-1.));
#9493 = ( GEOMETRIC_REPRESENTATION_CONTEXT(2) 
PARAMETRIC_REPRESENTATION_CONTEXT() REPRESENTATION_CONTEXT('2D SPACE',''
  ) );
#9494 = PCURVE('',#7377,#9495);
#9495 = DEFINITIONAL_REPRESENTATION('',(#9496),#9500);
#9496 = LINE('',#9497,#9498);
#9497 = CARTESIAN_POINT('',(0.,0.));
#9498 = VECTOR('',#9499,1.);
#9499 = DIRECTION('',(0.,-1.));
#9500 = ( GEOMETRIC_REPRESENTATION_CONTEXT(2) 
PARAMETRIC_REPRESENTATION_CONTEXT() REPRESENTATION_CONTEXT('2D SPACE',''
  ) );
#9501 = ORIENTED_EDGE('',*,*,#9502,.T.);
#9502 = EDGE_CURVE('',#9480,#9503,#9505,.T.);
#9503 = VERTEX_POINT('',#9504);
#9504 = CARTESIAN_POINT('',(-99.54349283854,46.675,-3.306125105949));
#9505 = SURFACE_CURVE('',#9506,(#9510,#9517),.PCURVE_S1.);
#9506 = LINE('',#9507,#9508);
#9507 = CARTESIAN_POINT('',(-100.4289892578,46.675,-3.306125105949));
#9508 = VECTOR('',#9509,1.);
#9509 = DIRECTION('',(1.,0.,0.));
#9510 = PCURVE('',#7139,#9511);
#9511 = DEFINITIONAL_REPRESENTATION('',(#9512),#9516);
#9512 = LINE('',#9513,#9514);
#9513 = CARTESIAN_POINT('',(0.,-0.6));
#9514 = VECTOR('',#9515,1.);
#9515 = DIRECTION('',(1.,0.));
#9516 = ( GEOMETRIC_REPRESENTATION_CONTEXT(2) 
PARAMETRIC_REPRESENTATION_CONTEXT() REPRESENTATION_CONTEXT('2D SPACE',''
  ) );
#9517 = PCURVE('',#9518,#9523);
#9518 = PLANE('',#9519);
#9519 = AXIS2_PLACEMENT_3D('',#9520,#9521,#9522);
#9520 = CARTESIAN_POINT('',(-97.09049641927,46.675,-4.791125105949));
#9521 = DIRECTION('',(0.,1.,0.));
#9522 = DIRECTION('',(-1.,0.,0.));
#9523 = DEFINITIONAL_REPRESENTATION('',(#9524),#9528);
#9524 = LINE('',#9525,#9526);
#9525 = CARTESIAN_POINT('',(3.338492838542,1.485));
#9526 = VECTOR('',#9527,1.);
#9527 = DIRECTION('',(-1.,0.));
#9528 = ( GEOMETRIC_REPRESENTATION_CONTEXT(2) 
PARAMETRIC_REPRESENTATION_CONTEXT() REPRESENTATION_CONTEXT('2D SPACE',''
  ) );
#9529 = ORIENTED_EDGE('',*,*,#9530,.F.);
#9530 = EDGE_CURVE('',#7124,#9503,#9531,.T.);
#9531 = SURFACE_CURVE('',#9532,(#9536,#9543),.PCURVE_S1.);
#9532 = LINE('',#9533,#9534);
#9533 = CARTESIAN_POINT('',(-99.54349283854,46.075,-3.306125105949));
#9534 = VECTOR('',#9535,1.);
#9535 = DIRECTION('',(0.,1.,-0.));
#9536 = PCURVE('',#7139,#9537);
#9537 = DEFINITIONAL_REPRESENTATION('',(#9538),#9542);
#9538 = LINE('',#9539,#9540);
#9539 = CARTESIAN_POINT('',(0.885496419271,0.));
#9540 = VECTOR('',#9541,1.);
#9541 = DIRECTION('',(0.,-1.));
#9542 = ( GEOMETRIC_REPRESENTATION_CONTEXT(2) 
PARAMETRIC_REPRESENTATION_CONTEXT() REPRESENTATION_CONTEXT('2D SPACE',''
  ) );
#9543 = PCURVE('',#7167,#9544);
#9544 = DEFINITIONAL_REPRESENTATION('',(#9545),#9549);
#9545 = LINE('',#9546,#9547);
#9546 = CARTESIAN_POINT('',(0.,0.));
#9547 = VECTOR('',#9548,1.);
#9548 = DIRECTION('',(0.,-1.));
#9549 = ( GEOMETRIC_REPRESENTATION_CONTEXT(2) 
PARAMETRIC_REPRESENTATION_CONTEXT() REPRESENTATION_CONTEXT('2D SPACE',''
  ) );
#9550 = ORIENTED_EDGE('',*,*,#7121,.F.);
#9551 = ADVANCED_FACE('',(#9552),#7377,.F.);
#9552 = FACE_BOUND('',#9553,.F.);
#9553 = EDGE_LOOP('',(#9554,#9555,#9604,#9625));
#9554 = ORIENTED_EDGE('',*,*,#9479,.T.);
#9555 = ORIENTED_EDGE('',*,*,#9556,.T.);
#9556 = EDGE_CURVE('',#9480,#9557,#9559,.T.);
#9557 = VERTEX_POINT('',#9558);
#9558 = CARTESIAN_POINT('',(-100.4345035807,46.675,-2.10162152522));
#9559 = SURFACE_CURVE('',#9560,(#9577,#9584),.PCURVE_S1.);
#9560 = B_SPLINE_CURVE_WITH_KNOTS('',2,(#9561,#9562,#9563,#9564,#9565,
    #9566,#9567,#9568,#9569,#9570,#9571,#9572,#9573,#9574,#9575,#9576),
  .UNSPECIFIED.,.F.,.F.,(3,1,1,1,1,1,1,1,1,1,1,1,1,1,3),(0.,1.,2.,3.,4.,
    5.689829366861,7.379658733723,9.069488100584,10.759317467445,
    12.625292492961,14.491267518477,16.357242543993,18.223217569509,
    20.470891266739,22.718564963969),.UNSPECIFIED.);
#9561 = CARTESIAN_POINT('',(-100.4289892578,46.675,-3.306125105949));
#9562 = CARTESIAN_POINT('',(-100.4014892578,46.675,-3.487632267407));
#9563 = CARTESIAN_POINT('',(-100.2475,46.675,-3.740628686678));
#9564 = CARTESIAN_POINT('',(-100.0109928385,46.675,-3.900132267407));
#9565 = CARTESIAN_POINT('',(-99.71398925781,46.675,-3.97162152522));
#9566 = CARTESIAN_POINT('',(-99.285,46.675,-3.97162152522));
#9567 = CARTESIAN_POINT('',(-98.87799641927,46.675,-3.790132267407));
#9568 = CARTESIAN_POINT('',(-98.60299641927,46.675,-3.460132267407));
#9569 = CARTESIAN_POINT('',(-98.46549641927,46.675,-3.00912152522));
#9570 = CARTESIAN_POINT('',(-98.46549641927,46.675,-2.453625105949));
#9571 = CARTESIAN_POINT('',(-98.625,46.675,-1.980628686678));
#9572 = CARTESIAN_POINT('',(-98.90549641927,46.675,-1.645132267407));
#9573 = CARTESIAN_POINT('',(-99.30148925781,46.675,-1.463625105949));
#9574 = CARTESIAN_POINT('',(-99.835,46.675,-1.463625105949));
#9575 = CARTESIAN_POINT('',(-100.2914892578,46.675,-1.760628686678));
#9576 = CARTESIAN_POINT('',(-100.4345035807,46.675,-2.10162152522));
#9577 = PCURVE('',#7377,#9578);
#9578 = DEFINITIONAL_REPRESENTATION('',(#9579),#9583);
#9579 = LINE('',#9580,#9581);
#9580 = CARTESIAN_POINT('',(0.,-0.6));
#9581 = VECTOR('',#9582,1.);
#9582 = DIRECTION('',(1.,0.));
#9583 = ( GEOMETRIC_REPRESENTATION_CONTEXT(2) 
PARAMETRIC_REPRESENTATION_CONTEXT() REPRESENTATION_CONTEXT('2D SPACE',''
  ) );
#9584 = PCURVE('',#9518,#9585);
#9585 = DEFINITIONAL_REPRESENTATION('',(#9586),#9603);
#9586 = B_SPLINE_CURVE_WITH_KNOTS('',2,(#9587,#9588,#9589,#9590,#9591,
    #9592,#9593,#9594,#9595,#9596,#9597,#9598,#9599,#9600,#9601,#9602),
  .UNSPECIFIED.,.F.,.F.,(3,1,1,1,1,1,1,1,1,1,1,1,1,1,3),(0.,1.,2.,3.,4.,
    5.689829366861,7.379658733723,9.069488100584,10.759317467445,
    12.625292492961,14.491267518477,16.357242543993,18.223217569509,
    20.470891266739,22.718564963969),.UNSPECIFIED.);
#9587 = CARTESIAN_POINT('',(3.338492838542,1.485));
#9588 = CARTESIAN_POINT('',(3.310992838542,1.303492838542));
#9589 = CARTESIAN_POINT('',(3.157003580729,1.050496419271));
#9590 = CARTESIAN_POINT('',(2.920496419271,0.890992838542));
#9591 = CARTESIAN_POINT('',(2.623492838542,0.819503580729));
#9592 = CARTESIAN_POINT('',(2.194503580729,0.819503580729));
#9593 = CARTESIAN_POINT('',(1.7875,1.000992838542));
#9594 = CARTESIAN_POINT('',(1.5125,1.330992838542));
#9595 = CARTESIAN_POINT('',(1.375,1.782003580729));
#9596 = CARTESIAN_POINT('',(1.375,2.3375));
#9597 = CARTESIAN_POINT('',(1.534503580729,2.810496419271));
#9598 = CARTESIAN_POINT('',(1.815,3.145992838542));
#9599 = CARTESIAN_POINT('',(2.210992838542,3.3275));
#9600 = CARTESIAN_POINT('',(2.744503580729,3.3275));
#9601 = CARTESIAN_POINT('',(3.200992838542,3.030496419271));
#9602 = CARTESIAN_POINT('',(3.344007161458,2.689503580729));
#9603 = ( GEOMETRIC_REPRESENTATION_CONTEXT(2) 
PARAMETRIC_REPRESENTATION_CONTEXT() REPRESENTATION_CONTEXT('2D SPACE',''
  ) );
#9604 = ORIENTED_EDGE('',*,*,#9605,.F.);
#9605 = EDGE_CURVE('',#7310,#9557,#9606,.T.);
#9606 = SURFACE_CURVE('',#9607,(#9611,#9618),.PCURVE_S1.);
#9607 = LINE('',#9608,#9609);
#9608 = CARTESIAN_POINT('',(-100.4345035807,46.075,-2.10162152522));
#9609 = VECTOR('',#9610,1.);
#9610 = DIRECTION('',(0.,1.,-0.));
#9611 = PCURVE('',#7377,#9612);
#9612 = DEFINITIONAL_REPRESENTATION('',(#9613),#9617);
#9613 = LINE('',#9614,#9615);
#9614 = CARTESIAN_POINT('',(22.718564963969,0.));
#9615 = VECTOR('',#9616,1.);
#9616 = DIRECTION('',(0.,-1.));
#9617 = ( GEOMETRIC_REPRESENTATION_CONTEXT(2) 
PARAMETRIC_REPRESENTATION_CONTEXT() REPRESENTATION_CONTEXT('2D SPACE',''
  ) );
#9618 = PCURVE('',#7325,#9619);
#9619 = DEFINITIONAL_REPRESENTATION('',(#9620),#9624);
#9620 = LINE('',#9621,#9622);
#9621 = CARTESIAN_POINT('',(1.107189169987,0.));
#9622 = VECTOR('',#9623,1.);
#9623 = DIRECTION('',(0.,-1.));
#9624 = ( GEOMETRIC_REPRESENTATION_CONTEXT(2) 
PARAMETRIC_REPRESENTATION_CONTEXT() REPRESENTATION_CONTEXT('2D SPACE',''
  ) );
#9625 = ORIENTED_EDGE('',*,*,#7337,.F.);
#9626 = ADVANCED_FACE('',(#9627),#7325,.T.);
#9627 = FACE_BOUND('',#9628,.T.);
#9628 = EDGE_LOOP('',(#9629,#9652,#9673,#9674));
#9629 = ORIENTED_EDGE('',*,*,#9630,.T.);
#9630 = EDGE_CURVE('',#7241,#9631,#9633,.T.);
#9631 = VERTEX_POINT('',#9632);
#9632 = CARTESIAN_POINT('',(-101.4575,46.675,-1.678128686678));
#9633 = SURFACE_CURVE('',#9634,(#9638,#9645),.PCURVE_S1.);
#9634 = LINE('',#9635,#9636);
#9635 = CARTESIAN_POINT('',(-101.4575,46.075,-1.678128686678));
#9636 = VECTOR('',#9637,1.);
#9637 = DIRECTION('',(0.,1.,-0.));
#9638 = PCURVE('',#7325,#9639);
#9639 = DEFINITIONAL_REPRESENTATION('',(#9640),#9644);
#9640 = LINE('',#9641,#9642);
#9641 = CARTESIAN_POINT('',(0.,0.));
#9642 = VECTOR('',#9643,1.);
#9643 = DIRECTION('',(0.,-1.));
#9644 = ( GEOMETRIC_REPRESENTATION_CONTEXT(2) 
PARAMETRIC_REPRESENTATION_CONTEXT() REPRESENTATION_CONTEXT('2D SPACE',''
  ) );
#9645 = PCURVE('',#7282,#9646);
#9646 = DEFINITIONAL_REPRESENTATION('',(#9647),#9651);
#9647 = LINE('',#9648,#9649);
#9648 = CARTESIAN_POINT('',(0.,0.));
#9649 = VECTOR('',#9650,1.);
#9650 = DIRECTION('',(0.,-1.));
#9651 = ( GEOMETRIC_REPRESENTATION_CONTEXT(2) 
PARAMETRIC_REPRESENTATION_CONTEXT() REPRESENTATION_CONTEXT('2D SPACE',''
  ) );
#9652 = ORIENTED_EDGE('',*,*,#9653,.T.);
#9653 = EDGE_CURVE('',#9631,#9557,#9654,.T.);
#9654 = SURFACE_CURVE('',#9655,(#9659,#9666),.PCURVE_S1.);
#9655 = LINE('',#9656,#9657);
#9656 = CARTESIAN_POINT('',(-101.4575,46.675,-1.678128686678));
#9657 = VECTOR('',#9658,1.);
#9658 = DIRECTION('',(0.923958115742,0.,-0.382493660543));
#9659 = PCURVE('',#7325,#9660);
#9660 = DEFINITIONAL_REPRESENTATION('',(#9661),#9665);
#9661 = LINE('',#9662,#9663);
#9662 = CARTESIAN_POINT('',(0.,-0.6));
#9663 = VECTOR('',#9664,1.);
#9664 = DIRECTION('',(1.,0.));
#9665 = ( GEOMETRIC_REPRESENTATION_CONTEXT(2) 
PARAMETRIC_REPRESENTATION_CONTEXT() REPRESENTATION_CONTEXT('2D SPACE',''
  ) );
#9666 = PCURVE('',#9518,#9667);
#9667 = DEFINITIONAL_REPRESENTATION('',(#9668),#9672);
#9668 = LINE('',#9669,#9670);
#9669 = CARTESIAN_POINT('',(4.367003580729,3.112996419271));
#9670 = VECTOR('',#9671,1.);
#9671 = DIRECTION('',(-0.923958115742,-0.382493660543));
#9672 = ( GEOMETRIC_REPRESENTATION_CONTEXT(2) 
PARAMETRIC_REPRESENTATION_CONTEXT() REPRESENTATION_CONTEXT('2D SPACE',''
  ) );
#9673 = ORIENTED_EDGE('',*,*,#9605,.F.);
#9674 = ORIENTED_EDGE('',*,*,#7309,.F.);
#9675 = ADVANCED_FACE('',(#9676),#7282,.F.);
#9676 = FACE_BOUND('',#9677,.F.);
#9677 = EDGE_LOOP('',(#9678,#9679,#9728,#9749));
#9678 = ORIENTED_EDGE('',*,*,#9630,.T.);
#9679 = ORIENTED_EDGE('',*,*,#9680,.T.);
#9680 = EDGE_CURVE('',#9631,#9681,#9683,.T.);
#9681 = VERTEX_POINT('',#9682);
#9682 = CARTESIAN_POINT('',(-101.5454964192,46.675,-3.570132267407));
#9683 = SURFACE_CURVE('',#9684,(#9701,#9708),.PCURVE_S1.);
#9684 = B_SPLINE_CURVE_WITH_KNOTS('',2,(#9685,#9686,#9687,#9688,#9689,
    #9690,#9691,#9692,#9693,#9694,#9695,#9696,#9697,#9698,#9699,#9700),
  .UNSPECIFIED.,.F.,.F.,(3,1,1,1,1,1,1,1,1,1,1,1,1,1,3),(0.,1.,2.,
    2.771172413793,3.542344827586,4.313517241379,5.084689655172,
    5.864648408012,6.644607160852,7.424565913692,8.204524666531,
    8.771764773049,9.339004879566,9.906244986083,10.4734850926),
  .UNSPECIFIED.);
#9685 = CARTESIAN_POINT('',(-101.4575,46.675,-1.678128686678));
#9686 = CARTESIAN_POINT('',(-101.1714892578,46.675,-1.089617944491));
#9687 = CARTESIAN_POINT('',(-100.1925,46.675,-0.528625105949));
#9688 = CARTESIAN_POINT('',(-99.04299641927,46.675,-0.528625105949));
#9689 = CARTESIAN_POINT('',(-98.22898925781,46.675,-0.847632267407));
#9690 = CARTESIAN_POINT('',(-97.65148925781,46.675,-1.419617944491));
#9691 = CARTESIAN_POINT('',(-97.33799641927,46.675,-2.228128686678));
#9692 = CARTESIAN_POINT('',(-97.33799641927,46.675,-3.20162152522));
#9693 = CARTESIAN_POINT('',(-97.65700358072,46.675,-4.010132267407));
#9694 = CARTESIAN_POINT('',(-98.22898925781,46.675,-4.587632267407));
#9695 = CARTESIAN_POINT('',(-99.02648925781,46.675,-4.90662152522));
#9696 = CARTESIAN_POINT('',(-99.8625,46.675,-4.90662152522));
#9697 = CARTESIAN_POINT('',(-100.5004964192,46.675,-4.730628686678));
#9698 = CARTESIAN_POINT('',(-101.0339892578,46.675,-4.395132267407));
#9699 = CARTESIAN_POINT('',(-101.43,46.675,-3.894617944491));
#9700 = CARTESIAN_POINT('',(-101.5454964192,46.675,-3.570132267407));
#9701 = PCURVE('',#7282,#9702);
#9702 = DEFINITIONAL_REPRESENTATION('',(#9703),#9707);
#9703 = LINE('',#9704,#9705);
#9704 = CARTESIAN_POINT('',(0.,-0.6));
#9705 = VECTOR('',#9706,1.);
#9706 = DIRECTION('',(1.,0.));
#9707 = ( GEOMETRIC_REPRESENTATION_CONTEXT(2) 
PARAMETRIC_REPRESENTATION_CONTEXT() REPRESENTATION_CONTEXT('2D SPACE',''
  ) );
#9708 = PCURVE('',#9518,#9709);
#9709 = DEFINITIONAL_REPRESENTATION('',(#9710),#9727);
#9710 = B_SPLINE_CURVE_WITH_KNOTS('',2,(#9711,#9712,#9713,#9714,#9715,
    #9716,#9717,#9718,#9719,#9720,#9721,#9722,#9723,#9724,#9725,#9726),
  .UNSPECIFIED.,.F.,.F.,(3,1,1,1,1,1,1,1,1,1,1,1,1,1,3),(0.,1.,2.,
    2.771172413793,3.542344827586,4.313517241379,5.084689655172,
    5.864648408012,6.644607160852,7.424565913692,8.204524666531,
    8.771764773049,9.339004879566,9.906244986083,10.4734850926),
  .UNSPECIFIED.);
#9711 = CARTESIAN_POINT('',(4.367003580729,3.112996419271));
#9712 = CARTESIAN_POINT('',(4.080992838542,3.701507161458));
#9713 = CARTESIAN_POINT('',(3.102003580729,4.2625));
#9714 = CARTESIAN_POINT('',(1.9525,4.2625));
#9715 = CARTESIAN_POINT('',(1.138492838542,3.943492838542));
#9716 = CARTESIAN_POINT('',(0.560992838542,3.371507161458));
#9717 = CARTESIAN_POINT('',(0.2475,2.562996419271));
#9718 = CARTESIAN_POINT('',(0.2475,1.589503580729));
#9719 = CARTESIAN_POINT('',(0.566507161458,0.780992838542));
#9720 = CARTESIAN_POINT('',(1.138492838542,0.203492838542));
#9721 = CARTESIAN_POINT('',(1.935992838542,-0.115496419271));
#9722 = CARTESIAN_POINT('',(2.772003580729,-0.115496419271));
#9723 = CARTESIAN_POINT('',(3.41,6.049641927083E-02));
#9724 = CARTESIAN_POINT('',(3.943492838542,0.395992838542));
#9725 = CARTESIAN_POINT('',(4.339503580729,0.896507161458));
#9726 = CARTESIAN_POINT('',(4.455,1.220992838542));
#9727 = ( GEOMETRIC_REPRESENTATION_CONTEXT(2) 
PARAMETRIC_REPRESENTATION_CONTEXT() REPRESENTATION_CONTEXT('2D SPACE',''
  ) );
#9728 = ORIENTED_EDGE('',*,*,#9729,.F.);
#9729 = EDGE_CURVE('',#7208,#9681,#9730,.T.);
#9730 = SURFACE_CURVE('',#9731,(#9735,#9742),.PCURVE_S1.);
#9731 = LINE('',#9732,#9733);
#9732 = CARTESIAN_POINT('',(-101.5454964192,46.075,-3.570132267407));
#9733 = VECTOR('',#9734,1.);
#9734 = DIRECTION('',(0.,1.,-0.));
#9735 = PCURVE('',#7282,#9736);
#9736 = DEFINITIONAL_REPRESENTATION('',(#9737),#9741);
#9737 = LINE('',#9738,#9739);
#9738 = CARTESIAN_POINT('',(10.4734850926,0.));
#9739 = VECTOR('',#9740,1.);
#9740 = DIRECTION('',(0.,-1.));
#9741 = ( GEOMETRIC_REPRESENTATION_CONTEXT(2) 
PARAMETRIC_REPRESENTATION_CONTEXT() REPRESENTATION_CONTEXT('2D SPACE',''
  ) );
#9742 = PCURVE('',#7225,#9743);
#9743 = DEFINITIONAL_REPRESENTATION('',(#9744),#9748);
#9744 = LINE('',#9745,#9746);
#9745 = CARTESIAN_POINT('',(0.,0.));
#9746 = VECTOR('',#9747,1.);
#9747 = DIRECTION('',(0.,-1.));
#9748 = ( GEOMETRIC_REPRESENTATION_CONTEXT(2) 
PARAMETRIC_REPRESENTATION_CONTEXT() REPRESENTATION_CONTEXT('2D SPACE',''
  ) );
#9749 = ORIENTED_EDGE('',*,*,#7240,.F.);
#9750 = ADVANCED_FACE('',(#9751),#7225,.F.);
#9751 = FACE_BOUND('',#9752,.F.);
#9752 = EDGE_LOOP('',(#9753,#9754,#9779,#9800));
#9753 = ORIENTED_EDGE('',*,*,#9729,.T.);
#9754 = ORIENTED_EDGE('',*,*,#9755,.T.);
#9755 = EDGE_CURVE('',#9681,#9756,#9758,.T.);
#9756 = VERTEX_POINT('',#9757);
#9757 = CARTESIAN_POINT('',(-101.6829964192,46.675,-2.470132267407));
#9758 = SURFACE_CURVE('',#9759,(#9764,#9771),.PCURVE_S1.);
#9759 = B_SPLINE_CURVE_WITH_KNOTS('',2,(#9760,#9761,#9762,#9763),
  .UNSPECIFIED.,.F.,.F.,(3,1,3),(0.,1.,2.),.UNSPECIFIED.);
#9760 = CARTESIAN_POINT('',(-101.5454964192,46.675,-3.570132267407));
#9761 = CARTESIAN_POINT('',(-101.6279964192,46.675,-3.33912152522));
#9762 = CARTESIAN_POINT('',(-101.6829964192,46.675,-2.800132267407));
#9763 = CARTESIAN_POINT('',(-101.6829964192,46.675,-2.470132267407));
#9764 = PCURVE('',#7225,#9765);
#9765 = DEFINITIONAL_REPRESENTATION('',(#9766),#9770);
#9766 = LINE('',#9767,#9768);
#9767 = CARTESIAN_POINT('',(0.,-0.6));
#9768 = VECTOR('',#9769,1.);
#9769 = DIRECTION('',(1.,0.));
#9770 = ( GEOMETRIC_REPRESENTATION_CONTEXT(2) 
PARAMETRIC_REPRESENTATION_CONTEXT() REPRESENTATION_CONTEXT('2D SPACE',''
  ) );
#9771 = PCURVE('',#9518,#9772);
#9772 = DEFINITIONAL_REPRESENTATION('',(#9773),#9778);
#9773 = B_SPLINE_CURVE_WITH_KNOTS('',2,(#9774,#9775,#9776,#9777),
  .UNSPECIFIED.,.F.,.F.,(3,1,3),(0.,1.,2.),.UNSPECIFIED.);
#9774 = CARTESIAN_POINT('',(4.455,1.220992838542));
#9775 = CARTESIAN_POINT('',(4.5375,1.452003580729));
#9776 = CARTESIAN_POINT('',(4.5925,1.990992838542));
#9777 = CARTESIAN_POINT('',(4.5925,2.320992838542));
#9778 = ( GEOMETRIC_REPRESENTATION_CONTEXT(2) 
PARAMETRIC_REPRESENTATION_CONTEXT() REPRESENTATION_CONTEXT('2D SPACE',''
  ) );
#9779 = ORIENTED_EDGE('',*,*,#9780,.F.);
#9780 = EDGE_CURVE('',#7180,#9756,#9781,.T.);
#9781 = SURFACE_CURVE('',#9782,(#9786,#9793),.PCURVE_S1.);
#9782 = LINE('',#9783,#9784);
#9783 = CARTESIAN_POINT('',(-101.6829964192,46.075,-2.470132267407));
#9784 = VECTOR('',#9785,1.);
#9785 = DIRECTION('',(0.,1.,-0.));
#9786 = PCURVE('',#7225,#9787);
#9787 = DEFINITIONAL_REPRESENTATION('',(#9788),#9792);
#9788 = LINE('',#9789,#9790);
#9789 = CARTESIAN_POINT('',(2.,0.));
#9790 = VECTOR('',#9791,1.);
#9791 = DIRECTION('',(0.,-1.));
#9792 = ( GEOMETRIC_REPRESENTATION_CONTEXT(2) 
PARAMETRIC_REPRESENTATION_CONTEXT() REPRESENTATION_CONTEXT('2D SPACE',''
  ) );
#9793 = PCURVE('',#7195,#9794);
#9794 = DEFINITIONAL_REPRESENTATION('',(#9795),#9799);
#9795 = LINE('',#9796,#9797);
#9796 = CARTESIAN_POINT('',(2.139503580729,0.));
#9797 = VECTOR('',#9798,1.);
#9798 = DIRECTION('',(0.,-1.));
#9799 = ( GEOMETRIC_REPRESENTATION_CONTEXT(2) 
PARAMETRIC_REPRESENTATION_CONTEXT() REPRESENTATION_CONTEXT('2D SPACE',''
  ) );
#9800 = ORIENTED_EDGE('',*,*,#7207,.F.);
#9801 = ADVANCED_FACE('',(#9802),#7195,.T.);
#9802 = FACE_BOUND('',#9803,.T.);
#9803 = EDGE_LOOP('',(#9804,#9827,#9848,#9849));
#9804 = ORIENTED_EDGE('',*,*,#9805,.T.);
#9805 = EDGE_CURVE('',#7152,#9806,#9808,.T.);
#9806 = VERTEX_POINT('',#9807);
#9807 = CARTESIAN_POINT('',(-99.54349283854,46.675,-2.470132267407));
#9808 = SURFACE_CURVE('',#9809,(#9813,#9820),.PCURVE_S1.);
#9809 = LINE('',#9810,#9811);
#9810 = CARTESIAN_POINT('',(-99.54349283854,46.075,-2.470132267407));
#9811 = VECTOR('',#9812,1.);
#9812 = DIRECTION('',(0.,1.,-0.));
#9813 = PCURVE('',#7195,#9814);
#9814 = DEFINITIONAL_REPRESENTATION('',(#9815),#9819);
#9815 = LINE('',#9816,#9817);
#9816 = CARTESIAN_POINT('',(0.,0.));
#9817 = VECTOR('',#9818,1.);
#9818 = DIRECTION('',(0.,-1.));
#9819 = ( GEOMETRIC_REPRESENTATION_CONTEXT(2) 
PARAMETRIC_REPRESENTATION_CONTEXT() REPRESENTATION_CONTEXT('2D SPACE',''
  ) );
#9820 = PCURVE('',#7167,#9821);
#9821 = DEFINITIONAL_REPRESENTATION('',(#9822),#9826);
#9822 = LINE('',#9823,#9824);
#9823 = CARTESIAN_POINT('',(0.835992838542,0.));
#9824 = VECTOR('',#9825,1.);
#9825 = DIRECTION('',(0.,-1.));
#9826 = ( GEOMETRIC_REPRESENTATION_CONTEXT(2) 
PARAMETRIC_REPRESENTATION_CONTEXT() REPRESENTATION_CONTEXT('2D SPACE',''
  ) );
#9827 = ORIENTED_EDGE('',*,*,#9828,.T.);
#9828 = EDGE_CURVE('',#9806,#9756,#9829,.T.);
#9829 = SURFACE_CURVE('',#9830,(#9834,#9841),.PCURVE_S1.);
#9830 = LINE('',#9831,#9832);
#9831 = CARTESIAN_POINT('',(-99.54349283854,46.675,-2.470132267407));
#9832 = VECTOR('',#9833,1.);
#9833 = DIRECTION('',(-1.,0.,0.));
#9834 = PCURVE('',#7195,#9835);
#9835 = DEFINITIONAL_REPRESENTATION('',(#9836),#9840);
#9836 = LINE('',#9837,#9838);
#9837 = CARTESIAN_POINT('',(0.,-0.6));
#9838 = VECTOR('',#9839,1.);
#9839 = DIRECTION('',(1.,0.));
#9840 = ( GEOMETRIC_REPRESENTATION_CONTEXT(2) 
PARAMETRIC_REPRESENTATION_CONTEXT() REPRESENTATION_CONTEXT('2D SPACE',''
  ) );
#9841 = PCURVE('',#9518,#9842);
#9842 = DEFINITIONAL_REPRESENTATION('',(#9843),#9847);
#9843 = LINE('',#9844,#9845);
#9844 = CARTESIAN_POINT('',(2.452996419271,2.320992838542));
#9845 = VECTOR('',#9846,1.);
#9846 = DIRECTION('',(1.,0.));
#9847 = ( GEOMETRIC_REPRESENTATION_CONTEXT(2) 
PARAMETRIC_REPRESENTATION_CONTEXT() REPRESENTATION_CONTEXT('2D SPACE',''
  ) );
#9848 = ORIENTED_EDGE('',*,*,#9780,.F.);
#9849 = ORIENTED_EDGE('',*,*,#7179,.F.);
#9850 = ADVANCED_FACE('',(#9851),#7167,.T.);
#9851 = FACE_BOUND('',#9852,.T.);
#9852 = EDGE_LOOP('',(#9853,#9854,#9875,#9876));
#9853 = ORIENTED_EDGE('',*,*,#9530,.T.);
#9854 = ORIENTED_EDGE('',*,*,#9855,.T.);
#9855 = EDGE_CURVE('',#9503,#9806,#9856,.T.);
#9856 = SURFACE_CURVE('',#9857,(#9861,#9868),.PCURVE_S1.);
#9857 = LINE('',#9858,#9859);
#9858 = CARTESIAN_POINT('',(-99.54349283854,46.675,-3.306125105949));
#9859 = VECTOR('',#9860,1.);
#9860 = DIRECTION('',(0.,0.,1.));
#9861 = PCURVE('',#7167,#9862);
#9862 = DEFINITIONAL_REPRESENTATION('',(#9863),#9867);
#9863 = LINE('',#9864,#9865);
#9864 = CARTESIAN_POINT('',(0.,-0.6));
#9865 = VECTOR('',#9866,1.);
#9866 = DIRECTION('',(1.,0.));
#9867 = ( GEOMETRIC_REPRESENTATION_CONTEXT(2) 
PARAMETRIC_REPRESENTATION_CONTEXT() REPRESENTATION_CONTEXT('2D SPACE',''
  ) );
#9868 = PCURVE('',#9518,#9869);
#9869 = DEFINITIONAL_REPRESENTATION('',(#9870),#9874);
#9870 = LINE('',#9871,#9872);
#9871 = CARTESIAN_POINT('',(2.452996419271,1.485));
#9872 = VECTOR('',#9873,1.);
#9873 = DIRECTION('',(0.,1.));
#9874 = ( GEOMETRIC_REPRESENTATION_CONTEXT(2) 
PARAMETRIC_REPRESENTATION_CONTEXT() REPRESENTATION_CONTEXT('2D SPACE',''
  ) );
#9875 = ORIENTED_EDGE('',*,*,#9805,.F.);
#9876 = ORIENTED_EDGE('',*,*,#7151,.F.);
#9877 = ADVANCED_FACE('',(#9878),#7424,.T.);
#9878 = FACE_BOUND('',#9879,.T.);
#9879 = EDGE_LOOP('',(#9880,#9903,#9931,#9952));
#9880 = ORIENTED_EDGE('',*,*,#9881,.T.);
#9881 = EDGE_CURVE('',#7407,#9882,#9884,.T.);
#9882 = VERTEX_POINT('',#9883);
#9883 = CARTESIAN_POINT('',(-104.0829965192,46.675,-0.64412152522));
#9884 = SURFACE_CURVE('',#9885,(#9889,#9896),.PCURVE_S1.);
#9885 = LINE('',#9886,#9887);
#9886 = CARTESIAN_POINT('',(-104.0829965192,46.075,-0.64412152522));
#9887 = VECTOR('',#9888,1.);
#9888 = DIRECTION('',(0.,1.,-0.));
#9889 = PCURVE('',#7424,#9890);
#9890 = DEFINITIONAL_REPRESENTATION('',(#9891),#9895);
#9891 = LINE('',#9892,#9893);
#9892 = CARTESIAN_POINT('',(0.,0.));
#9893 = VECTOR('',#9894,1.);
#9894 = DIRECTION('',(0.,-1.));
#9895 = ( GEOMETRIC_REPRESENTATION_CONTEXT(2) 
PARAMETRIC_REPRESENTATION_CONTEXT() REPRESENTATION_CONTEXT('2D SPACE',''
  ) );
#9896 = PCURVE('',#7730,#9897);
#9897 = DEFINITIONAL_REPRESENTATION('',(#9898),#9902);
#9898 = LINE('',#9899,#9900);
#9899 = CARTESIAN_POINT('',(4.147003580729,0.));
#9900 = VECTOR('',#9901,1.);
#9901 = DIRECTION('',(0.,-1.));
#9902 = ( GEOMETRIC_REPRESENTATION_CONTEXT(2) 
PARAMETRIC_REPRESENTATION_CONTEXT() REPRESENTATION_CONTEXT('2D SPACE',''
  ) );
#9903 = ORIENTED_EDGE('',*,*,#9904,.T.);
#9904 = EDGE_CURVE('',#9882,#9905,#9907,.T.);
#9905 = VERTEX_POINT('',#9906);
#9906 = CARTESIAN_POINT('',(-106.4425001,46.675,-0.64412152522));
#9907 = SURFACE_CURVE('',#9908,(#9912,#9919),.PCURVE_S1.);
#9908 = LINE('',#9909,#9910);
#9909 = CARTESIAN_POINT('',(-104.0829965192,46.675,-0.64412152522));
#9910 = VECTOR('',#9911,1.);
#9911 = DIRECTION('',(-1.,0.,0.));
#9912 = PCURVE('',#7424,#9913);
#9913 = DEFINITIONAL_REPRESENTATION('',(#9914),#9918);
#9914 = LINE('',#9915,#9916);
#9915 = CARTESIAN_POINT('',(0.,-0.6));
#9916 = VECTOR('',#9917,1.);
#9917 = DIRECTION('',(1.,0.));
#9918 = ( GEOMETRIC_REPRESENTATION_CONTEXT(2) 
PARAMETRIC_REPRESENTATION_CONTEXT() REPRESENTATION_CONTEXT('2D SPACE',''
  ) );
#9919 = PCURVE('',#9920,#9925);
#9920 = PLANE('',#9921);
#9921 = AXIS2_PLACEMENT_3D('',#9922,#9923,#9924);
#9922 = CARTESIAN_POINT('',(-103.6484929385,46.675,-4.791125105949));
#9923 = DIRECTION('',(0.,1.,0.));
#9924 = DIRECTION('',(-1.,0.,0.));
#9925 = DEFINITIONAL_REPRESENTATION('',(#9926),#9930);
#9926 = LINE('',#9927,#9928);
#9927 = CARTESIAN_POINT('',(0.434503580729,4.147003580729));
#9928 = VECTOR('',#9929,1.);
#9929 = DIRECTION('',(1.,0.));
#9930 = ( GEOMETRIC_REPRESENTATION_CONTEXT(2) 
PARAMETRIC_REPRESENTATION_CONTEXT() REPRESENTATION_CONTEXT('2D SPACE',''
  ) );
#9931 = ORIENTED_EDGE('',*,*,#9932,.F.);
#9932 = EDGE_CURVE('',#7409,#9905,#9933,.T.);
#9933 = SURFACE_CURVE('',#9934,(#9938,#9945),.PCURVE_S1.);
#9934 = LINE('',#9935,#9936);
#9935 = CARTESIAN_POINT('',(-106.4425001,46.075,-0.64412152522));
#9936 = VECTOR('',#9937,1.);
#9937 = DIRECTION('',(0.,1.,-0.));
#9938 = PCURVE('',#7424,#9939);
#9939 = DEFINITIONAL_REPRESENTATION('',(#9940),#9944);
#9940 = LINE('',#9941,#9942);
#9941 = CARTESIAN_POINT('',(2.359503580729,0.));
#9942 = VECTOR('',#9943,1.);
#9943 = DIRECTION('',(0.,-1.));
#9944 = ( GEOMETRIC_REPRESENTATION_CONTEXT(2) 
PARAMETRIC_REPRESENTATION_CONTEXT() REPRESENTATION_CONTEXT('2D SPACE',''
  ) );
#9945 = PCURVE('',#7452,#9946);
#9946 = DEFINITIONAL_REPRESENTATION('',(#9947),#9951);
#9947 = LINE('',#9948,#9949);
#9948 = CARTESIAN_POINT('',(0.,-0.));
#9949 = VECTOR('',#9950,1.);
#9950 = DIRECTION('',(0.,-1.));
#9951 = ( GEOMETRIC_REPRESENTATION_CONTEXT(2) 
PARAMETRIC_REPRESENTATION_CONTEXT() REPRESENTATION_CONTEXT('2D SPACE',''
  ) );
#9952 = ORIENTED_EDGE('',*,*,#7406,.F.);
#9953 = ADVANCED_FACE('',(#9954),#7730,.T.);
#9954 = FACE_BOUND('',#9955,.T.);
#9955 = EDGE_LOOP('',(#9956,#9979,#10000,#10001));
#9956 = ORIENTED_EDGE('',*,*,#9957,.T.);
#9957 = EDGE_CURVE('',#7689,#9958,#9960,.T.);
#9958 = VERTEX_POINT('',#9959);
#9959 = CARTESIAN_POINT('',(-104.0829965192,46.675,-4.791125105949));
#9960 = SURFACE_CURVE('',#9961,(#9965,#9972),.PCURVE_S1.);
#9961 = LINE('',#9962,#9963);
#9962 = CARTESIAN_POINT('',(-104.0829965192,46.075,-4.791125105949));
#9963 = VECTOR('',#9964,1.);
#9964 = DIRECTION('',(0.,1.,-0.));
#9965 = PCURVE('',#7730,#9966);
#9966 = DEFINITIONAL_REPRESENTATION('',(#9967),#9971);
#9967 = LINE('',#9968,#9969);
#9968 = CARTESIAN_POINT('',(0.,0.));
#9969 = VECTOR('',#9970,1.);
#9970 = DIRECTION('',(0.,-1.));
#9971 = ( GEOMETRIC_REPRESENTATION_CONTEXT(2) 
PARAMETRIC_REPRESENTATION_CONTEXT() REPRESENTATION_CONTEXT('2D SPACE',''
  ) );
#9972 = PCURVE('',#7704,#9973);
#9973 = DEFINITIONAL_REPRESENTATION('',(#9974),#9978);
#9974 = LINE('',#9975,#9976);
#9975 = CARTESIAN_POINT('',(2.359503580729,0.));
#9976 = VECTOR('',#9977,1.);
#9977 = DIRECTION('',(0.,-1.));
#9978 = ( GEOMETRIC_REPRESENTATION_CONTEXT(2) 
PARAMETRIC_REPRESENTATION_CONTEXT() REPRESENTATION_CONTEXT('2D SPACE',''
  ) );
#9979 = ORIENTED_EDGE('',*,*,#9980,.T.);
#9980 = EDGE_CURVE('',#9958,#9882,#9981,.T.);
#9981 = SURFACE_CURVE('',#9982,(#9986,#9993),.PCURVE_S1.);
#9982 = LINE('',#9983,#9984);
#9983 = CARTESIAN_POINT('',(-104.0829965192,46.675,-4.791125105949));
#9984 = VECTOR('',#9985,1.);
#9985 = DIRECTION('',(0.,0.,1.));
#9986 = PCURVE('',#7730,#9987);
#9987 = DEFINITIONAL_REPRESENTATION('',(#9988),#9992);
#9988 = LINE('',#9989,#9990);
#9989 = CARTESIAN_POINT('',(0.,-0.6));
#9990 = VECTOR('',#9991,1.);
#9991 = DIRECTION('',(1.,0.));
#9992 = ( GEOMETRIC_REPRESENTATION_CONTEXT(2) 
PARAMETRIC_REPRESENTATION_CONTEXT() REPRESENTATION_CONTEXT('2D SPACE',''
  ) );
#9993 = PCURVE('',#9920,#9994);
#9994 = DEFINITIONAL_REPRESENTATION('',(#9995),#9999);
#9995 = LINE('',#9996,#9997);
#9996 = CARTESIAN_POINT('',(0.434503580729,0.));
#9997 = VECTOR('',#9998,1.);
#9998 = DIRECTION('',(0.,1.));
#9999 = ( GEOMETRIC_REPRESENTATION_CONTEXT(2) 
PARAMETRIC_REPRESENTATION_CONTEXT() REPRESENTATION_CONTEXT('2D SPACE',''
  ) );
#10000 = ORIENTED_EDGE('',*,*,#9881,.F.);
#10001 = ORIENTED_EDGE('',*,*,#7716,.F.);
#10002 = ADVANCED_FACE('',(#10003),#7704,.T.);
#10003 = FACE_BOUND('',#10004,.T.);
#10004 = EDGE_LOOP('',(#10005,#10028,#10049,#10050));
#10005 = ORIENTED_EDGE('',*,*,#10006,.T.);
#10006 = EDGE_CURVE('',#7661,#10007,#10009,.T.);
#10007 = VERTEX_POINT('',#10008);
#10008 = CARTESIAN_POINT('',(-106.4425001,46.675,-4.791125105949));
#10009 = SURFACE_CURVE('',#10010,(#10014,#10021),.PCURVE_S1.);
#10010 = LINE('',#10011,#10012);
#10011 = CARTESIAN_POINT('',(-106.4425001,46.075,-4.791125105949));
#10012 = VECTOR('',#10013,1.);
#10013 = DIRECTION('',(0.,1.,-0.));
#10014 = PCURVE('',#7704,#10015);
#10015 = DEFINITIONAL_REPRESENTATION('',(#10016),#10020);
#10016 = LINE('',#10017,#10018);
#10017 = CARTESIAN_POINT('',(0.,0.));
#10018 = VECTOR('',#10019,1.);
#10019 = DIRECTION('',(0.,-1.));
#10020 = ( GEOMETRIC_REPRESENTATION_CONTEXT(2) 
PARAMETRIC_REPRESENTATION_CONTEXT() REPRESENTATION_CONTEXT('2D SPACE',''
  ) );
#10021 = PCURVE('',#7676,#10022);
#10022 = DEFINITIONAL_REPRESENTATION('',(#10023),#10027);
#10023 = LINE('',#10024,#10025);
#10024 = CARTESIAN_POINT('',(0.912996419271,0.));
#10025 = VECTOR('',#10026,1.);
#10026 = DIRECTION('',(0.,-1.));
#10027 = ( GEOMETRIC_REPRESENTATION_CONTEXT(2) 
PARAMETRIC_REPRESENTATION_CONTEXT() REPRESENTATION_CONTEXT('2D SPACE',''
  ) );
#10028 = ORIENTED_EDGE('',*,*,#10029,.T.);
#10029 = EDGE_CURVE('',#10007,#9958,#10030,.T.);
#10030 = SURFACE_CURVE('',#10031,(#10035,#10042),.PCURVE_S1.);
#10031 = LINE('',#10032,#10033);
#10032 = CARTESIAN_POINT('',(-106.4425001,46.675,-4.791125105949));
#10033 = VECTOR('',#10034,1.);
#10034 = DIRECTION('',(1.,0.,0.));
#10035 = PCURVE('',#7704,#10036);
#10036 = DEFINITIONAL_REPRESENTATION('',(#10037),#10041);
#10037 = LINE('',#10038,#10039);
#10038 = CARTESIAN_POINT('',(0.,-0.6));
#10039 = VECTOR('',#10040,1.);
#10040 = DIRECTION('',(1.,0.));
#10041 = ( GEOMETRIC_REPRESENTATION_CONTEXT(2) 
PARAMETRIC_REPRESENTATION_CONTEXT() REPRESENTATION_CONTEXT('2D SPACE',''
  ) );
#10042 = PCURVE('',#9920,#10043);
#10043 = DEFINITIONAL_REPRESENTATION('',(#10044),#10048);
#10044 = LINE('',#10045,#10046);
#10045 = CARTESIAN_POINT('',(2.794007161458,0.));
#10046 = VECTOR('',#10047,1.);
#10047 = DIRECTION('',(-1.,0.));
#10048 = ( GEOMETRIC_REPRESENTATION_CONTEXT(2) 
PARAMETRIC_REPRESENTATION_CONTEXT() REPRESENTATION_CONTEXT('2D SPACE',''
  ) );
#10049 = ORIENTED_EDGE('',*,*,#9957,.F.);
#10050 = ORIENTED_EDGE('',*,*,#7688,.F.);
#10051 = ADVANCED_FACE('',(#10052),#7676,.T.);
#10052 = FACE_BOUND('',#10053,.T.);
#10053 = EDGE_LOOP('',(#10054,#10077,#10098,#10099));
#10054 = ORIENTED_EDGE('',*,*,#10055,.T.);
#10055 = EDGE_CURVE('',#7633,#10056,#10058,.T.);
#10056 = VERTEX_POINT('',#10057);
#10057 = CARTESIAN_POINT('',(-106.4425001,46.675,-3.878128686678));
#10058 = SURFACE_CURVE('',#10059,(#10063,#10070),.PCURVE_S1.);
#10059 = LINE('',#10060,#10061);
#10060 = CARTESIAN_POINT('',(-106.4425001,46.075,-3.878128686678));
#10061 = VECTOR('',#10062,1.);
#10062 = DIRECTION('',(0.,1.,-0.));
#10063 = PCURVE('',#7676,#10064);
#10064 = DEFINITIONAL_REPRESENTATION('',(#10065),#10069);
#10065 = LINE('',#10066,#10067);
#10066 = CARTESIAN_POINT('',(0.,-0.));
#10067 = VECTOR('',#10068,1.);
#10068 = DIRECTION('',(0.,-1.));
#10069 = ( GEOMETRIC_REPRESENTATION_CONTEXT(2) 
PARAMETRIC_REPRESENTATION_CONTEXT() REPRESENTATION_CONTEXT('2D SPACE',''
  ) );
#10070 = PCURVE('',#7648,#10071);
#10071 = DEFINITIONAL_REPRESENTATION('',(#10072),#10076);
#10072 = LINE('',#10073,#10074);
#10073 = CARTESIAN_POINT('',(1.281507161458,0.));
#10074 = VECTOR('',#10075,1.);
#10075 = DIRECTION('',(0.,-1.));
#10076 = ( GEOMETRIC_REPRESENTATION_CONTEXT(2) 
PARAMETRIC_REPRESENTATION_CONTEXT() REPRESENTATION_CONTEXT('2D SPACE',''
  ) );
#10077 = ORIENTED_EDGE('',*,*,#10078,.T.);
#10078 = EDGE_CURVE('',#10056,#10007,#10079,.T.);
#10079 = SURFACE_CURVE('',#10080,(#10084,#10091),.PCURVE_S1.);
#10080 = LINE('',#10081,#10082);
#10081 = CARTESIAN_POINT('',(-106.4425001,46.675,-3.878128686678));
#10082 = VECTOR('',#10083,1.);
#10083 = DIRECTION('',(-0.,0.,-1.));
#10084 = PCURVE('',#7676,#10085);
#10085 = DEFINITIONAL_REPRESENTATION('',(#10086),#10090);
#10086 = LINE('',#10087,#10088);
#10087 = CARTESIAN_POINT('',(0.,-0.6));
#10088 = VECTOR('',#10089,1.);
#10089 = DIRECTION('',(1.,0.));
#10090 = ( GEOMETRIC_REPRESENTATION_CONTEXT(2) 
PARAMETRIC_REPRESENTATION_CONTEXT() REPRESENTATION_CONTEXT('2D SPACE',''
  ) );
#10091 = PCURVE('',#9920,#10092);
#10092 = DEFINITIONAL_REPRESENTATION('',(#10093),#10097);
#10093 = LINE('',#10094,#10095);
#10094 = CARTESIAN_POINT('',(2.794007161458,0.912996419271));
#10095 = VECTOR('',#10096,1.);
#10096 = DIRECTION('',(0.,-1.));
#10097 = ( GEOMETRIC_REPRESENTATION_CONTEXT(2) 
PARAMETRIC_REPRESENTATION_CONTEXT() REPRESENTATION_CONTEXT('2D SPACE',''
  ) );
#10098 = ORIENTED_EDGE('',*,*,#10006,.F.);
#10099 = ORIENTED_EDGE('',*,*,#7660,.F.);
#10100 = ADVANCED_FACE('',(#10101),#7648,.T.);
#10101 = FACE_BOUND('',#10102,.T.);
#10102 = EDGE_LOOP('',(#10103,#10126,#10147,#10148));
#10103 = ORIENTED_EDGE('',*,*,#10104,.T.);
#10104 = EDGE_CURVE('',#7605,#10105,#10107,.T.);
#10105 = VERTEX_POINT('',#10106);
#10106 = CARTESIAN_POINT('',(-105.1609929385,46.675,-3.878128686678));
#10107 = SURFACE_CURVE('',#10108,(#10112,#10119),.PCURVE_S1.);
#10108 = LINE('',#10109,#10110);
#10109 = CARTESIAN_POINT('',(-105.1609929385,46.075,-3.878128686678));
#10110 = VECTOR('',#10111,1.);
#10111 = DIRECTION('',(0.,1.,-0.));
#10112 = PCURVE('',#7648,#10113);
#10113 = DEFINITIONAL_REPRESENTATION('',(#10114),#10118);
#10114 = LINE('',#10115,#10116);
#10115 = CARTESIAN_POINT('',(0.,0.));
#10116 = VECTOR('',#10117,1.);
#10117 = DIRECTION('',(0.,-1.));
#10118 = ( GEOMETRIC_REPRESENTATION_CONTEXT(2) 
PARAMETRIC_REPRESENTATION_CONTEXT() REPRESENTATION_CONTEXT('2D SPACE',''
  ) );
#10119 = PCURVE('',#7620,#10120);
#10120 = DEFINITIONAL_REPRESENTATION('',(#10121),#10125);
#10121 = LINE('',#10122,#10123);
#10122 = CARTESIAN_POINT('',(0.715,0.));
#10123 = VECTOR('',#10124,1.);
#10124 = DIRECTION('',(0.,-1.));
#10125 = ( GEOMETRIC_REPRESENTATION_CONTEXT(2) 
PARAMETRIC_REPRESENTATION_CONTEXT() REPRESENTATION_CONTEXT('2D SPACE',''
  ) );
#10126 = ORIENTED_EDGE('',*,*,#10127,.T.);
#10127 = EDGE_CURVE('',#10105,#10056,#10128,.T.);
#10128 = SURFACE_CURVE('',#10129,(#10133,#10140),.PCURVE_S1.);
#10129 = LINE('',#10130,#10131);
#10130 = CARTESIAN_POINT('',(-105.1609929385,46.675,-3.878128686678));
#10131 = VECTOR('',#10132,1.);
#10132 = DIRECTION('',(-1.,0.,0.));
#10133 = PCURVE('',#7648,#10134);
#10134 = DEFINITIONAL_REPRESENTATION('',(#10135),#10139);
#10135 = LINE('',#10136,#10137);
#10136 = CARTESIAN_POINT('',(0.,-0.6));
#10137 = VECTOR('',#10138,1.);
#10138 = DIRECTION('',(1.,0.));
#10139 = ( GEOMETRIC_REPRESENTATION_CONTEXT(2) 
PARAMETRIC_REPRESENTATION_CONTEXT() REPRESENTATION_CONTEXT('2D SPACE',''
  ) );
#10140 = PCURVE('',#9920,#10141);
#10141 = DEFINITIONAL_REPRESENTATION('',(#10142),#10146);
#10142 = LINE('',#10143,#10144);
#10143 = CARTESIAN_POINT('',(1.5125,0.912996419271));
#10144 = VECTOR('',#10145,1.);
#10145 = DIRECTION('',(1.,0.));
#10146 = ( GEOMETRIC_REPRESENTATION_CONTEXT(2) 
PARAMETRIC_REPRESENTATION_CONTEXT() REPRESENTATION_CONTEXT('2D SPACE',''
  ) );
#10147 = ORIENTED_EDGE('',*,*,#10055,.F.);
#10148 = ORIENTED_EDGE('',*,*,#7632,.F.);
#10149 = ADVANCED_FACE('',(#10150),#7620,.T.);
#10150 = FACE_BOUND('',#10151,.T.);
#10151 = EDGE_LOOP('',(#10152,#10175,#10196,#10197));
#10152 = ORIENTED_EDGE('',*,*,#10153,.T.);
#10153 = EDGE_CURVE('',#7577,#10154,#10156,.T.);
#10154 = VERTEX_POINT('',#10155);
#10155 = CARTESIAN_POINT('',(-105.1609929385,46.675,-3.163128686678));
#10156 = SURFACE_CURVE('',#10157,(#10161,#10168),.PCURVE_S1.);
#10157 = LINE('',#10158,#10159);
#10158 = CARTESIAN_POINT('',(-105.1609929385,46.075,-3.163128686678));
#10159 = VECTOR('',#10160,1.);
#10160 = DIRECTION('',(0.,1.,-0.));
#10161 = PCURVE('',#7620,#10162);
#10162 = DEFINITIONAL_REPRESENTATION('',(#10163),#10167);
#10163 = LINE('',#10164,#10165);
#10164 = CARTESIAN_POINT('',(0.,-0.));
#10165 = VECTOR('',#10166,1.);
#10166 = DIRECTION('',(0.,-1.));
#10167 = ( GEOMETRIC_REPRESENTATION_CONTEXT(2) 
PARAMETRIC_REPRESENTATION_CONTEXT() REPRESENTATION_CONTEXT('2D SPACE',''
  ) );
#10168 = PCURVE('',#7592,#10169);
#10169 = DEFINITIONAL_REPRESENTATION('',(#10170),#10174);
#10170 = LINE('',#10171,#10172);
#10171 = CARTESIAN_POINT('',(1.21,0.));
#10172 = VECTOR('',#10173,1.);
#10173 = DIRECTION('',(0.,-1.));
#10174 = ( GEOMETRIC_REPRESENTATION_CONTEXT(2) 
PARAMETRIC_REPRESENTATION_CONTEXT() REPRESENTATION_CONTEXT('2D SPACE',''
  ) );
#10175 = ORIENTED_EDGE('',*,*,#10176,.T.);
#10176 = EDGE_CURVE('',#10154,#10105,#10177,.T.);
#10177 = SURFACE_CURVE('',#10178,(#10182,#10189),.PCURVE_S1.);
#10178 = LINE('',#10179,#10180);
#10179 = CARTESIAN_POINT('',(-105.1609929385,46.675,-3.163128686678));
#10180 = VECTOR('',#10181,1.);
#10181 = DIRECTION('',(-0.,0.,-1.));
#10182 = PCURVE('',#7620,#10183);
#10183 = DEFINITIONAL_REPRESENTATION('',(#10184),#10188);
#10184 = LINE('',#10185,#10186);
#10185 = CARTESIAN_POINT('',(0.,-0.6));
#10186 = VECTOR('',#10187,1.);
#10187 = DIRECTION('',(1.,0.));
#10188 = ( GEOMETRIC_REPRESENTATION_CONTEXT(2) 
PARAMETRIC_REPRESENTATION_CONTEXT() REPRESENTATION_CONTEXT('2D SPACE',''
  ) );
#10189 = PCURVE('',#9920,#10190);
#10190 = DEFINITIONAL_REPRESENTATION('',(#10191),#10195);
#10191 = LINE('',#10192,#10193);
#10192 = CARTESIAN_POINT('',(1.5125,1.627996419271));
#10193 = VECTOR('',#10194,1.);
#10194 = DIRECTION('',(0.,-1.));
#10195 = ( GEOMETRIC_REPRESENTATION_CONTEXT(2) 
PARAMETRIC_REPRESENTATION_CONTEXT() REPRESENTATION_CONTEXT('2D SPACE',''
  ) );
#10196 = ORIENTED_EDGE('',*,*,#10104,.F.);
#10197 = ORIENTED_EDGE('',*,*,#7604,.F.);
#10198 = ADVANCED_FACE('',(#10199),#7592,.T.);
#10199 = FACE_BOUND('',#10200,.T.);
#10200 = EDGE_LOOP('',(#10201,#10224,#10245,#10246));
#10201 = ORIENTED_EDGE('',*,*,#10202,.T.);
#10202 = EDGE_CURVE('',#7549,#10203,#10205,.T.);
#10203 = VERTEX_POINT('',#10204);
#10204 = CARTESIAN_POINT('',(-106.3709929385,46.675,-3.163128686678));
#10205 = SURFACE_CURVE('',#10206,(#10210,#10217),.PCURVE_S1.);
#10206 = LINE('',#10207,#10208);
#10207 = CARTESIAN_POINT('',(-106.3709929385,46.075,-3.163128686678));
#10208 = VECTOR('',#10209,1.);
#10209 = DIRECTION('',(0.,1.,-0.));
#10210 = PCURVE('',#7592,#10211);
#10211 = DEFINITIONAL_REPRESENTATION('',(#10212),#10216);
#10212 = LINE('',#10213,#10214);
#10213 = CARTESIAN_POINT('',(0.,0.));
#10214 = VECTOR('',#10215,1.);
#10215 = DIRECTION('',(0.,-1.));
#10216 = ( GEOMETRIC_REPRESENTATION_CONTEXT(2) 
PARAMETRIC_REPRESENTATION_CONTEXT() REPRESENTATION_CONTEXT('2D SPACE',''
  ) );
#10217 = PCURVE('',#7564,#10218);
#10218 = DEFINITIONAL_REPRESENTATION('',(#10219),#10223);
#10219 = LINE('',#10220,#10221);
#10220 = CARTESIAN_POINT('',(0.912996419271,0.));
#10221 = VECTOR('',#10222,1.);
#10222 = DIRECTION('',(0.,-1.));
#10223 = ( GEOMETRIC_REPRESENTATION_CONTEXT(2) 
PARAMETRIC_REPRESENTATION_CONTEXT() REPRESENTATION_CONTEXT('2D SPACE',''
  ) );
#10224 = ORIENTED_EDGE('',*,*,#10225,.T.);
#10225 = EDGE_CURVE('',#10203,#10154,#10226,.T.);
#10226 = SURFACE_CURVE('',#10227,(#10231,#10238),.PCURVE_S1.);
#10227 = LINE('',#10228,#10229);
#10228 = CARTESIAN_POINT('',(-106.3709929385,46.675,-3.163128686678));
#10229 = VECTOR('',#10230,1.);
#10230 = DIRECTION('',(1.,0.,0.));
#10231 = PCURVE('',#7592,#10232);
#10232 = DEFINITIONAL_REPRESENTATION('',(#10233),#10237);
#10233 = LINE('',#10234,#10235);
#10234 = CARTESIAN_POINT('',(0.,-0.6));
#10235 = VECTOR('',#10236,1.);
#10236 = DIRECTION('',(1.,0.));
#10237 = ( GEOMETRIC_REPRESENTATION_CONTEXT(2) 
PARAMETRIC_REPRESENTATION_CONTEXT() REPRESENTATION_CONTEXT('2D SPACE',''
  ) );
#10238 = PCURVE('',#9920,#10239);
#10239 = DEFINITIONAL_REPRESENTATION('',(#10240),#10244);
#10240 = LINE('',#10241,#10242);
#10241 = CARTESIAN_POINT('',(2.7225,1.627996419271));
#10242 = VECTOR('',#10243,1.);
#10243 = DIRECTION('',(-1.,0.));
#10244 = ( GEOMETRIC_REPRESENTATION_CONTEXT(2) 
PARAMETRIC_REPRESENTATION_CONTEXT() REPRESENTATION_CONTEXT('2D SPACE',''
  ) );
#10245 = ORIENTED_EDGE('',*,*,#10153,.F.);
#10246 = ORIENTED_EDGE('',*,*,#7576,.F.);
#10247 = ADVANCED_FACE('',(#10248),#7564,.T.);
#10248 = FACE_BOUND('',#10249,.T.);
#10249 = EDGE_LOOP('',(#10250,#10273,#10294,#10295));
#10250 = ORIENTED_EDGE('',*,*,#10251,.T.);
#10251 = EDGE_CURVE('',#7521,#10252,#10254,.T.);
#10252 = VERTEX_POINT('',#10253);
#10253 = CARTESIAN_POINT('',(-106.3709929385,46.675,-2.250132267407));
#10254 = SURFACE_CURVE('',#10255,(#10259,#10266),.PCURVE_S1.);
#10255 = LINE('',#10256,#10257);
#10256 = CARTESIAN_POINT('',(-106.3709929385,46.075,-2.250132267407));
#10257 = VECTOR('',#10258,1.);
#10258 = DIRECTION('',(0.,1.,-0.));
#10259 = PCURVE('',#7564,#10260);
#10260 = DEFINITIONAL_REPRESENTATION('',(#10261),#10265);
#10261 = LINE('',#10262,#10263);
#10262 = CARTESIAN_POINT('',(0.,-0.));
#10263 = VECTOR('',#10264,1.);
#10264 = DIRECTION('',(0.,-1.));
#10265 = ( GEOMETRIC_REPRESENTATION_CONTEXT(2) 
PARAMETRIC_REPRESENTATION_CONTEXT() REPRESENTATION_CONTEXT('2D SPACE',''
  ) );
#10266 = PCURVE('',#7536,#10267);
#10267 = DEFINITIONAL_REPRESENTATION('',(#10268),#10272);
#10268 = LINE('',#10269,#10270);
#10269 = CARTESIAN_POINT('',(1.21,0.));
#10270 = VECTOR('',#10271,1.);
#10271 = DIRECTION('',(0.,-1.));
#10272 = ( GEOMETRIC_REPRESENTATION_CONTEXT(2) 
PARAMETRIC_REPRESENTATION_CONTEXT() REPRESENTATION_CONTEXT('2D SPACE',''
  ) );
#10273 = ORIENTED_EDGE('',*,*,#10274,.T.);
#10274 = EDGE_CURVE('',#10252,#10203,#10275,.T.);
#10275 = SURFACE_CURVE('',#10276,(#10280,#10287),.PCURVE_S1.);
#10276 = LINE('',#10277,#10278);
#10277 = CARTESIAN_POINT('',(-106.3709929385,46.675,-2.250132267407));
#10278 = VECTOR('',#10279,1.);
#10279 = DIRECTION('',(-0.,0.,-1.));
#10280 = PCURVE('',#7564,#10281);
#10281 = DEFINITIONAL_REPRESENTATION('',(#10282),#10286);
#10282 = LINE('',#10283,#10284);
#10283 = CARTESIAN_POINT('',(0.,-0.6));
#10284 = VECTOR('',#10285,1.);
#10285 = DIRECTION('',(1.,0.));
#10286 = ( GEOMETRIC_REPRESENTATION_CONTEXT(2) 
PARAMETRIC_REPRESENTATION_CONTEXT() REPRESENTATION_CONTEXT('2D SPACE',''
  ) );
#10287 = PCURVE('',#9920,#10288);
#10288 = DEFINITIONAL_REPRESENTATION('',(#10289),#10293);
#10289 = LINE('',#10290,#10291);
#10290 = CARTESIAN_POINT('',(2.7225,2.540992838542));
#10291 = VECTOR('',#10292,1.);
#10292 = DIRECTION('',(0.,-1.));
#10293 = ( GEOMETRIC_REPRESENTATION_CONTEXT(2) 
PARAMETRIC_REPRESENTATION_CONTEXT() REPRESENTATION_CONTEXT('2D SPACE',''
  ) );
#10294 = ORIENTED_EDGE('',*,*,#10202,.F.);
#10295 = ORIENTED_EDGE('',*,*,#7548,.F.);
#10296 = ADVANCED_FACE('',(#10297),#7536,.T.);
#10297 = FACE_BOUND('',#10298,.T.);
#10298 = EDGE_LOOP('',(#10299,#10322,#10343,#10344));
#10299 = ORIENTED_EDGE('',*,*,#10300,.T.);
#10300 = EDGE_CURVE('',#7493,#10301,#10303,.T.);
#10301 = VERTEX_POINT('',#10302);
#10302 = CARTESIAN_POINT('',(-105.1609929385,46.675,-2.250132267407));
#10303 = SURFACE_CURVE('',#10304,(#10308,#10315),.PCURVE_S1.);
#10304 = LINE('',#10305,#10306);
#10305 = CARTESIAN_POINT('',(-105.1609929385,46.075,-2.250132267407));
#10306 = VECTOR('',#10307,1.);
#10307 = DIRECTION('',(0.,1.,-0.));
#10308 = PCURVE('',#7536,#10309);
#10309 = DEFINITIONAL_REPRESENTATION('',(#10310),#10314);
#10310 = LINE('',#10311,#10312);
#10311 = CARTESIAN_POINT('',(0.,0.));
#10312 = VECTOR('',#10313,1.);
#10313 = DIRECTION('',(0.,-1.));
#10314 = ( GEOMETRIC_REPRESENTATION_CONTEXT(2) 
PARAMETRIC_REPRESENTATION_CONTEXT() REPRESENTATION_CONTEXT('2D SPACE',''
  ) );
#10315 = PCURVE('',#7508,#10316);
#10316 = DEFINITIONAL_REPRESENTATION('',(#10317),#10321);
#10317 = LINE('',#10318,#10319);
#10318 = CARTESIAN_POINT('',(0.693014322917,0.));
#10319 = VECTOR('',#10320,1.);
#10320 = DIRECTION('',(0.,-1.));
#10321 = ( GEOMETRIC_REPRESENTATION_CONTEXT(2) 
PARAMETRIC_REPRESENTATION_CONTEXT() REPRESENTATION_CONTEXT('2D SPACE',''
  ) );
#10322 = ORIENTED_EDGE('',*,*,#10323,.T.);
#10323 = EDGE_CURVE('',#10301,#10252,#10324,.T.);
#10324 = SURFACE_CURVE('',#10325,(#10329,#10336),.PCURVE_S1.);
#10325 = LINE('',#10326,#10327);
#10326 = CARTESIAN_POINT('',(-105.1609929385,46.675,-2.250132267407));
#10327 = VECTOR('',#10328,1.);
#10328 = DIRECTION('',(-1.,0.,0.));
#10329 = PCURVE('',#7536,#10330);
#10330 = DEFINITIONAL_REPRESENTATION('',(#10331),#10335);
#10331 = LINE('',#10332,#10333);
#10332 = CARTESIAN_POINT('',(0.,-0.6));
#10333 = VECTOR('',#10334,1.);
#10334 = DIRECTION('',(1.,0.));
#10335 = ( GEOMETRIC_REPRESENTATION_CONTEXT(2) 
PARAMETRIC_REPRESENTATION_CONTEXT() REPRESENTATION_CONTEXT('2D SPACE',''
  ) );
#10336 = PCURVE('',#9920,#10337);
#10337 = DEFINITIONAL_REPRESENTATION('',(#10338),#10342);
#10338 = LINE('',#10339,#10340);
#10339 = CARTESIAN_POINT('',(1.5125,2.540992838542));
#10340 = VECTOR('',#10341,1.);
#10341 = DIRECTION('',(1.,0.));
#10342 = ( GEOMETRIC_REPRESENTATION_CONTEXT(2) 
PARAMETRIC_REPRESENTATION_CONTEXT() REPRESENTATION_CONTEXT('2D SPACE',''
  ) );
#10343 = ORIENTED_EDGE('',*,*,#10251,.F.);
#10344 = ORIENTED_EDGE('',*,*,#7520,.F.);
#10345 = ADVANCED_FACE('',(#10346),#7508,.T.);
#10346 = FACE_BOUND('',#10347,.T.);
#10347 = EDGE_LOOP('',(#10348,#10371,#10392,#10393));
#10348 = ORIENTED_EDGE('',*,*,#10349,.T.);
#10349 = EDGE_CURVE('',#7465,#10350,#10352,.T.);
#10350 = VERTEX_POINT('',#10351);
#10351 = CARTESIAN_POINT('',(-105.1609929385,46.675,-1.557117944491));
#10352 = SURFACE_CURVE('',#10353,(#10357,#10364),.PCURVE_S1.);
#10353 = LINE('',#10354,#10355);
#10354 = CARTESIAN_POINT('',(-105.1609929385,46.075,-1.557117944491));
#10355 = VECTOR('',#10356,1.);
#10356 = DIRECTION('',(0.,1.,-0.));
#10357 = PCURVE('',#7508,#10358);
#10358 = DEFINITIONAL_REPRESENTATION('',(#10359),#10363);
#10359 = LINE('',#10360,#10361);
#10360 = CARTESIAN_POINT('',(0.,-0.));
#10361 = VECTOR('',#10362,1.);
#10362 = DIRECTION('',(0.,-1.));
#10363 = ( GEOMETRIC_REPRESENTATION_CONTEXT(2) 
PARAMETRIC_REPRESENTATION_CONTEXT() REPRESENTATION_CONTEXT('2D SPACE',''
  ) );
#10364 = PCURVE('',#7480,#10365);
#10365 = DEFINITIONAL_REPRESENTATION('',(#10366),#10370);
#10366 = LINE('',#10367,#10368);
#10367 = CARTESIAN_POINT('',(1.281507161458,0.));
#10368 = VECTOR('',#10369,1.);
#10369 = DIRECTION('',(0.,-1.));
#10370 = ( GEOMETRIC_REPRESENTATION_CONTEXT(2) 
PARAMETRIC_REPRESENTATION_CONTEXT() REPRESENTATION_CONTEXT('2D SPACE',''
  ) );
#10371 = ORIENTED_EDGE('',*,*,#10372,.T.);
#10372 = EDGE_CURVE('',#10350,#10301,#10373,.T.);
#10373 = SURFACE_CURVE('',#10374,(#10378,#10385),.PCURVE_S1.);
#10374 = LINE('',#10375,#10376);
#10375 = CARTESIAN_POINT('',(-105.1609929385,46.675,-1.557117944491));
#10376 = VECTOR('',#10377,1.);
#10377 = DIRECTION('',(-0.,0.,-1.));
#10378 = PCURVE('',#7508,#10379);
#10379 = DEFINITIONAL_REPRESENTATION('',(#10380),#10384);
#10380 = LINE('',#10381,#10382);
#10381 = CARTESIAN_POINT('',(0.,-0.6));
#10382 = VECTOR('',#10383,1.);
#10383 = DIRECTION('',(1.,0.));
#10384 = ( GEOMETRIC_REPRESENTATION_CONTEXT(2) 
PARAMETRIC_REPRESENTATION_CONTEXT() REPRESENTATION_CONTEXT('2D SPACE',''
  ) );
#10385 = PCURVE('',#9920,#10386);
#10386 = DEFINITIONAL_REPRESENTATION('',(#10387),#10391);
#10387 = LINE('',#10388,#10389);
#10388 = CARTESIAN_POINT('',(1.5125,3.234007161458));
#10389 = VECTOR('',#10390,1.);
#10390 = DIRECTION('',(0.,-1.));
#10391 = ( GEOMETRIC_REPRESENTATION_CONTEXT(2) 
PARAMETRIC_REPRESENTATION_CONTEXT() REPRESENTATION_CONTEXT('2D SPACE',''
  ) );
#10392 = ORIENTED_EDGE('',*,*,#10300,.F.);
#10393 = ORIENTED_EDGE('',*,*,#7492,.F.);
#10394 = ADVANCED_FACE('',(#10395),#7480,.T.);
#10395 = FACE_BOUND('',#10396,.T.);
#10396 = EDGE_LOOP('',(#10397,#10420,#10441,#10442));
#10397 = ORIENTED_EDGE('',*,*,#10398,.T.);
#10398 = EDGE_CURVE('',#7437,#10399,#10401,.T.);
#10399 = VERTEX_POINT('',#10400);
#10400 = CARTESIAN_POINT('',(-106.4425001,46.675,-1.557117944491));
#10401 = SURFACE_CURVE('',#10402,(#10406,#10413),.PCURVE_S1.);
#10402 = LINE('',#10403,#10404);
#10403 = CARTESIAN_POINT('',(-106.4425001,46.075,-1.557117944491));
#10404 = VECTOR('',#10405,1.);
#10405 = DIRECTION('',(0.,1.,-0.));
#10406 = PCURVE('',#7480,#10407);
#10407 = DEFINITIONAL_REPRESENTATION('',(#10408),#10412);
#10408 = LINE('',#10409,#10410);
#10409 = CARTESIAN_POINT('',(0.,0.));
#10410 = VECTOR('',#10411,1.);
#10411 = DIRECTION('',(0.,-1.));
#10412 = ( GEOMETRIC_REPRESENTATION_CONTEXT(2) 
PARAMETRIC_REPRESENTATION_CONTEXT() REPRESENTATION_CONTEXT('2D SPACE',''
  ) );
#10413 = PCURVE('',#7452,#10414);
#10414 = DEFINITIONAL_REPRESENTATION('',(#10415),#10419);
#10415 = LINE('',#10416,#10417);
#10416 = CARTESIAN_POINT('',(0.912996419271,0.));
#10417 = VECTOR('',#10418,1.);
#10418 = DIRECTION('',(0.,-1.));
#10419 = ( GEOMETRIC_REPRESENTATION_CONTEXT(2) 
PARAMETRIC_REPRESENTATION_CONTEXT() REPRESENTATION_CONTEXT('2D SPACE',''
  ) );
#10420 = ORIENTED_EDGE('',*,*,#10421,.T.);
#10421 = EDGE_CURVE('',#10399,#10350,#10422,.T.);
#10422 = SURFACE_CURVE('',#10423,(#10427,#10434),.PCURVE_S1.);
#10423 = LINE('',#10424,#10425);
#10424 = CARTESIAN_POINT('',(-106.4425001,46.675,-1.557117944491));
#10425 = VECTOR('',#10426,1.);
#10426 = DIRECTION('',(1.,0.,0.));
#10427 = PCURVE('',#7480,#10428);
#10428 = DEFINITIONAL_REPRESENTATION('',(#10429),#10433);
#10429 = LINE('',#10430,#10431);
#10430 = CARTESIAN_POINT('',(0.,-0.6));
#10431 = VECTOR('',#10432,1.);
#10432 = DIRECTION('',(1.,0.));
#10433 = ( GEOMETRIC_REPRESENTATION_CONTEXT(2) 
PARAMETRIC_REPRESENTATION_CONTEXT() REPRESENTATION_CONTEXT('2D SPACE',''
  ) );
#10434 = PCURVE('',#9920,#10435);
#10435 = DEFINITIONAL_REPRESENTATION('',(#10436),#10440);
#10436 = LINE('',#10437,#10438);
#10437 = CARTESIAN_POINT('',(2.794007161458,3.234007161458));
#10438 = VECTOR('',#10439,1.);
#10439 = DIRECTION('',(-1.,0.));
#10440 = ( GEOMETRIC_REPRESENTATION_CONTEXT(2) 
PARAMETRIC_REPRESENTATION_CONTEXT() REPRESENTATION_CONTEXT('2D SPACE',''
  ) );
#10441 = ORIENTED_EDGE('',*,*,#10349,.F.);
#10442 = ORIENTED_EDGE('',*,*,#7464,.F.);
#10443 = ADVANCED_FACE('',(#10444),#7452,.T.);
#10444 = FACE_BOUND('',#10445,.T.);
#10445 = EDGE_LOOP('',(#10446,#10447,#10468,#10469));
#10446 = ORIENTED_EDGE('',*,*,#9932,.T.);
#10447 = ORIENTED_EDGE('',*,*,#10448,.T.);
#10448 = EDGE_CURVE('',#9905,#10399,#10449,.T.);
#10449 = SURFACE_CURVE('',#10450,(#10454,#10461),.PCURVE_S1.);
#10450 = LINE('',#10451,#10452);
#10451 = CARTESIAN_POINT('',(-106.4425001,46.675,-0.64412152522));
#10452 = VECTOR('',#10453,1.);
#10453 = DIRECTION('',(-0.,0.,-1.));
#10454 = PCURVE('',#7452,#10455);
#10455 = DEFINITIONAL_REPRESENTATION('',(#10456),#10460);
#10456 = LINE('',#10457,#10458);
#10457 = CARTESIAN_POINT('',(0.,-0.6));
#10458 = VECTOR('',#10459,1.);
#10459 = DIRECTION('',(1.,0.));
#10460 = ( GEOMETRIC_REPRESENTATION_CONTEXT(2) 
PARAMETRIC_REPRESENTATION_CONTEXT() REPRESENTATION_CONTEXT('2D SPACE',''
  ) );
#10461 = PCURVE('',#9920,#10462);
#10462 = DEFINITIONAL_REPRESENTATION('',(#10463),#10467);
#10463 = LINE('',#10464,#10465);
#10464 = CARTESIAN_POINT('',(2.794007161458,4.147003580729));
#10465 = VECTOR('',#10466,1.);
#10466 = DIRECTION('',(0.,-1.));
#10467 = ( GEOMETRIC_REPRESENTATION_CONTEXT(2) 
PARAMETRIC_REPRESENTATION_CONTEXT() REPRESENTATION_CONTEXT('2D SPACE',''
  ) );
#10468 = ORIENTED_EDGE('',*,*,#10398,.F.);
#10469 = ORIENTED_EDGE('',*,*,#7436,.F.);
#10470 = ADVANCED_FACE('',(#10471),#7790,.F.);
#10471 = FACE_BOUND('',#10472,.F.);
#10472 = EDGE_LOOP('',(#10473,#10496,#10552,#10553));
#10473 = ORIENTED_EDGE('',*,*,#10474,.T.);
#10474 = EDGE_CURVE('',#7745,#10475,#10477,.T.);
#10475 = VERTEX_POINT('',#10476);
#10476 = CARTESIAN_POINT('',(-108.8425002,46.675,-2.717632267407));
#10477 = SEAM_CURVE('',#10478,(#10482,#10489),.PCURVE_S1.);
#10478 = LINE('',#10479,#10480);
#10479 = CARTESIAN_POINT('',(-108.8425002,46.075,-2.717632267407));
#10480 = VECTOR('',#10481,1.);
#10481 = DIRECTION('',(0.,1.,-0.));
#10482 = PCURVE('',#7790,#10483);
#10483 = DEFINITIONAL_REPRESENTATION('',(#10484),#10488);
#10484 = LINE('',#10485,#10486);
#10485 = CARTESIAN_POINT('',(0.,0.));
#10486 = VECTOR('',#10487,1.);
#10487 = DIRECTION('',(0.,-1.));
#10488 = ( GEOMETRIC_REPRESENTATION_CONTEXT(2) 
PARAMETRIC_REPRESENTATION_CONTEXT() REPRESENTATION_CONTEXT('2D SPACE',''
  ) );
#10489 = PCURVE('',#7790,#10490);
#10490 = DEFINITIONAL_REPRESENTATION('',(#10491),#10495);
#10491 = LINE('',#10492,#10493);
#10492 = CARTESIAN_POINT('',(15.91369027733,0.));
#10493 = VECTOR('',#10494,1.);
#10494 = DIRECTION('',(0.,-1.));
#10495 = ( GEOMETRIC_REPRESENTATION_CONTEXT(2) 
PARAMETRIC_REPRESENTATION_CONTEXT() REPRESENTATION_CONTEXT('2D SPACE',''
  ) );
#10496 = ORIENTED_EDGE('',*,*,#10497,.T.);
#10497 = EDGE_CURVE('',#10475,#10475,#10498,.T.);
#10498 = SURFACE_CURVE('',#10499,(#10518,#10525),.PCURVE_S1.);
#10499 = B_SPLINE_CURVE_WITH_KNOTS('',2,(#10500,#10501,#10502,#10503,
    #10504,#10505,#10506,#10507,#10508,#10509,#10510,#10511,#10512,
    #10513,#10514,#10515,#10516,#10517),.UNSPECIFIED.,.T.,.F.,(3,1,1,1,1
    ,1,1,1,1,1,1,1,1,1,1,1,3),(0.,1.,2.,3.,4.,4.989172740783,
    5.978345481565,6.967518222348,7.956690963131,8.945902037999,
    9.935113112867,10.924324187735,11.913535262603,12.913574016285,
    13.913612769966,14.913651523648,15.91369027733),.UNSPECIFIED.);
#10500 = CARTESIAN_POINT('',(-108.8425002,46.675,-2.717632267407));
#10501 = CARTESIAN_POINT('',(-108.8425002,46.675,-3.179617944491));
#10502 = CARTESIAN_POINT('',(-109.1834930385,46.675,-3.977117944491));
#10503 = CARTESIAN_POINT('',(-109.7884930385,46.675,-4.571125105949));
#10504 = CARTESIAN_POINT('',(-110.6300002,46.675,-4.90662152522));
#10505 = CARTESIAN_POINT('',(-111.6365073614,46.675,-4.90662152522));
#10506 = CARTESIAN_POINT('',(-112.4834930385,46.675,-4.571125105949));
#10507 = CARTESIAN_POINT('',(-113.0940073614,46.675,-3.977117944491));
#10508 = CARTESIAN_POINT('',(-113.4350002,46.675,-3.179617944491));
#10509 = CARTESIAN_POINT('',(-113.4350002,46.675,-2.255628686678));
#10510 = CARTESIAN_POINT('',(-113.0940073614,46.675,-1.458128686678));
#10511 = CARTESIAN_POINT('',(-112.4834930385,46.675,-0.86412152522));
#10512 = CARTESIAN_POINT('',(-111.6365073614,46.675,-0.528625105949));
#10513 = CARTESIAN_POINT('',(-110.6300002,46.675,-0.528625105949));
#10514 = CARTESIAN_POINT('',(-109.7884930385,46.675,-0.86412152522));
#10515 = CARTESIAN_POINT('',(-109.1834930385,46.675,-1.458128686678));
#10516 = CARTESIAN_POINT('',(-108.8425002,46.675,-2.255628686678));
#10517 = CARTESIAN_POINT('',(-108.8425002,46.675,-2.717632267407));
#10518 = PCURVE('',#7790,#10519);
#10519 = DEFINITIONAL_REPRESENTATION('',(#10520),#10524);
#10520 = LINE('',#10521,#10522);
#10521 = CARTESIAN_POINT('',(0.,-0.6));
#10522 = VECTOR('',#10523,1.);
#10523 = DIRECTION('',(1.,0.));
#10524 = ( GEOMETRIC_REPRESENTATION_CONTEXT(2) 
PARAMETRIC_REPRESENTATION_CONTEXT() REPRESENTATION_CONTEXT('2D SPACE',''
  ) );
#10525 = PCURVE('',#10526,#10531);
#10526 = PLANE('',#10527);
#10527 = AXIS2_PLACEMENT_3D('',#10528,#10529,#10530);
#10528 = CARTESIAN_POINT('',(-108.5950002,46.675,-4.791125105949));
#10529 = DIRECTION('',(0.,1.,0.));
#10530 = DIRECTION('',(-1.,0.,0.));
#10531 = DEFINITIONAL_REPRESENTATION('',(#10532),#10551);
#10532 = B_SPLINE_CURVE_WITH_KNOTS('',2,(#10533,#10534,#10535,#10536,
    #10537,#10538,#10539,#10540,#10541,#10542,#10543,#10544,#10545,
    #10546,#10547,#10548,#10549,#10550),.UNSPECIFIED.,.T.,.F.,(3,1,1,1,1
    ,1,1,1,1,1,1,1,1,1,1,1,3),(0.,1.,2.,3.,4.,4.989172740783,
    5.978345481565,6.967518222348,7.956690963131,8.945902037999,
    9.935113112867,10.924324187735,11.913535262603,12.913574016285,
    13.913612769966,14.913651523648,15.91369027733),.UNSPECIFIED.);
#10533 = CARTESIAN_POINT('',(0.2475,2.073492838542));
#10534 = CARTESIAN_POINT('',(0.2475,1.611507161458));
#10535 = CARTESIAN_POINT('',(0.588492838542,0.814007161458));
#10536 = CARTESIAN_POINT('',(1.193492838542,0.22));
#10537 = CARTESIAN_POINT('',(2.035,-0.115496419271));
#10538 = CARTESIAN_POINT('',(3.041507161458,-0.115496419271));
#10539 = CARTESIAN_POINT('',(3.888492838542,0.22));
#10540 = CARTESIAN_POINT('',(4.499007161458,0.814007161458));
#10541 = CARTESIAN_POINT('',(4.84,1.611507161458));
#10542 = CARTESIAN_POINT('',(4.84,2.535496419271));
#10543 = CARTESIAN_POINT('',(4.499007161458,3.332996419271));
#10544 = CARTESIAN_POINT('',(3.888492838542,3.927003580729));
#10545 = CARTESIAN_POINT('',(3.041507161458,4.2625));
#10546 = CARTESIAN_POINT('',(2.035,4.2625));
#10547 = CARTESIAN_POINT('',(1.193492838542,3.927003580729));
#10548 = CARTESIAN_POINT('',(0.588492838542,3.332996419271));
#10549 = CARTESIAN_POINT('',(0.2475,2.535496419271));
#10550 = CARTESIAN_POINT('',(0.2475,2.073492838542));
#10551 = ( GEOMETRIC_REPRESENTATION_CONTEXT(2) 
PARAMETRIC_REPRESENTATION_CONTEXT() REPRESENTATION_CONTEXT('2D SPACE',''
  ) );
#10552 = ORIENTED_EDGE('',*,*,#10474,.F.);
#10553 = ORIENTED_EDGE('',*,*,#7744,.F.);
#10554 = ADVANCED_FACE('',(#10555),#7838,.T.);
#10555 = FACE_BOUND('',#10556,.F.);
#10556 = EDGE_LOOP('',(#10557,#10580,#10607,#10608));
#10557 = ORIENTED_EDGE('',*,*,#10558,.T.);
#10558 = EDGE_CURVE('',#7822,#10559,#10561,.T.);
#10559 = VERTEX_POINT('',#10560);
#10560 = CARTESIAN_POINT('',(-118.3350003,46.675,-1.63));
#10561 = SEAM_CURVE('',#10562,(#10566,#10573),.PCURVE_S1.);
#10562 = LINE('',#10563,#10564);
#10563 = CARTESIAN_POINT('',(-118.3350003,46.075,-1.63));
#10564 = VECTOR('',#10565,1.);
#10565 = DIRECTION('',(0.,1.,-0.));
#10566 = PCURVE('',#7838,#10567);
#10567 = DEFINITIONAL_REPRESENTATION('',(#10568),#10572);
#10568 = LINE('',#10569,#10570);
#10569 = CARTESIAN_POINT('',(-0.,0.));
#10570 = VECTOR('',#10571,1.);
#10571 = DIRECTION('',(-0.,-1.));
#10572 = ( GEOMETRIC_REPRESENTATION_CONTEXT(2) 
PARAMETRIC_REPRESENTATION_CONTEXT() REPRESENTATION_CONTEXT('2D SPACE',''
  ) );
#10573 = PCURVE('',#7838,#10574);
#10574 = DEFINITIONAL_REPRESENTATION('',(#10575),#10579);
#10575 = LINE('',#10576,#10577);
#10576 = CARTESIAN_POINT('',(-6.28318530718,0.));
#10577 = VECTOR('',#10578,1.);
#10578 = DIRECTION('',(-0.,-1.));
#10579 = ( GEOMETRIC_REPRESENTATION_CONTEXT(2) 
PARAMETRIC_REPRESENTATION_CONTEXT() REPRESENTATION_CONTEXT('2D SPACE',''
  ) );
#10580 = ORIENTED_EDGE('',*,*,#10581,.T.);
#10581 = EDGE_CURVE('',#10559,#10559,#10582,.T.);
#10582 = SURFACE_CURVE('',#10583,(#10588,#10595),.PCURVE_S1.);
#10583 = CIRCLE('',#10584,0.65);
#10584 = AXIS2_PLACEMENT_3D('',#10585,#10586,#10587);
#10585 = CARTESIAN_POINT('',(-117.6850003,46.675,-1.63));
#10586 = DIRECTION('',(0.,1.,-0.));
#10587 = DIRECTION('',(-1.,0.,0.));
#10588 = PCURVE('',#7838,#10589);
#10589 = DEFINITIONAL_REPRESENTATION('',(#10590),#10594);
#10590 = LINE('',#10591,#10592);
#10591 = CARTESIAN_POINT('',(-0.,-0.6));
#10592 = VECTOR('',#10593,1.);
#10593 = DIRECTION('',(-1.,0.));
#10594 = ( GEOMETRIC_REPRESENTATION_CONTEXT(2) 
PARAMETRIC_REPRESENTATION_CONTEXT() REPRESENTATION_CONTEXT('2D SPACE',''
  ) );
#10595 = PCURVE('',#10596,#10601);
#10596 = PLANE('',#10597);
#10597 = AXIS2_PLACEMENT_3D('',#10598,#10599,#10600);
#10598 = CARTESIAN_POINT('',(-117.6850003,46.675,-1.63));
#10599 = DIRECTION('',(0.,1.,0.));
#10600 = DIRECTION('',(-1.,0.,0.));
#10601 = DEFINITIONAL_REPRESENTATION('',(#10602),#10606);
#10602 = CIRCLE('',#10603,0.65);
#10603 = AXIS2_PLACEMENT_2D('',#10604,#10605);
#10604 = CARTESIAN_POINT('',(4.93067355483E-17,-6.337143050672E-18));
#10605 = DIRECTION('',(1.,0.));
#10606 = ( GEOMETRIC_REPRESENTATION_CONTEXT(2) 
PARAMETRIC_REPRESENTATION_CONTEXT() REPRESENTATION_CONTEXT('2D SPACE',''
  ) );
#10607 = ORIENTED_EDGE('',*,*,#10558,.F.);
#10608 = ORIENTED_EDGE('',*,*,#7821,.F.);
#10609 = ADVANCED_FACE('',(#10610),#7891,.F.);
#10610 = FACE_BOUND('',#10611,.F.);
#10611 = EDGE_LOOP('',(#10612,#10635,#10636,#10637));
#10612 = ORIENTED_EDGE('',*,*,#10613,.T.);
#10613 = EDGE_CURVE('',#10614,#7875,#10616,.T.);
#10614 = VERTEX_POINT('',#10615);
#10615 = CARTESIAN_POINT('',(-122.625,-19.05,-6.4));
#10616 = SEAM_CURVE('',#10617,(#10621,#10628),.PCURVE_S1.);
#10617 = LINE('',#10618,#10619);
#10618 = CARTESIAN_POINT('',(-122.625,-19.05,-9.));
#10619 = VECTOR('',#10620,1.);
#10620 = DIRECTION('',(0.,0.,1.));
#10621 = PCURVE('',#7891,#10622);
#10622 = DEFINITIONAL_REPRESENTATION('',(#10623),#10627);
#10623 = LINE('',#10624,#10625);
#10624 = CARTESIAN_POINT('',(6.28318530718,-0.));
#10625 = VECTOR('',#10626,1.);
#10626 = DIRECTION('',(0.,1.));
#10627 = ( GEOMETRIC_REPRESENTATION_CONTEXT(2) 
PARAMETRIC_REPRESENTATION_CONTEXT() REPRESENTATION_CONTEXT('2D SPACE',''
  ) );
#10628 = PCURVE('',#7891,#10629);
#10629 = DEFINITIONAL_REPRESENTATION('',(#10630),#10634);
#10630 = LINE('',#10631,#10632);
#10631 = CARTESIAN_POINT('',(0.,-0.));
#10632 = VECTOR('',#10633,1.);
#10633 = DIRECTION('',(0.,1.));
#10634 = ( GEOMETRIC_REPRESENTATION_CONTEXT(2) 
PARAMETRIC_REPRESENTATION_CONTEXT() REPRESENTATION_CONTEXT('2D SPACE',''
  ) );
#10635 = ORIENTED_EDGE('',*,*,#7874,.F.);
#10636 = ORIENTED_EDGE('',*,*,#10613,.F.);
#10637 = ORIENTED_EDGE('',*,*,#10638,.T.);
#10638 = EDGE_CURVE('',#10614,#10614,#10639,.T.);
#10639 = SURFACE_CURVE('',#10640,(#10645,#10652),.PCURVE_S1.);
#10640 = CIRCLE('',#10641,1.2);
#10641 = AXIS2_PLACEMENT_3D('',#10642,#10643,#10644);
#10642 = CARTESIAN_POINT('',(-123.825,-19.05,-6.4));
#10643 = DIRECTION('',(0.,0.,1.));
#10644 = DIRECTION('',(1.,0.,-0.));
#10645 = PCURVE('',#7891,#10646);
#10646 = DEFINITIONAL_REPRESENTATION('',(#10647),#10651);
#10647 = LINE('',#10648,#10649);
#10648 = CARTESIAN_POINT('',(0.,2.6));
#10649 = VECTOR('',#10650,1.);
#10650 = DIRECTION('',(1.,0.));
#10651 = ( GEOMETRIC_REPRESENTATION_CONTEXT(2) 
PARAMETRIC_REPRESENTATION_CONTEXT() REPRESENTATION_CONTEXT('2D SPACE',''
  ) );
#10652 = PCURVE('',#10653,#10658);
#10653 = PLANE('',#10654);
#10654 = AXIS2_PLACEMENT_3D('',#10655,#10656,#10657);
#10655 = CARTESIAN_POINT('',(-123.825,-19.05,-6.4));
#10656 = DIRECTION('',(0.,0.,1.));
#10657 = DIRECTION('',(1.,0.,-0.));
#10658 = DEFINITIONAL_REPRESENTATION('',(#10659),#10663);
#10659 = CIRCLE('',#10660,1.2);
#10660 = AXIS2_PLACEMENT_2D('',#10661,#10662);
#10661 = CARTESIAN_POINT('',(0.,0.));
#10662 = DIRECTION('',(1.,0.));
#10663 = ( GEOMETRIC_REPRESENTATION_CONTEXT(2) 
PARAMETRIC_REPRESENTATION_CONTEXT() REPRESENTATION_CONTEXT('2D SPACE',''
  ) );
#10664 = ADVANCED_FACE('',(#10665),#7926,.F.);
#10665 = FACE_BOUND('',#10666,.F.);
#10666 = EDGE_LOOP('',(#10667,#10690,#10691,#10692));
#10667 = ORIENTED_EDGE('',*,*,#10668,.T.);
#10668 = EDGE_CURVE('',#10669,#7910,#10671,.T.);
#10669 = VERTEX_POINT('',#10670);
#10670 = CARTESIAN_POINT('',(-46.425,-19.05,-6.4));
#10671 = SEAM_CURVE('',#10672,(#10676,#10683),.PCURVE_S1.);
#10672 = LINE('',#10673,#10674);
#10673 = CARTESIAN_POINT('',(-46.425,-19.05,-9.));
#10674 = VECTOR('',#10675,1.);
#10675 = DIRECTION('',(0.,0.,1.));
#10676 = PCURVE('',#7926,#10677);
#10677 = DEFINITIONAL_REPRESENTATION('',(#10678),#10682);
#10678 = LINE('',#10679,#10680);
#10679 = CARTESIAN_POINT('',(6.28318530718,-0.));
#10680 = VECTOR('',#10681,1.);
#10681 = DIRECTION('',(0.,1.));
#10682 = ( GEOMETRIC_REPRESENTATION_CONTEXT(2) 
PARAMETRIC_REPRESENTATION_CONTEXT() REPRESENTATION_CONTEXT('2D SPACE',''
  ) );
#10683 = PCURVE('',#7926,#10684);
#10684 = DEFINITIONAL_REPRESENTATION('',(#10685),#10689);
#10685 = LINE('',#10686,#10687);
#10686 = CARTESIAN_POINT('',(0.,-0.));
#10687 = VECTOR('',#10688,1.);
#10688 = DIRECTION('',(0.,1.));
#10689 = ( GEOMETRIC_REPRESENTATION_CONTEXT(2) 
PARAMETRIC_REPRESENTATION_CONTEXT() REPRESENTATION_CONTEXT('2D SPACE',''
  ) );
#10690 = ORIENTED_EDGE('',*,*,#7909,.F.);
#10691 = ORIENTED_EDGE('',*,*,#10668,.F.);
#10692 = ORIENTED_EDGE('',*,*,#10693,.T.);
#10693 = EDGE_CURVE('',#10669,#10669,#10694,.T.);
#10694 = SURFACE_CURVE('',#10695,(#10700,#10707),.PCURVE_S1.);
#10695 = CIRCLE('',#10696,1.2);
#10696 = AXIS2_PLACEMENT_3D('',#10697,#10698,#10699);
#10697 = CARTESIAN_POINT('',(-47.625,-19.05,-6.4));
#10698 = DIRECTION('',(0.,0.,1.));
#10699 = DIRECTION('',(1.,0.,-0.));
#10700 = PCURVE('',#7926,#10701);
#10701 = DEFINITIONAL_REPRESENTATION('',(#10702),#10706);
#10702 = LINE('',#10703,#10704);
#10703 = CARTESIAN_POINT('',(0.,2.6));
#10704 = VECTOR('',#10705,1.);
#10705 = DIRECTION('',(1.,0.));
#10706 = ( GEOMETRIC_REPRESENTATION_CONTEXT(2) 
PARAMETRIC_REPRESENTATION_CONTEXT() REPRESENTATION_CONTEXT('2D SPACE',''
  ) );
#10707 = PCURVE('',#10708,#10713);
#10708 = PLANE('',#10709);
#10709 = AXIS2_PLACEMENT_3D('',#10710,#10711,#10712);
#10710 = CARTESIAN_POINT('',(-47.625,-19.05,-6.4));
#10711 = DIRECTION('',(0.,0.,1.));
#10712 = DIRECTION('',(1.,0.,-0.));
#10713 = DEFINITIONAL_REPRESENTATION('',(#10714),#10718);
#10714 = CIRCLE('',#10715,1.2);
#10715 = AXIS2_PLACEMENT_2D('',#10716,#10717);
#10716 = CARTESIAN_POINT('',(0.,0.));
#10717 = DIRECTION('',(1.,0.));
#10718 = ( GEOMETRIC_REPRESENTATION_CONTEXT(2) 
PARAMETRIC_REPRESENTATION_CONTEXT() REPRESENTATION_CONTEXT('2D SPACE',''
  ) );
#10719 = ADVANCED_FACE('',(#10720),#7961,.F.);
#10720 = FACE_BOUND('',#10721,.F.);
#10721 = EDGE_LOOP('',(#10722,#10745,#10746,#10747));
#10722 = ORIENTED_EDGE('',*,*,#10723,.T.);
#10723 = EDGE_CURVE('',#10724,#7945,#10726,.T.);
#10724 = VERTEX_POINT('',#10725);
#10725 = CARTESIAN_POINT('',(48.825,-19.05,-6.4));
#10726 = SEAM_CURVE('',#10727,(#10731,#10738),.PCURVE_S1.);
#10727 = LINE('',#10728,#10729);
#10728 = CARTESIAN_POINT('',(48.825,-19.05,-9.));
#10729 = VECTOR('',#10730,1.);
#10730 = DIRECTION('',(0.,0.,1.));
#10731 = PCURVE('',#7961,#10732);
#10732 = DEFINITIONAL_REPRESENTATION('',(#10733),#10737);
#10733 = LINE('',#10734,#10735);
#10734 = CARTESIAN_POINT('',(6.28318530718,-0.));
#10735 = VECTOR('',#10736,1.);
#10736 = DIRECTION('',(0.,1.));
#10737 = ( GEOMETRIC_REPRESENTATION_CONTEXT(2) 
PARAMETRIC_REPRESENTATION_CONTEXT() REPRESENTATION_CONTEXT('2D SPACE',''
  ) );
#10738 = PCURVE('',#7961,#10739);
#10739 = DEFINITIONAL_REPRESENTATION('',(#10740),#10744);
#10740 = LINE('',#10741,#10742);
#10741 = CARTESIAN_POINT('',(0.,-0.));
#10742 = VECTOR('',#10743,1.);
#10743 = DIRECTION('',(0.,1.));
#10744 = ( GEOMETRIC_REPRESENTATION_CONTEXT(2) 
PARAMETRIC_REPRESENTATION_CONTEXT() REPRESENTATION_CONTEXT('2D SPACE',''
  ) );
#10745 = ORIENTED_EDGE('',*,*,#7944,.F.);
#10746 = ORIENTED_EDGE('',*,*,#10723,.F.);
#10747 = ORIENTED_EDGE('',*,*,#10748,.T.);
#10748 = EDGE_CURVE('',#10724,#10724,#10749,.T.);
#10749 = SURFACE_CURVE('',#10750,(#10755,#10762),.PCURVE_S1.);
#10750 = CIRCLE('',#10751,1.2);
#10751 = AXIS2_PLACEMENT_3D('',#10752,#10753,#10754);
#10752 = CARTESIAN_POINT('',(47.625,-19.05,-6.4));
#10753 = DIRECTION('',(0.,0.,1.));
#10754 = DIRECTION('',(1.,0.,-0.));
#10755 = PCURVE('',#7961,#10756);
#10756 = DEFINITIONAL_REPRESENTATION('',(#10757),#10761);
#10757 = LINE('',#10758,#10759);
#10758 = CARTESIAN_POINT('',(0.,2.6));
#10759 = VECTOR('',#10760,1.);
#10760 = DIRECTION('',(1.,0.));
#10761 = ( GEOMETRIC_REPRESENTATION_CONTEXT(2) 
PARAMETRIC_REPRESENTATION_CONTEXT() REPRESENTATION_CONTEXT('2D SPACE',''
  ) );
#10762 = PCURVE('',#10763,#10768);
#10763 = PLANE('',#10764);
#10764 = AXIS2_PLACEMENT_3D('',#10765,#10766,#10767);
#10765 = CARTESIAN_POINT('',(47.625,-19.05,-6.4));
#10766 = DIRECTION('',(0.,0.,1.));
#10767 = DIRECTION('',(1.,0.,-0.));
#10768 = DEFINITIONAL_REPRESENTATION('',(#10769),#10773);
#10769 = CIRCLE('',#10770,1.2);
#10770 = AXIS2_PLACEMENT_2D('',#10771,#10772);
#10771 = CARTESIAN_POINT('',(0.,0.));
#10772 = DIRECTION('',(1.,0.));
#10773 = ( GEOMETRIC_REPRESENTATION_CONTEXT(2) 
PARAMETRIC_REPRESENTATION_CONTEXT() REPRESENTATION_CONTEXT('2D SPACE',''
  ) );
#10774 = ADVANCED_FACE('',(#10775),#7996,.F.);
#10775 = FACE_BOUND('',#10776,.F.);
#10776 = EDGE_LOOP('',(#10777,#10800,#10801,#10802));
#10777 = ORIENTED_EDGE('',*,*,#10778,.T.);
#10778 = EDGE_CURVE('',#10779,#7980,#10781,.T.);
#10779 = VERTEX_POINT('',#10780);
#10780 = CARTESIAN_POINT('',(125.025,-19.05,-6.4));
#10781 = SEAM_CURVE('',#10782,(#10786,#10793),.PCURVE_S1.);
#10782 = LINE('',#10783,#10784);
#10783 = CARTESIAN_POINT('',(125.025,-19.05,-9.));
#10784 = VECTOR('',#10785,1.);
#10785 = DIRECTION('',(0.,0.,1.));
#10786 = PCURVE('',#7996,#10787);
#10787 = DEFINITIONAL_REPRESENTATION('',(#10788),#10792);
#10788 = LINE('',#10789,#10790);
#10789 = CARTESIAN_POINT('',(6.28318530718,-0.));
#10790 = VECTOR('',#10791,1.);
#10791 = DIRECTION('',(0.,1.));
#10792 = ( GEOMETRIC_REPRESENTATION_CONTEXT(2) 
PARAMETRIC_REPRESENTATION_CONTEXT() REPRESENTATION_CONTEXT('2D SPACE',''
  ) );
#10793 = PCURVE('',#7996,#10794);
#10794 = DEFINITIONAL_REPRESENTATION('',(#10795),#10799);
#10795 = LINE('',#10796,#10797);
#10796 = CARTESIAN_POINT('',(0.,-0.));
#10797 = VECTOR('',#10798,1.);
#10798 = DIRECTION('',(0.,1.));
#10799 = ( GEOMETRIC_REPRESENTATION_CONTEXT(2) 
PARAMETRIC_REPRESENTATION_CONTEXT() REPRESENTATION_CONTEXT('2D SPACE',''
  ) );
#10800 = ORIENTED_EDGE('',*,*,#7979,.F.);
#10801 = ORIENTED_EDGE('',*,*,#10778,.F.);
#10802 = ORIENTED_EDGE('',*,*,#10803,.T.);
#10803 = EDGE_CURVE('',#10779,#10779,#10804,.T.);
#10804 = SURFACE_CURVE('',#10805,(#10810,#10817),.PCURVE_S1.);
#10805 = CIRCLE('',#10806,1.2);
#10806 = AXIS2_PLACEMENT_3D('',#10807,#10808,#10809);
#10807 = CARTESIAN_POINT('',(123.825,-19.05,-6.4));
#10808 = DIRECTION('',(0.,0.,1.));
#10809 = DIRECTION('',(1.,0.,-0.));
#10810 = PCURVE('',#7996,#10811);
#10811 = DEFINITIONAL_REPRESENTATION('',(#10812),#10816);
#10812 = LINE('',#10813,#10814);
#10813 = CARTESIAN_POINT('',(0.,2.6));
#10814 = VECTOR('',#10815,1.);
#10815 = DIRECTION('',(1.,0.));
#10816 = ( GEOMETRIC_REPRESENTATION_CONTEXT(2) 
PARAMETRIC_REPRESENTATION_CONTEXT() REPRESENTATION_CONTEXT('2D SPACE',''
  ) );
#10817 = PCURVE('',#10818,#10823);
#10818 = PLANE('',#10819);
#10819 = AXIS2_PLACEMENT_3D('',#10820,#10821,#10822);
#10820 = CARTESIAN_POINT('',(123.825,-19.05,-6.4));
#10821 = DIRECTION('',(0.,0.,1.));
#10822 = DIRECTION('',(1.,0.,-0.));
#10823 = DEFINITIONAL_REPRESENTATION('',(#10824),#10828);
#10824 = CIRCLE('',#10825,1.2);
#10825 = AXIS2_PLACEMENT_2D('',#10826,#10827);
#10826 = CARTESIAN_POINT('',(0.,0.));
#10827 = DIRECTION('',(1.,0.));
#10828 = ( GEOMETRIC_REPRESENTATION_CONTEXT(2) 
PARAMETRIC_REPRESENTATION_CONTEXT() REPRESENTATION_CONTEXT('2D SPACE',''
  ) );
#10829 = ADVANCED_FACE('',(#10830),#8031,.F.);
#10830 = FACE_BOUND('',#10831,.F.);
#10831 = EDGE_LOOP('',(#10832,#10855,#10856,#10857));
#10832 = ORIENTED_EDGE('',*,*,#10833,.T.);
#10833 = EDGE_CURVE('',#10834,#8015,#10836,.T.);
#10834 = VERTEX_POINT('',#10835);
#10835 = CARTESIAN_POINT('',(-122.625,19.05,-6.4));
#10836 = SEAM_CURVE('',#10837,(#10841,#10848),.PCURVE_S1.);
#10837 = LINE('',#10838,#10839);
#10838 = CARTESIAN_POINT('',(-122.625,19.05,-9.));
#10839 = VECTOR('',#10840,1.);
#10840 = DIRECTION('',(0.,0.,1.));
#10841 = PCURVE('',#8031,#10842);
#10842 = DEFINITIONAL_REPRESENTATION('',(#10843),#10847);
#10843 = LINE('',#10844,#10845);
#10844 = CARTESIAN_POINT('',(6.28318530718,-0.));
#10845 = VECTOR('',#10846,1.);
#10846 = DIRECTION('',(0.,1.));
#10847 = ( GEOMETRIC_REPRESENTATION_CONTEXT(2) 
PARAMETRIC_REPRESENTATION_CONTEXT() REPRESENTATION_CONTEXT('2D SPACE',''
  ) );
#10848 = PCURVE('',#8031,#10849);
#10849 = DEFINITIONAL_REPRESENTATION('',(#10850),#10854);
#10850 = LINE('',#10851,#10852);
#10851 = CARTESIAN_POINT('',(0.,-0.));
#10852 = VECTOR('',#10853,1.);
#10853 = DIRECTION('',(0.,1.));
#10854 = ( GEOMETRIC_REPRESENTATION_CONTEXT(2) 
PARAMETRIC_REPRESENTATION_CONTEXT() REPRESENTATION_CONTEXT('2D SPACE',''
  ) );
#10855 = ORIENTED_EDGE('',*,*,#8014,.F.);
#10856 = ORIENTED_EDGE('',*,*,#10833,.F.);
#10857 = ORIENTED_EDGE('',*,*,#10858,.T.);
#10858 = EDGE_CURVE('',#10834,#10834,#10859,.T.);
#10859 = SURFACE_CURVE('',#10860,(#10865,#10872),.PCURVE_S1.);
#10860 = CIRCLE('',#10861,1.2);
#10861 = AXIS2_PLACEMENT_3D('',#10862,#10863,#10864);
#10862 = CARTESIAN_POINT('',(-123.825,19.05,-6.4));
#10863 = DIRECTION('',(0.,0.,1.));
#10864 = DIRECTION('',(1.,0.,-0.));
#10865 = PCURVE('',#8031,#10866);
#10866 = DEFINITIONAL_REPRESENTATION('',(#10867),#10871);
#10867 = LINE('',#10868,#10869);
#10868 = CARTESIAN_POINT('',(0.,2.6));
#10869 = VECTOR('',#10870,1.);
#10870 = DIRECTION('',(1.,0.));
#10871 = ( GEOMETRIC_REPRESENTATION_CONTEXT(2) 
PARAMETRIC_REPRESENTATION_CONTEXT() REPRESENTATION_CONTEXT('2D SPACE',''
  ) );
#10872 = PCURVE('',#10873,#10878);
#10873 = PLANE('',#10874);
#10874 = AXIS2_PLACEMENT_3D('',#10875,#10876,#10877);
#10875 = CARTESIAN_POINT('',(-123.825,19.05,-6.4));
#10876 = DIRECTION('',(0.,0.,1.));
#10877 = DIRECTION('',(1.,0.,-0.));
#10878 = DEFINITIONAL_REPRESENTATION('',(#10879),#10883);
#10879 = CIRCLE('',#10880,1.2);
#10880 = AXIS2_PLACEMENT_2D('',#10881,#10882);
#10881 = CARTESIAN_POINT('',(0.,0.));
#10882 = DIRECTION('',(1.,0.));
#10883 = ( GEOMETRIC_REPRESENTATION_CONTEXT(2) 
PARAMETRIC_REPRESENTATION_CONTEXT() REPRESENTATION_CONTEXT('2D SPACE',''
  ) );
#10884 = ADVANCED_FACE('',(#10885),#8066,.F.);
#10885 = FACE_BOUND('',#10886,.F.);
#10886 = EDGE_LOOP('',(#10887,#10910,#10911,#10912));
#10887 = ORIENTED_EDGE('',*,*,#10888,.T.);
#10888 = EDGE_CURVE('',#10889,#8050,#10891,.T.);
#10889 = VERTEX_POINT('',#10890);
#10890 = CARTESIAN_POINT('',(-46.425,19.05,-6.4));
#10891 = SEAM_CURVE('',#10892,(#10896,#10903),.PCURVE_S1.);
#10892 = LINE('',#10893,#10894);
#10893 = CARTESIAN_POINT('',(-46.425,19.05,-9.));
#10894 = VECTOR('',#10895,1.);
#10895 = DIRECTION('',(0.,0.,1.));
#10896 = PCURVE('',#8066,#10897);
#10897 = DEFINITIONAL_REPRESENTATION('',(#10898),#10902);
#10898 = LINE('',#10899,#10900);
#10899 = CARTESIAN_POINT('',(6.28318530718,-0.));
#10900 = VECTOR('',#10901,1.);
#10901 = DIRECTION('',(0.,1.));
#10902 = ( GEOMETRIC_REPRESENTATION_CONTEXT(2) 
PARAMETRIC_REPRESENTATION_CONTEXT() REPRESENTATION_CONTEXT('2D SPACE',''
  ) );
#10903 = PCURVE('',#8066,#10904);
#10904 = DEFINITIONAL_REPRESENTATION('',(#10905),#10909);
#10905 = LINE('',#10906,#10907);
#10906 = CARTESIAN_POINT('',(0.,-0.));
#10907 = VECTOR('',#10908,1.);
#10908 = DIRECTION('',(0.,1.));
#10909 = ( GEOMETRIC_REPRESENTATION_CONTEXT(2) 
PARAMETRIC_REPRESENTATION_CONTEXT() REPRESENTATION_CONTEXT('2D SPACE',''
  ) );
#10910 = ORIENTED_EDGE('',*,*,#8049,.F.);
#10911 = ORIENTED_EDGE('',*,*,#10888,.F.);
#10912 = ORIENTED_EDGE('',*,*,#10913,.T.);
#10913 = EDGE_CURVE('',#10889,#10889,#10914,.T.);
#10914 = SURFACE_CURVE('',#10915,(#10920,#10927),.PCURVE_S1.);
#10915 = CIRCLE('',#10916,1.2);
#10916 = AXIS2_PLACEMENT_3D('',#10917,#10918,#10919);
#10917 = CARTESIAN_POINT('',(-47.625,19.05,-6.4));
#10918 = DIRECTION('',(0.,0.,1.));
#10919 = DIRECTION('',(1.,0.,-0.));
#10920 = PCURVE('',#8066,#10921);
#10921 = DEFINITIONAL_REPRESENTATION('',(#10922),#10926);
#10922 = LINE('',#10923,#10924);
#10923 = CARTESIAN_POINT('',(0.,2.6));
#10924 = VECTOR('',#10925,1.);
#10925 = DIRECTION('',(1.,0.));
#10926 = ( GEOMETRIC_REPRESENTATION_CONTEXT(2) 
PARAMETRIC_REPRESENTATION_CONTEXT() REPRESENTATION_CONTEXT('2D SPACE',''
  ) );
#10927 = PCURVE('',#10928,#10933);
#10928 = PLANE('',#10929);
#10929 = AXIS2_PLACEMENT_3D('',#10930,#10931,#10932);
#10930 = CARTESIAN_POINT('',(-47.625,19.05,-6.4));
#10931 = DIRECTION('',(0.,0.,1.));
#10932 = DIRECTION('',(1.,0.,-0.));
#10933 = DEFINITIONAL_REPRESENTATION('',(#10934),#10938);
#10934 = CIRCLE('',#10935,1.2);
#10935 = AXIS2_PLACEMENT_2D('',#10936,#10937);
#10936 = CARTESIAN_POINT('',(0.,0.));
#10937 = DIRECTION('',(1.,0.));
#10938 = ( GEOMETRIC_REPRESENTATION_CONTEXT(2) 
PARAMETRIC_REPRESENTATION_CONTEXT() REPRESENTATION_CONTEXT('2D SPACE',''
  ) );
#10939 = ADVANCED_FACE('',(#10940),#8105,.F.);
#10940 = FACE_BOUND('',#10941,.F.);
#10941 = EDGE_LOOP('',(#10942,#10965,#10966,#10967));
#10942 = ORIENTED_EDGE('',*,*,#10943,.T.);
#10943 = EDGE_CURVE('',#10944,#8089,#10946,.T.);
#10944 = VERTEX_POINT('',#10945);
#10945 = CARTESIAN_POINT('',(48.825,19.05,-6.4));
#10946 = SEAM_CURVE('',#10947,(#10951,#10958),.PCURVE_S1.);
#10947 = LINE('',#10948,#10949);
#10948 = CARTESIAN_POINT('',(48.825,19.05,-9.));
#10949 = VECTOR('',#10950,1.);
#10950 = DIRECTION('',(0.,0.,1.));
#10951 = PCURVE('',#8105,#10952);
#10952 = DEFINITIONAL_REPRESENTATION('',(#10953),#10957);
#10953 = LINE('',#10954,#10955);
#10954 = CARTESIAN_POINT('',(6.28318530718,-0.));
#10955 = VECTOR('',#10956,1.);
#10956 = DIRECTION('',(0.,1.));
#10957 = ( GEOMETRIC_REPRESENTATION_CONTEXT(2) 
PARAMETRIC_REPRESENTATION_CONTEXT() REPRESENTATION_CONTEXT('2D SPACE',''
  ) );
#10958 = PCURVE('',#8105,#10959);
#10959 = DEFINITIONAL_REPRESENTATION('',(#10960),#10964);
#10960 = LINE('',#10961,#10962);
#10961 = CARTESIAN_POINT('',(0.,-0.));
#10962 = VECTOR('',#10963,1.);
#10963 = DIRECTION('',(0.,1.));
#10964 = ( GEOMETRIC_REPRESENTATION_CONTEXT(2) 
PARAMETRIC_REPRESENTATION_CONTEXT() REPRESENTATION_CONTEXT('2D SPACE',''
  ) );
#10965 = ORIENTED_EDGE('',*,*,#8088,.F.);
#10966 = ORIENTED_EDGE('',*,*,#10943,.F.);
#10967 = ORIENTED_EDGE('',*,*,#10968,.T.);
#10968 = EDGE_CURVE('',#10944,#10944,#10969,.T.);
#10969 = SURFACE_CURVE('',#10970,(#10975,#10982),.PCURVE_S1.);
#10970 = CIRCLE('',#10971,1.2);
#10971 = AXIS2_PLACEMENT_3D('',#10972,#10973,#10974);
#10972 = CARTESIAN_POINT('',(47.625,19.05,-6.4));
#10973 = DIRECTION('',(0.,0.,1.));
#10974 = DIRECTION('',(1.,0.,-0.));
#10975 = PCURVE('',#8105,#10976);
#10976 = DEFINITIONAL_REPRESENTATION('',(#10977),#10981);
#10977 = LINE('',#10978,#10979);
#10978 = CARTESIAN_POINT('',(0.,2.6));
#10979 = VECTOR('',#10980,1.);
#10980 = DIRECTION('',(1.,0.));
#10981 = ( GEOMETRIC_REPRESENTATION_CONTEXT(2) 
PARAMETRIC_REPRESENTATION_CONTEXT() REPRESENTATION_CONTEXT('2D SPACE',''
  ) );
#10982 = PCURVE('',#10983,#10988);
#10983 = PLANE('',#10984);
#10984 = AXIS2_PLACEMENT_3D('',#10985,#10986,#10987);
#10985 = CARTESIAN_POINT('',(47.625,19.05,-6.4));
#10986 = DIRECTION('',(0.,0.,1.));
#10987 = DIRECTION('',(1.,0.,-0.));
#10988 = DEFINITIONAL_REPRESENTATION('',(#10989),#10993);
#10989 = CIRCLE('',#10990,1.2);
#10990 = AXIS2_PLACEMENT_2D('',#10991,#10992);
#10991 = CARTESIAN_POINT('',(0.,0.));
#10992 = DIRECTION('',(1.,0.));
#10993 = ( GEOMETRIC_REPRESENTATION_CONTEXT(2) 
PARAMETRIC_REPRESENTATION_CONTEXT() REPRESENTATION_CONTEXT('2D SPACE',''
  ) );
#10994 = ADVANCED_FACE('',(#10995),#8140,.F.);
#10995 = FACE_BOUND('',#10996,.F.);
#10996 = EDGE_LOOP('',(#10997,#11020,#11021,#11022));
#10997 = ORIENTED_EDGE('',*,*,#10998,.T.);
#10998 = EDGE_CURVE('',#10999,#8124,#11001,.T.);
#10999 = VERTEX_POINT('',#11000);
#11000 = CARTESIAN_POINT('',(125.025,19.05,-6.4));
#11001 = SEAM_CURVE('',#11002,(#11006,#11013),.PCURVE_S1.);
#11002 = LINE('',#11003,#11004);
#11003 = CARTESIAN_POINT('',(125.025,19.05,-9.));
#11004 = VECTOR('',#11005,1.);
#11005 = DIRECTION('',(0.,0.,1.));
#11006 = PCURVE('',#8140,#11007);
#11007 = DEFINITIONAL_REPRESENTATION('',(#11008),#11012);
#11008 = LINE('',#11009,#11010);
#11009 = CARTESIAN_POINT('',(6.28318530718,-0.));
#11010 = VECTOR('',#11011,1.);
#11011 = DIRECTION('',(0.,1.));
#11012 = ( GEOMETRIC_REPRESENTATION_CONTEXT(2) 
PARAMETRIC_REPRESENTATION_CONTEXT() REPRESENTATION_CONTEXT('2D SPACE',''
  ) );
#11013 = PCURVE('',#8140,#11014);
#11014 = DEFINITIONAL_REPRESENTATION('',(#11015),#11019);
#11015 = LINE('',#11016,#11017);
#11016 = CARTESIAN_POINT('',(0.,-0.));
#11017 = VECTOR('',#11018,1.);
#11018 = DIRECTION('',(0.,1.));
#11019 = ( GEOMETRIC_REPRESENTATION_CONTEXT(2) 
PARAMETRIC_REPRESENTATION_CONTEXT() REPRESENTATION_CONTEXT('2D SPACE',''
  ) );
#11020 = ORIENTED_EDGE('',*,*,#8123,.F.);
#11021 = ORIENTED_EDGE('',*,*,#10998,.F.);
#11022 = ORIENTED_EDGE('',*,*,#11023,.T.);
#11023 = EDGE_CURVE('',#10999,#10999,#11024,.T.);
#11024 = SURFACE_CURVE('',#11025,(#11030,#11037),.PCURVE_S1.);
#11025 = CIRCLE('',#11026,1.2);
#11026 = AXIS2_PLACEMENT_3D('',#11027,#11028,#11029);
#11027 = CARTESIAN_POINT('',(123.825,19.05,-6.4));
#11028 = DIRECTION('',(0.,0.,1.));
#11029 = DIRECTION('',(1.,0.,-0.));
#11030 = PCURVE('',#8140,#11031);
#11031 = DEFINITIONAL_REPRESENTATION('',(#11032),#11036);
#11032 = LINE('',#11033,#11034);
#11033 = CARTESIAN_POINT('',(0.,2.6));
#11034 = VECTOR('',#11035,1.);
#11035 = DIRECTION('',(1.,0.));
#11036 = ( GEOMETRIC_REPRESENTATION_CONTEXT(2) 
PARAMETRIC_REPRESENTATION_CONTEXT() REPRESENTATION_CONTEXT('2D SPACE',''
  ) );
#11037 = PCURVE('',#11038,#11043);
#11038 = PLANE('',#11039);
#11039 = AXIS2_PLACEMENT_3D('',#11040,#11041,#11042);
#11040 = CARTESIAN_POINT('',(123.825,19.05,-6.4));
#11041 = DIRECTION('',(0.,0.,1.));
#11042 = DIRECTION('',(1.,0.,-0.));
#11043 = DEFINITIONAL_REPRESENTATION('',(#11044),#11048);
#11044 = CIRCLE('',#11045,1.2);
#11045 = AXIS2_PLACEMENT_2D('',#11046,#11047);
#11046 = CARTESIAN_POINT('',(0.,0.));
#11047 = DIRECTION('',(1.,0.));
#11048 = ( GEOMETRIC_REPRESENTATION_CONTEXT(2) 
PARAMETRIC_REPRESENTATION_CONTEXT() REPRESENTATION_CONTEXT('2D SPACE',''
  ) );
#11049 = ADVANCED_FACE('',(#11050),#8182,.F.);
#11050 = FACE_BOUND('',#11051,.F.);
#11051 = EDGE_LOOP('',(#11052,#11075,#11097,#11098));
#11052 = ORIENTED_EDGE('',*,*,#11053,.T.);
#11053 = EDGE_CURVE('',#8166,#11054,#11056,.T.);
#11054 = VERTEX_POINT('',#11055);
#11055 = CARTESIAN_POINT('',(-121.625,-19.05,-6.4));
#11056 = SEAM_CURVE('',#11057,(#11061,#11068),.PCURVE_S1.);
#11057 = LINE('',#11058,#11059);
#11058 = CARTESIAN_POINT('',(-121.625,-19.05,-9.));
#11059 = VECTOR('',#11060,1.);
#11060 = DIRECTION('',(0.,0.,1.));
#11061 = PCURVE('',#8182,#11062);
#11062 = DEFINITIONAL_REPRESENTATION('',(#11063),#11067);
#11063 = LINE('',#11064,#11065);
#11064 = CARTESIAN_POINT('',(6.28318530718,-0.));
#11065 = VECTOR('',#11066,1.);
#11066 = DIRECTION('',(0.,1.));
#11067 = ( GEOMETRIC_REPRESENTATION_CONTEXT(2) 
PARAMETRIC_REPRESENTATION_CONTEXT() REPRESENTATION_CONTEXT('2D SPACE',''
  ) );
#11068 = PCURVE('',#8182,#11069);
#11069 = DEFINITIONAL_REPRESENTATION('',(#11070),#11074);
#11070 = LINE('',#11071,#11072);
#11071 = CARTESIAN_POINT('',(0.,-0.));
#11072 = VECTOR('',#11073,1.);
#11073 = DIRECTION('',(0.,1.));
#11074 = ( GEOMETRIC_REPRESENTATION_CONTEXT(2) 
PARAMETRIC_REPRESENTATION_CONTEXT() REPRESENTATION_CONTEXT('2D SPACE',''
  ) );
#11075 = ORIENTED_EDGE('',*,*,#11076,.F.);
#11076 = EDGE_CURVE('',#11054,#11054,#11077,.T.);
#11077 = SURFACE_CURVE('',#11078,(#11083,#11090),.PCURVE_S1.);
#11078 = CIRCLE('',#11079,2.2);
#11079 = AXIS2_PLACEMENT_3D('',#11080,#11081,#11082);
#11080 = CARTESIAN_POINT('',(-123.825,-19.05,-6.4));
#11081 = DIRECTION('',(0.,0.,1.));
#11082 = DIRECTION('',(1.,0.,-0.));
#11083 = PCURVE('',#8182,#11084);
#11084 = DEFINITIONAL_REPRESENTATION('',(#11085),#11089);
#11085 = LINE('',#11086,#11087);
#11086 = CARTESIAN_POINT('',(0.,2.6));
#11087 = VECTOR('',#11088,1.);
#11088 = DIRECTION('',(1.,0.));
#11089 = ( GEOMETRIC_REPRESENTATION_CONTEXT(2) 
PARAMETRIC_REPRESENTATION_CONTEXT() REPRESENTATION_CONTEXT('2D SPACE',''
  ) );
#11090 = PCURVE('',#10653,#11091);
#11091 = DEFINITIONAL_REPRESENTATION('',(#11092),#11096);
#11092 = CIRCLE('',#11093,2.2);
#11093 = AXIS2_PLACEMENT_2D('',#11094,#11095);
#11094 = CARTESIAN_POINT('',(0.,0.));
#11095 = DIRECTION('',(1.,0.));
#11096 = ( GEOMETRIC_REPRESENTATION_CONTEXT(2) 
PARAMETRIC_REPRESENTATION_CONTEXT() REPRESENTATION_CONTEXT('2D SPACE',''
  ) );
#11097 = ORIENTED_EDGE('',*,*,#11053,.F.);
#11098 = ORIENTED_EDGE('',*,*,#8165,.T.);
#11099 = ADVANCED_FACE('',(#11100),#8213,.F.);
#11100 = FACE_BOUND('',#11101,.F.);
#11101 = EDGE_LOOP('',(#11102,#11125,#11147,#11148));
#11102 = ORIENTED_EDGE('',*,*,#11103,.T.);
#11103 = EDGE_CURVE('',#8197,#11104,#11106,.T.);
#11104 = VERTEX_POINT('',#11105);
#11105 = CARTESIAN_POINT('',(-45.425,-19.05,-6.4));
#11106 = SEAM_CURVE('',#11107,(#11111,#11118),.PCURVE_S1.);
#11107 = LINE('',#11108,#11109);
#11108 = CARTESIAN_POINT('',(-45.425,-19.05,-9.));
#11109 = VECTOR('',#11110,1.);
#11110 = DIRECTION('',(0.,0.,1.));
#11111 = PCURVE('',#8213,#11112);
#11112 = DEFINITIONAL_REPRESENTATION('',(#11113),#11117);
#11113 = LINE('',#11114,#11115);
#11114 = CARTESIAN_POINT('',(6.28318530718,-0.));
#11115 = VECTOR('',#11116,1.);
#11116 = DIRECTION('',(0.,1.));
#11117 = ( GEOMETRIC_REPRESENTATION_CONTEXT(2) 
PARAMETRIC_REPRESENTATION_CONTEXT() REPRESENTATION_CONTEXT('2D SPACE',''
  ) );
#11118 = PCURVE('',#8213,#11119);
#11119 = DEFINITIONAL_REPRESENTATION('',(#11120),#11124);
#11120 = LINE('',#11121,#11122);
#11121 = CARTESIAN_POINT('',(0.,-0.));
#11122 = VECTOR('',#11123,1.);
#11123 = DIRECTION('',(0.,1.));
#11124 = ( GEOMETRIC_REPRESENTATION_CONTEXT(2) 
PARAMETRIC_REPRESENTATION_CONTEXT() REPRESENTATION_CONTEXT('2D SPACE',''
  ) );
#11125 = ORIENTED_EDGE('',*,*,#11126,.F.);
#11126 = EDGE_CURVE('',#11104,#11104,#11127,.T.);
#11127 = SURFACE_CURVE('',#11128,(#11133,#11140),.PCURVE_S1.);
#11128 = CIRCLE('',#11129,2.2);
#11129 = AXIS2_PLACEMENT_3D('',#11130,#11131,#11132);
#11130 = CARTESIAN_POINT('',(-47.625,-19.05,-6.4));
#11131 = DIRECTION('',(0.,0.,1.));
#11132 = DIRECTION('',(1.,0.,-0.));
#11133 = PCURVE('',#8213,#11134);
#11134 = DEFINITIONAL_REPRESENTATION('',(#11135),#11139);
#11135 = LINE('',#11136,#11137);
#11136 = CARTESIAN_POINT('',(0.,2.6));
#11137 = VECTOR('',#11138,1.);
#11138 = DIRECTION('',(1.,0.));
#11139 = ( GEOMETRIC_REPRESENTATION_CONTEXT(2) 
PARAMETRIC_REPRESENTATION_CONTEXT() REPRESENTATION_CONTEXT('2D SPACE',''
  ) );
#11140 = PCURVE('',#10708,#11141);
#11141 = DEFINITIONAL_REPRESENTATION('',(#11142),#11146);
#11142 = CIRCLE('',#11143,2.2);
#11143 = AXIS2_PLACEMENT_2D('',#11144,#11145);
#11144 = CARTESIAN_POINT('',(0.,0.));
#11145 = DIRECTION('',(1.,0.));
#11146 = ( GEOMETRIC_REPRESENTATION_CONTEXT(2) 
PARAMETRIC_REPRESENTATION_CONTEXT() REPRESENTATION_CONTEXT('2D SPACE',''
  ) );
#11147 = ORIENTED_EDGE('',*,*,#11103,.F.);
#11148 = ORIENTED_EDGE('',*,*,#8196,.T.);
#11149 = ADVANCED_FACE('',(#11150),#8244,.F.);
#11150 = FACE_BOUND('',#11151,.F.);
#11151 = EDGE_LOOP('',(#11152,#11175,#11197,#11198));
#11152 = ORIENTED_EDGE('',*,*,#11153,.T.);
#11153 = EDGE_CURVE('',#8228,#11154,#11156,.T.);
#11154 = VERTEX_POINT('',#11155);
#11155 = CARTESIAN_POINT('',(49.825,-19.05,-6.4));
#11156 = SEAM_CURVE('',#11157,(#11161,#11168),.PCURVE_S1.);
#11157 = LINE('',#11158,#11159);
#11158 = CARTESIAN_POINT('',(49.825,-19.05,-9.));
#11159 = VECTOR('',#11160,1.);
#11160 = DIRECTION('',(0.,0.,1.));
#11161 = PCURVE('',#8244,#11162);
#11162 = DEFINITIONAL_REPRESENTATION('',(#11163),#11167);
#11163 = LINE('',#11164,#11165);
#11164 = CARTESIAN_POINT('',(6.28318530718,-0.));
#11165 = VECTOR('',#11166,1.);
#11166 = DIRECTION('',(0.,1.));
#11167 = ( GEOMETRIC_REPRESENTATION_CONTEXT(2) 
PARAMETRIC_REPRESENTATION_CONTEXT() REPRESENTATION_CONTEXT('2D SPACE',''
  ) );
#11168 = PCURVE('',#8244,#11169);
#11169 = DEFINITIONAL_REPRESENTATION('',(#11170),#11174);
#11170 = LINE('',#11171,#11172);
#11171 = CARTESIAN_POINT('',(0.,-0.));
#11172 = VECTOR('',#11173,1.);
#11173 = DIRECTION('',(0.,1.));
#11174 = ( GEOMETRIC_REPRESENTATION_CONTEXT(2) 
PARAMETRIC_REPRESENTATION_CONTEXT() REPRESENTATION_CONTEXT('2D SPACE',''
  ) );
#11175 = ORIENTED_EDGE('',*,*,#11176,.F.);
#11176 = EDGE_CURVE('',#11154,#11154,#11177,.T.);
#11177 = SURFACE_CURVE('',#11178,(#11183,#11190),.PCURVE_S1.);
#11178 = CIRCLE('',#11179,2.2);
#11179 = AXIS2_PLACEMENT_3D('',#11180,#11181,#11182);
#11180 = CARTESIAN_POINT('',(47.625,-19.05,-6.4));
#11181 = DIRECTION('',(0.,0.,1.));
#11182 = DIRECTION('',(1.,0.,-0.));
#11183 = PCURVE('',#8244,#11184);
#11184 = DEFINITIONAL_REPRESENTATION('',(#11185),#11189);
#11185 = LINE('',#11186,#11187);
#11186 = CARTESIAN_POINT('',(0.,2.6));
#11187 = VECTOR('',#11188,1.);
#11188 = DIRECTION('',(1.,0.));
#11189 = ( GEOMETRIC_REPRESENTATION_CONTEXT(2) 
PARAMETRIC_REPRESENTATION_CONTEXT() REPRESENTATION_CONTEXT('2D SPACE',''
  ) );
#11190 = PCURVE('',#10763,#11191);
#11191 = DEFINITIONAL_REPRESENTATION('',(#11192),#11196);
#11192 = CIRCLE('',#11193,2.2);
#11193 = AXIS2_PLACEMENT_2D('',#11194,#11195);
#11194 = CARTESIAN_POINT('',(0.,0.));
#11195 = DIRECTION('',(1.,0.));
#11196 = ( GEOMETRIC_REPRESENTATION_CONTEXT(2) 
PARAMETRIC_REPRESENTATION_CONTEXT() REPRESENTATION_CONTEXT('2D SPACE',''
  ) );
#11197 = ORIENTED_EDGE('',*,*,#11153,.F.);
#11198 = ORIENTED_EDGE('',*,*,#8227,.T.);
#11199 = ADVANCED_FACE('',(#11200),#8275,.F.);
#11200 = FACE_BOUND('',#11201,.F.);
#11201 = EDGE_LOOP('',(#11202,#11225,#11247,#11248));
#11202 = ORIENTED_EDGE('',*,*,#11203,.T.);
#11203 = EDGE_CURVE('',#8259,#11204,#11206,.T.);
#11204 = VERTEX_POINT('',#11205);
#11205 = CARTESIAN_POINT('',(126.025,-19.05,-6.4));
#11206 = SEAM_CURVE('',#11207,(#11211,#11218),.PCURVE_S1.);
#11207 = LINE('',#11208,#11209);
#11208 = CARTESIAN_POINT('',(126.025,-19.05,-9.));
#11209 = VECTOR('',#11210,1.);
#11210 = DIRECTION('',(0.,0.,1.));
#11211 = PCURVE('',#8275,#11212);
#11212 = DEFINITIONAL_REPRESENTATION('',(#11213),#11217);
#11213 = LINE('',#11214,#11215);
#11214 = CARTESIAN_POINT('',(6.28318530718,-0.));
#11215 = VECTOR('',#11216,1.);
#11216 = DIRECTION('',(0.,1.));
#11217 = ( GEOMETRIC_REPRESENTATION_CONTEXT(2) 
PARAMETRIC_REPRESENTATION_CONTEXT() REPRESENTATION_CONTEXT('2D SPACE',''
  ) );
#11218 = PCURVE('',#8275,#11219);
#11219 = DEFINITIONAL_REPRESENTATION('',(#11220),#11224);
#11220 = LINE('',#11221,#11222);
#11221 = CARTESIAN_POINT('',(0.,-0.));
#11222 = VECTOR('',#11223,1.);
#11223 = DIRECTION('',(0.,1.));
#11224 = ( GEOMETRIC_REPRESENTATION_CONTEXT(2) 
PARAMETRIC_REPRESENTATION_CONTEXT() REPRESENTATION_CONTEXT('2D SPACE',''
  ) );
#11225 = ORIENTED_EDGE('',*,*,#11226,.F.);
#11226 = EDGE_CURVE('',#11204,#11204,#11227,.T.);
#11227 = SURFACE_CURVE('',#11228,(#11233,#11240),.PCURVE_S1.);
#11228 = CIRCLE('',#11229,2.2);
#11229 = AXIS2_PLACEMENT_3D('',#11230,#11231,#11232);
#11230 = CARTESIAN_POINT('',(123.825,-19.05,-6.4));
#11231 = DIRECTION('',(0.,0.,1.));
#11232 = DIRECTION('',(1.,0.,-0.));
#11233 = PCURVE('',#8275,#11234);
#11234 = DEFINITIONAL_REPRESENTATION('',(#11235),#11239);
#11235 = LINE('',#11236,#11237);
#11236 = CARTESIAN_POINT('',(0.,2.6));
#11237 = VECTOR('',#11238,1.);
#11238 = DIRECTION('',(1.,0.));
#11239 = ( GEOMETRIC_REPRESENTATION_CONTEXT(2) 
PARAMETRIC_REPRESENTATION_CONTEXT() REPRESENTATION_CONTEXT('2D SPACE',''
  ) );
#11240 = PCURVE('',#10818,#11241);
#11241 = DEFINITIONAL_REPRESENTATION('',(#11242),#11246);
#11242 = CIRCLE('',#11243,2.2);
#11243 = AXIS2_PLACEMENT_2D('',#11244,#11245);
#11244 = CARTESIAN_POINT('',(0.,0.));
#11245 = DIRECTION('',(1.,0.));
#11246 = ( GEOMETRIC_REPRESENTATION_CONTEXT(2) 
PARAMETRIC_REPRESENTATION_CONTEXT() REPRESENTATION_CONTEXT('2D SPACE',''
  ) );
#11247 = ORIENTED_EDGE('',*,*,#11203,.F.);
#11248 = ORIENTED_EDGE('',*,*,#8258,.T.);
#11249 = ADVANCED_FACE('',(#11250),#8306,.F.);
#11250 = FACE_BOUND('',#11251,.F.);
#11251 = EDGE_LOOP('',(#11252,#11275,#11297,#11298));
#11252 = ORIENTED_EDGE('',*,*,#11253,.T.);
#11253 = EDGE_CURVE('',#8290,#11254,#11256,.T.);
#11254 = VERTEX_POINT('',#11255);
#11255 = CARTESIAN_POINT('',(-121.625,19.05,-6.4));
#11256 = SEAM_CURVE('',#11257,(#11261,#11268),.PCURVE_S1.);
#11257 = LINE('',#11258,#11259);
#11258 = CARTESIAN_POINT('',(-121.625,19.05,-9.));
#11259 = VECTOR('',#11260,1.);
#11260 = DIRECTION('',(0.,0.,1.));
#11261 = PCURVE('',#8306,#11262);
#11262 = DEFINITIONAL_REPRESENTATION('',(#11263),#11267);
#11263 = LINE('',#11264,#11265);
#11264 = CARTESIAN_POINT('',(6.28318530718,-0.));
#11265 = VECTOR('',#11266,1.);
#11266 = DIRECTION('',(0.,1.));
#11267 = ( GEOMETRIC_REPRESENTATION_CONTEXT(2) 
PARAMETRIC_REPRESENTATION_CONTEXT() REPRESENTATION_CONTEXT('2D SPACE',''
  ) );
#11268 = PCURVE('',#8306,#11269);
#11269 = DEFINITIONAL_REPRESENTATION('',(#11270),#11274);
#11270 = LINE('',#11271,#11272);
#11271 = CARTESIAN_POINT('',(0.,-0.));
#11272 = VECTOR('',#11273,1.);
#11273 = DIRECTION('',(0.,1.));
#11274 = ( GEOMETRIC_REPRESENTATION_CONTEXT(2) 
PARAMETRIC_REPRESENTATION_CONTEXT() REPRESENTATION_CONTEXT('2D SPACE',''
  ) );
#11275 = ORIENTED_EDGE('',*,*,#11276,.F.);
#11276 = EDGE_CURVE('',#11254,#11254,#11277,.T.);
#11277 = SURFACE_CURVE('',#11278,(#11283,#11290),.PCURVE_S1.);
#11278 = CIRCLE('',#11279,2.2);
#11279 = AXIS2_PLACEMENT_3D('',#11280,#11281,#11282);
#11280 = CARTESIAN_POINT('',(-123.825,19.05,-6.4));
#11281 = DIRECTION('',(0.,0.,1.));
#11282 = DIRECTION('',(1.,0.,-0.));
#11283 = PCURVE('',#8306,#11284);
#11284 = DEFINITIONAL_REPRESENTATION('',(#11285),#11289);
#11285 = LINE('',#11286,#11287);
#11286 = CARTESIAN_POINT('',(0.,2.6));
#11287 = VECTOR('',#11288,1.);
#11288 = DIRECTION('',(1.,0.));
#11289 = ( GEOMETRIC_REPRESENTATION_CONTEXT(2) 
PARAMETRIC_REPRESENTATION_CONTEXT() REPRESENTATION_CONTEXT('2D SPACE',''
  ) );
#11290 = PCURVE('',#10873,#11291);
#11291 = DEFINITIONAL_REPRESENTATION('',(#11292),#11296);
#11292 = CIRCLE('',#11293,2.2);
#11293 = AXIS2_PLACEMENT_2D('',#11294,#11295);
#11294 = CARTESIAN_POINT('',(0.,0.));
#11295 = DIRECTION('',(1.,0.));
#11296 = ( GEOMETRIC_REPRESENTATION_CONTEXT(2) 
PARAMETRIC_REPRESENTATION_CONTEXT() REPRESENTATION_CONTEXT('2D SPACE',''
  ) );
#11297 = ORIENTED_EDGE('',*,*,#11253,.F.);
#11298 = ORIENTED_EDGE('',*,*,#8289,.T.);
#11299 = ADVANCED_FACE('',(#11300),#8337,.F.);
#11300 = FACE_BOUND('',#11301,.F.);
#11301 = EDGE_LOOP('',(#11302,#11325,#11347,#11348));
#11302 = ORIENTED_EDGE('',*,*,#11303,.T.);
#11303 = EDGE_CURVE('',#8321,#11304,#11306,.T.);
#11304 = VERTEX_POINT('',#11305);
#11305 = CARTESIAN_POINT('',(-45.425,19.05,-6.4));
#11306 = SEAM_CURVE('',#11307,(#11311,#11318),.PCURVE_S1.);
#11307 = LINE('',#11308,#11309);
#11308 = CARTESIAN_POINT('',(-45.425,19.05,-9.));
#11309 = VECTOR('',#11310,1.);
#11310 = DIRECTION('',(0.,0.,1.));
#11311 = PCURVE('',#8337,#11312);
#11312 = DEFINITIONAL_REPRESENTATION('',(#11313),#11317);
#11313 = LINE('',#11314,#11315);
#11314 = CARTESIAN_POINT('',(6.28318530718,-0.));
#11315 = VECTOR('',#11316,1.);
#11316 = DIRECTION('',(0.,1.));
#11317 = ( GEOMETRIC_REPRESENTATION_CONTEXT(2) 
PARAMETRIC_REPRESENTATION_CONTEXT() REPRESENTATION_CONTEXT('2D SPACE',''
  ) );
#11318 = PCURVE('',#8337,#11319);
#11319 = DEFINITIONAL_REPRESENTATION('',(#11320),#11324);
#11320 = LINE('',#11321,#11322);
#11321 = CARTESIAN_POINT('',(0.,-0.));
#11322 = VECTOR('',#11323,1.);
#11323 = DIRECTION('',(0.,1.));
#11324 = ( GEOMETRIC_REPRESENTATION_CONTEXT(2) 
PARAMETRIC_REPRESENTATION_CONTEXT() REPRESENTATION_CONTEXT('2D SPACE',''
  ) );
#11325 = ORIENTED_EDGE('',*,*,#11326,.F.);
#11326 = EDGE_CURVE('',#11304,#11304,#11327,.T.);
#11327 = SURFACE_CURVE('',#11328,(#11333,#11340),.PCURVE_S1.);
#11328 = CIRCLE('',#11329,2.2);
#11329 = AXIS2_PLACEMENT_3D('',#11330,#11331,#11332);
#11330 = CARTESIAN_POINT('',(-47.625,19.05,-6.4));
#11331 = DIRECTION('',(0.,0.,1.));
#11332 = DIRECTION('',(1.,0.,-0.));
#11333 = PCURVE('',#8337,#11334);
#11334 = DEFINITIONAL_REPRESENTATION('',(#11335),#11339);
#11335 = LINE('',#11336,#11337);
#11336 = CARTESIAN_POINT('',(0.,2.6));
#11337 = VECTOR('',#11338,1.);
#11338 = DIRECTION('',(1.,0.));
#11339 = ( GEOMETRIC_REPRESENTATION_CONTEXT(2) 
PARAMETRIC_REPRESENTATION_CONTEXT() REPRESENTATION_CONTEXT('2D SPACE',''
  ) );
#11340 = PCURVE('',#10928,#11341);
#11341 = DEFINITIONAL_REPRESENTATION('',(#11342),#11346);
#11342 = CIRCLE('',#11343,2.2);
#11343 = AXIS2_PLACEMENT_2D('',#11344,#11345);
#11344 = CARTESIAN_POINT('',(0.,0.));
#11345 = DIRECTION('',(1.,0.));
#11346 = ( GEOMETRIC_REPRESENTATION_CONTEXT(2) 
PARAMETRIC_REPRESENTATION_CONTEXT() REPRESENTATION_CONTEXT('2D SPACE',''
  ) );
#11347 = ORIENTED_EDGE('',*,*,#11303,.F.);
#11348 = ORIENTED_EDGE('',*,*,#8320,.T.);
#11349 = ADVANCED_FACE('',(#11350),#8368,.F.);
#11350 = FACE_BOUND('',#11351,.F.);
#11351 = EDGE_LOOP('',(#11352,#11375,#11397,#11398));
#11352 = ORIENTED_EDGE('',*,*,#11353,.T.);
#11353 = EDGE_CURVE('',#8352,#11354,#11356,.T.);
#11354 = VERTEX_POINT('',#11355);
#11355 = CARTESIAN_POINT('',(49.825,19.05,-6.4));
#11356 = SEAM_CURVE('',#11357,(#11361,#11368),.PCURVE_S1.);
#11357 = LINE('',#11358,#11359);
#11358 = CARTESIAN_POINT('',(49.825,19.05,-9.));
#11359 = VECTOR('',#11360,1.);
#11360 = DIRECTION('',(0.,0.,1.));
#11361 = PCURVE('',#8368,#11362);
#11362 = DEFINITIONAL_REPRESENTATION('',(#11363),#11367);
#11363 = LINE('',#11364,#11365);
#11364 = CARTESIAN_POINT('',(6.28318530718,-0.));
#11365 = VECTOR('',#11366,1.);
#11366 = DIRECTION('',(0.,1.));
#11367 = ( GEOMETRIC_REPRESENTATION_CONTEXT(2) 
PARAMETRIC_REPRESENTATION_CONTEXT() REPRESENTATION_CONTEXT('2D SPACE',''
  ) );
#11368 = PCURVE('',#8368,#11369);
#11369 = DEFINITIONAL_REPRESENTATION('',(#11370),#11374);
#11370 = LINE('',#11371,#11372);
#11371 = CARTESIAN_POINT('',(0.,-0.));
#11372 = VECTOR('',#11373,1.);
#11373 = DIRECTION('',(0.,1.));
#11374 = ( GEOMETRIC_REPRESENTATION_CONTEXT(2) 
PARAMETRIC_REPRESENTATION_CONTEXT() REPRESENTATION_CONTEXT('2D SPACE',''
  ) );
#11375 = ORIENTED_EDGE('',*,*,#11376,.F.);
#11376 = EDGE_CURVE('',#11354,#11354,#11377,.T.);
#11377 = SURFACE_CURVE('',#11378,(#11383,#11390),.PCURVE_S1.);
#11378 = CIRCLE('',#11379,2.2);
#11379 = AXIS2_PLACEMENT_3D('',#11380,#11381,#11382);
#11380 = CARTESIAN_POINT('',(47.625,19.05,-6.4));
#11381 = DIRECTION('',(0.,0.,1.));
#11382 = DIRECTION('',(1.,0.,-0.));
#11383 = PCURVE('',#8368,#11384);
#11384 = DEFINITIONAL_REPRESENTATION('',(#11385),#11389);
#11385 = LINE('',#11386,#11387);
#11386 = CARTESIAN_POINT('',(0.,2.6));
#11387 = VECTOR('',#11388,1.);
#11388 = DIRECTION('',(1.,0.));
#11389 = ( GEOMETRIC_REPRESENTATION_CONTEXT(2) 
PARAMETRIC_REPRESENTATION_CONTEXT() REPRESENTATION_CONTEXT('2D SPACE',''
  ) );
#11390 = PCURVE('',#10983,#11391);
#11391 = DEFINITIONAL_REPRESENTATION('',(#11392),#11396);
#11392 = CIRCLE('',#11393,2.2);
#11393 = AXIS2_PLACEMENT_2D('',#11394,#11395);
#11394 = CARTESIAN_POINT('',(0.,0.));
#11395 = DIRECTION('',(1.,0.));
#11396 = ( GEOMETRIC_REPRESENTATION_CONTEXT(2) 
PARAMETRIC_REPRESENTATION_CONTEXT() REPRESENTATION_CONTEXT('2D SPACE',''
  ) );
#11397 = ORIENTED_EDGE('',*,*,#11353,.F.);
#11398 = ORIENTED_EDGE('',*,*,#8351,.T.);
#11399 = ADVANCED_FACE('',(#11400),#8399,.F.);
#11400 = FACE_BOUND('',#11401,.F.);
#11401 = EDGE_LOOP('',(#11402,#11425,#11447,#11448));
#11402 = ORIENTED_EDGE('',*,*,#11403,.T.);
#11403 = EDGE_CURVE('',#8383,#11404,#11406,.T.);
#11404 = VERTEX_POINT('',#11405);
#11405 = CARTESIAN_POINT('',(126.025,19.05,-6.4));
#11406 = SEAM_CURVE('',#11407,(#11411,#11418),.PCURVE_S1.);
#11407 = LINE('',#11408,#11409);
#11408 = CARTESIAN_POINT('',(126.025,19.05,-9.));
#11409 = VECTOR('',#11410,1.);
#11410 = DIRECTION('',(0.,0.,1.));
#11411 = PCURVE('',#8399,#11412);
#11412 = DEFINITIONAL_REPRESENTATION('',(#11413),#11417);
#11413 = LINE('',#11414,#11415);
#11414 = CARTESIAN_POINT('',(6.28318530718,-0.));
#11415 = VECTOR('',#11416,1.);
#11416 = DIRECTION('',(0.,1.));
#11417 = ( GEOMETRIC_REPRESENTATION_CONTEXT(2) 
PARAMETRIC_REPRESENTATION_CONTEXT() REPRESENTATION_CONTEXT('2D SPACE',''
  ) );
#11418 = PCURVE('',#8399,#11419);
#11419 = DEFINITIONAL_REPRESENTATION('',(#11420),#11424);
#11420 = LINE('',#11421,#11422);
#11421 = CARTESIAN_POINT('',(0.,-0.));
#11422 = VECTOR('',#11423,1.);
#11423 = DIRECTION('',(0.,1.));
#11424 = ( GEOMETRIC_REPRESENTATION_CONTEXT(2) 
PARAMETRIC_REPRESENTATION_CONTEXT() REPRESENTATION_CONTEXT('2D SPACE',''
  ) );
#11425 = ORIENTED_EDGE('',*,*,#11426,.F.);
#11426 = EDGE_CURVE('',#11404,#11404,#11427,.T.);
#11427 = SURFACE_CURVE('',#11428,(#11433,#11440),.PCURVE_S1.);
#11428 = CIRCLE('',#11429,2.2);
#11429 = AXIS2_PLACEMENT_3D('',#11430,#11431,#11432);
#11430 = CARTESIAN_POINT('',(123.825,19.05,-6.4));
#11431 = DIRECTION('',(0.,0.,1.));
#11432 = DIRECTION('',(1.,0.,-0.));
#11433 = PCURVE('',#8399,#11434);
#11434 = DEFINITIONAL_REPRESENTATION('',(#11435),#11439);
#11435 = LINE('',#11436,#11437);
#11436 = CARTESIAN_POINT('',(0.,2.6));
#11437 = VECTOR('',#11438,1.);
#11438 = DIRECTION('',(1.,0.));
#11439 = ( GEOMETRIC_REPRESENTATION_CONTEXT(2) 
PARAMETRIC_REPRESENTATION_CONTEXT() REPRESENTATION_CONTEXT('2D SPACE',''
  ) );
#11440 = PCURVE('',#11038,#11441);
#11441 = DEFINITIONAL_REPRESENTATION('',(#11442),#11446);
#11442 = CIRCLE('',#11443,2.2);
#11443 = AXIS2_PLACEMENT_2D('',#11444,#11445);
#11444 = CARTESIAN_POINT('',(0.,0.));
#11445 = DIRECTION('',(1.,0.));
#11446 = ( GEOMETRIC_REPRESENTATION_CONTEXT(2) 
PARAMETRIC_REPRESENTATION_CONTEXT() REPRESENTATION_CONTEXT('2D SPACE',''
  ) );
#11447 = ORIENTED_EDGE('',*,*,#11403,.F.);
#11448 = ORIENTED_EDGE('',*,*,#8382,.T.);
#11449 = ADVANCED_FACE('',(#11450),#8453,.T.);
#11450 = FACE_BOUND('',#11451,.F.);
#11451 = EDGE_LOOP('',(#11452,#11453,#11454,#11455,#11456,#11457,#11458,
    #11459));
#11452 = ORIENTED_EDGE('',*,*,#8805,.T.);
#11453 = ORIENTED_EDGE('',*,*,#8778,.T.);
#11454 = ORIENTED_EDGE('',*,*,#8693,.F.);
#11455 = ORIENTED_EDGE('',*,*,#8666,.T.);
#11456 = ORIENTED_EDGE('',*,*,#8617,.T.);
#11457 = ORIENTED_EDGE('',*,*,#8568,.T.);
#11458 = ORIENTED_EDGE('',*,*,#8491,.F.);
#11459 = ORIENTED_EDGE('',*,*,#8437,.T.);
#11460 = ADVANCED_FACE('',(#11461),#8870,.T.);
#11461 = FACE_BOUND('',#11462,.F.);
#11462 = EDGE_LOOP('',(#11463,#11464,#11465,#11466,#11467,#11468,#11469,
    #11470,#11471,#11472,#11473,#11474));
#11463 = ORIENTED_EDGE('',*,*,#9398,.T.);
#11464 = ORIENTED_EDGE('',*,*,#9371,.T.);
#11465 = ORIENTED_EDGE('',*,*,#9322,.T.);
#11466 = ORIENTED_EDGE('',*,*,#9273,.T.);
#11467 = ORIENTED_EDGE('',*,*,#9224,.T.);
#11468 = ORIENTED_EDGE('',*,*,#9175,.T.);
#11469 = ORIENTED_EDGE('',*,*,#9126,.T.);
#11470 = ORIENTED_EDGE('',*,*,#9077,.T.);
#11471 = ORIENTED_EDGE('',*,*,#9028,.T.);
#11472 = ORIENTED_EDGE('',*,*,#8979,.T.);
#11473 = ORIENTED_EDGE('',*,*,#8930,.T.);
#11474 = ORIENTED_EDGE('',*,*,#8854,.T.);
#11475 = ADVANCED_FACE('',(#11476),#9462,.T.);
#11476 = FACE_BOUND('',#11477,.T.);
#11477 = EDGE_LOOP('',(#11478));
#11478 = ORIENTED_EDGE('',*,*,#9447,.T.);
#11479 = ADVANCED_FACE('',(#11480),#9518,.T.);
#11480 = FACE_BOUND('',#11481,.F.);
#11481 = EDGE_LOOP('',(#11482,#11483,#11484,#11485,#11486,#11487,#11488)
  );
#11482 = ORIENTED_EDGE('',*,*,#9855,.T.);
#11483 = ORIENTED_EDGE('',*,*,#9828,.T.);
#11484 = ORIENTED_EDGE('',*,*,#9755,.F.);
#11485 = ORIENTED_EDGE('',*,*,#9680,.F.);
#11486 = ORIENTED_EDGE('',*,*,#9653,.T.);
#11487 = ORIENTED_EDGE('',*,*,#9556,.F.);
#11488 = ORIENTED_EDGE('',*,*,#9502,.T.);
#11489 = ADVANCED_FACE('',(#11490),#9920,.T.);
#11490 = FACE_BOUND('',#11491,.F.);
#11491 = EDGE_LOOP('',(#11492,#11493,#11494,#11495,#11496,#11497,#11498,
    #11499,#11500,#11501,#11502,#11503));
#11492 = ORIENTED_EDGE('',*,*,#10448,.T.);
#11493 = ORIENTED_EDGE('',*,*,#10421,.T.);
#11494 = ORIENTED_EDGE('',*,*,#10372,.T.);
#11495 = ORIENTED_EDGE('',*,*,#10323,.T.);
#11496 = ORIENTED_EDGE('',*,*,#10274,.T.);
#11497 = ORIENTED_EDGE('',*,*,#10225,.T.);
#11498 = ORIENTED_EDGE('',*,*,#10176,.T.);
#11499 = ORIENTED_EDGE('',*,*,#10127,.T.);
#11500 = ORIENTED_EDGE('',*,*,#10078,.T.);
#11501 = ORIENTED_EDGE('',*,*,#10029,.T.);
#11502 = ORIENTED_EDGE('',*,*,#9980,.T.);
#11503 = ORIENTED_EDGE('',*,*,#9904,.T.);
#11504 = ADVANCED_FACE('',(#11505,#11508),#10526,.T.);
#11505 = FACE_BOUND('',#11506,.F.);
#11506 = EDGE_LOOP('',(#11507));
#11507 = ORIENTED_EDGE('',*,*,#10497,.F.);
#11508 = FACE_BOUND('',#11509,.F.);
#11509 = EDGE_LOOP('',(#11510));
#11510 = ORIENTED_EDGE('',*,*,#11511,.F.);
#11511 = EDGE_CURVE('',#11512,#11512,#11514,.T.);
#11512 = VERTEX_POINT('',#11513);
#11513 = CARTESIAN_POINT('',(-109.9700002,46.675,-2.717632267407));
#11514 = SURFACE_CURVE('',#11515,(#11534,#11556),.PCURVE_S1.);
#11515 = B_SPLINE_CURVE_WITH_KNOTS('',2,(#11516,#11517,#11518,#11519,
    #11520,#11521,#11522,#11523,#11524,#11525,#11526,#11527,#11528,
    #11529,#11530,#11531,#11532,#11533),.UNSPECIFIED.,.T.,.F.,(3,1,1,1,1
    ,1,1,1,1,1,1,1,1,1,1,1,3),(0.,1.,2.,3.,4.,5.000075705958,
    6.000151411916,7.000227117874,8.000302823832,9.00037852979,
    10.000454235748,11.000529941706,12.000605647664,13.000605647664,
    14.000605647664,15.000605647664,16.000605647664),.UNSPECIFIED.);
#11516 = CARTESIAN_POINT('',(-109.9700002,46.675,-2.717632267407));
#11517 = CARTESIAN_POINT('',(-109.9700002,46.675,-2.470132267407));
#11518 = CARTESIAN_POINT('',(-110.1570037807,46.675,-2.052117944491));
#11519 = CARTESIAN_POINT('',(-110.4759930385,46.675,-1.74412152522));
#11520 = CARTESIAN_POINT('',(-110.8995037807,46.675,-1.573625105949));
#11521 = CARTESIAN_POINT('',(-111.3725002,46.675,-1.573625105949));
#11522 = CARTESIAN_POINT('',(-111.7959930385,46.675,-1.74412152522));
#11523 = CARTESIAN_POINT('',(-112.1204966192,46.675,-2.052117944491));
#11524 = CARTESIAN_POINT('',(-112.3075002,46.675,-2.470132267407));
#11525 = CARTESIAN_POINT('',(-112.3075002,46.675,-2.965132267407));
#11526 = CARTESIAN_POINT('',(-112.1204966192,46.675,-3.383128686678));
#11527 = CARTESIAN_POINT('',(-111.7959930385,46.675,-3.691125105949));
#11528 = CARTESIAN_POINT('',(-111.3725002,46.675,-3.86162152522));
#11529 = CARTESIAN_POINT('',(-110.8995037807,46.675,-3.86162152522));
#11530 = CARTESIAN_POINT('',(-110.4759930385,46.675,-3.691125105949));
#11531 = CARTESIAN_POINT('',(-110.1570037807,46.675,-3.383128686678));
#11532 = CARTESIAN_POINT('',(-109.9700002,46.675,-2.965132267407));
#11533 = CARTESIAN_POINT('',(-109.9700002,46.675,-2.717632267407));
#11534 = PCURVE('',#10526,#11535);
#11535 = DEFINITIONAL_REPRESENTATION('',(#11536),#11555);
#11536 = B_SPLINE_CURVE_WITH_KNOTS('',2,(#11537,#11538,#11539,#11540,
    #11541,#11542,#11543,#11544,#11545,#11546,#11547,#11548,#11549,
    #11550,#11551,#11552,#11553,#11554),.UNSPECIFIED.,.T.,.F.,(3,1,1,1,1
    ,1,1,1,1,1,1,1,1,1,1,1,3),(0.,1.,2.,3.,4.,5.000075705958,
    6.000151411916,7.000227117874,8.000302823832,9.00037852979,
    10.000454235748,11.000529941706,12.000605647664,13.000605647664,
    14.000605647664,15.000605647664,16.000605647664),.UNSPECIFIED.);
#11537 = CARTESIAN_POINT('',(1.375,2.073492838542));
#11538 = CARTESIAN_POINT('',(1.375,2.320992838542));
#11539 = CARTESIAN_POINT('',(1.562003580729,2.739007161458));
#11540 = CARTESIAN_POINT('',(1.880992838542,3.047003580729));
#11541 = CARTESIAN_POINT('',(2.304503580729,3.2175));
#11542 = CARTESIAN_POINT('',(2.7775,3.2175));
#11543 = CARTESIAN_POINT('',(3.200992838542,3.047003580729));
#11544 = CARTESIAN_POINT('',(3.525496419271,2.739007161458));
#11545 = CARTESIAN_POINT('',(3.7125,2.320992838542));
#11546 = CARTESIAN_POINT('',(3.7125,1.825992838542));
#11547 = CARTESIAN_POINT('',(3.525496419271,1.407996419271));
#11548 = CARTESIAN_POINT('',(3.200992838542,1.1));
#11549 = CARTESIAN_POINT('',(2.7775,0.929503580729));
#11550 = CARTESIAN_POINT('',(2.304503580729,0.929503580729));
#11551 = CARTESIAN_POINT('',(1.880992838542,1.1));
#11552 = CARTESIAN_POINT('',(1.562003580729,1.407996419271));
#11553 = CARTESIAN_POINT('',(1.375,1.825992838542));
#11554 = CARTESIAN_POINT('',(1.375,2.073492838542));
#11555 = ( GEOMETRIC_REPRESENTATION_CONTEXT(2) 
PARAMETRIC_REPRESENTATION_CONTEXT() REPRESENTATION_CONTEXT('2D SPACE',''
  ) );
#11556 = PCURVE('',#11557,#11579);
#11557 = SURFACE_OF_LINEAR_EXTRUSION('',#11558,#11577);
#11558 = B_SPLINE_CURVE_WITH_KNOTS('',2,(#11559,#11560,#11561,#11562,
    #11563,#11564,#11565,#11566,#11567,#11568,#11569,#11570,#11571,
    #11572,#11573,#11574,#11575,#11576),.UNSPECIFIED.,.T.,.F.,(3,1,1,1,1
    ,1,1,1,1,1,1,1,1,1,1,1,3),(0.,1.,2.,3.,4.,5.000075705958,
    6.000151411916,7.000227117874,8.000302823832,9.00037852979,
    10.000454235748,11.000529941706,12.000605647664,13.000605647664,
    14.000605647664,15.000605647664,16.000605647664),.UNSPECIFIED.);
#11559 = CARTESIAN_POINT('',(-109.9700002,46.075,-2.717632267407));
#11560 = CARTESIAN_POINT('',(-109.9700002,46.075,-2.470132267407));
#11561 = CARTESIAN_POINT('',(-110.1570037807,46.075,-2.052117944491));
#11562 = CARTESIAN_POINT('',(-110.4759930385,46.075,-1.74412152522));
#11563 = CARTESIAN_POINT('',(-110.8995037807,46.075,-1.573625105949));
#11564 = CARTESIAN_POINT('',(-111.3725002,46.075,-1.573625105949));
#11565 = CARTESIAN_POINT('',(-111.7959930385,46.075,-1.74412152522));
#11566 = CARTESIAN_POINT('',(-112.1204966192,46.075,-2.052117944491));
#11567 = CARTESIAN_POINT('',(-112.3075002,46.075,-2.470132267407));
#11568 = CARTESIAN_POINT('',(-112.3075002,46.075,-2.965132267407));
#11569 = CARTESIAN_POINT('',(-112.1204966192,46.075,-3.383128686678));
#11570 = CARTESIAN_POINT('',(-111.7959930385,46.075,-3.691125105949));
#11571 = CARTESIAN_POINT('',(-111.3725002,46.075,-3.86162152522));
#11572 = CARTESIAN_POINT('',(-110.8995037807,46.075,-3.86162152522));
#11573 = CARTESIAN_POINT('',(-110.4759930385,46.075,-3.691125105949));
#11574 = CARTESIAN_POINT('',(-110.1570037807,46.075,-3.383128686678));
#11575 = CARTESIAN_POINT('',(-109.9700002,46.075,-2.965132267407));
#11576 = CARTESIAN_POINT('',(-109.9700002,46.075,-2.717632267407));
#11577 = VECTOR('',#11578,1.);
#11578 = DIRECTION('',(-0.,-1.,0.));
#11579 = DEFINITIONAL_REPRESENTATION('',(#11580),#11584);
#11580 = LINE('',#11581,#11582);
#11581 = CARTESIAN_POINT('',(0.,-0.6));
#11582 = VECTOR('',#11583,1.);
#11583 = DIRECTION('',(1.,0.));
#11584 = ( GEOMETRIC_REPRESENTATION_CONTEXT(2) 
PARAMETRIC_REPRESENTATION_CONTEXT() REPRESENTATION_CONTEXT('2D SPACE',''
  ) );
#11585 = ADVANCED_FACE('',(#11586),#10596,.T.);
#11586 = FACE_BOUND('',#11587,.T.);
#11587 = EDGE_LOOP('',(#11588));
#11588 = ORIENTED_EDGE('',*,*,#10581,.T.);
#11589 = ADVANCED_FACE('',(#11590,#11593),#10653,.F.);
#11590 = FACE_BOUND('',#11591,.F.);
#11591 = EDGE_LOOP('',(#11592));
#11592 = ORIENTED_EDGE('',*,*,#11076,.T.);
#11593 = FACE_BOUND('',#11594,.F.);
#11594 = EDGE_LOOP('',(#11595));
#11595 = ORIENTED_EDGE('',*,*,#10638,.F.);
#11596 = ADVANCED_FACE('',(#11597,#11600),#10708,.F.);
#11597 = FACE_BOUND('',#11598,.F.);
#11598 = EDGE_LOOP('',(#11599));
#11599 = ORIENTED_EDGE('',*,*,#11126,.T.);
#11600 = FACE_BOUND('',#11601,.F.);
#11601 = EDGE_LOOP('',(#11602));
#11602 = ORIENTED_EDGE('',*,*,#10693,.F.);
#11603 = ADVANCED_FACE('',(#11604,#11607),#10763,.F.);
#11604 = FACE_BOUND('',#11605,.F.);
#11605 = EDGE_LOOP('',(#11606));
#11606 = ORIENTED_EDGE('',*,*,#11176,.T.);
#11607 = FACE_BOUND('',#11608,.F.);
#11608 = EDGE_LOOP('',(#11609));
#11609 = ORIENTED_EDGE('',*,*,#10748,.F.);
#11610 = ADVANCED_FACE('',(#11611,#11614),#10818,.F.);
#11611 = FACE_BOUND('',#11612,.F.);
#11612 = EDGE_LOOP('',(#11613));
#11613 = ORIENTED_EDGE('',*,*,#11226,.T.);
#11614 = FACE_BOUND('',#11615,.F.);
#11615 = EDGE_LOOP('',(#11616));
#11616 = ORIENTED_EDGE('',*,*,#10803,.F.);
#11617 = ADVANCED_FACE('',(#11618,#11621),#10873,.F.);
#11618 = FACE_BOUND('',#11619,.F.);
#11619 = EDGE_LOOP('',(#11620));
#11620 = ORIENTED_EDGE('',*,*,#11276,.T.);
#11621 = FACE_BOUND('',#11622,.F.);
#11622 = EDGE_LOOP('',(#11623));
#11623 = ORIENTED_EDGE('',*,*,#10858,.F.);
#11624 = ADVANCED_FACE('',(#11625,#11628),#10928,.F.);
#11625 = FACE_BOUND('',#11626,.F.);
#11626 = EDGE_LOOP('',(#11627));
#11627 = ORIENTED_EDGE('',*,*,#11326,.T.);
#11628 = FACE_BOUND('',#11629,.F.);
#11629 = EDGE_LOOP('',(#11630));
#11630 = ORIENTED_EDGE('',*,*,#10913,.F.);
#11631 = ADVANCED_FACE('',(#11632,#11635),#10983,.F.);
#11632 = FACE_BOUND('',#11633,.F.);
#11633 = EDGE_LOOP('',(#11634));
#11634 = ORIENTED_EDGE('',*,*,#11376,.T.);
#11635 = FACE_BOUND('',#11636,.F.);
#11636 = EDGE_LOOP('',(#11637));
#11637 = ORIENTED_EDGE('',*,*,#10968,.F.);
#11638 = ADVANCED_FACE('',(#11639,#11642),#11038,.F.);
#11639 = FACE_BOUND('',#11640,.F.);
#11640 = EDGE_LOOP('',(#11641));
#11641 = ORIENTED_EDGE('',*,*,#11426,.T.);
#11642 = FACE_BOUND('',#11643,.F.);
#11643 = EDGE_LOOP('',(#11644));
#11644 = ORIENTED_EDGE('',*,*,#11023,.F.);
#11645 = ADVANCED_FACE('',(#11646),#11557,.F.);
#11646 = FACE_BOUND('',#11647,.F.);
#11647 = EDGE_LOOP('',(#11648,#11671,#11672,#11673));
#11648 = ORIENTED_EDGE('',*,*,#11649,.T.);
#11649 = EDGE_CURVE('',#11650,#11512,#11652,.T.);
#11650 = VERTEX_POINT('',#11651);
#11651 = CARTESIAN_POINT('',(-109.9700002,46.075,-2.717632267407));
#11652 = SEAM_CURVE('',#11653,(#11657,#11664),.PCURVE_S1.);
#11653 = LINE('',#11654,#11655);
#11654 = CARTESIAN_POINT('',(-109.9700002,46.075,-2.717632267407));
#11655 = VECTOR('',#11656,1.);
#11656 = DIRECTION('',(0.,1.,-0.));
#11657 = PCURVE('',#11557,#11658);
#11658 = DEFINITIONAL_REPRESENTATION('',(#11659),#11663);
#11659 = LINE('',#11660,#11661);
#11660 = CARTESIAN_POINT('',(0.,0.));
#11661 = VECTOR('',#11662,1.);
#11662 = DIRECTION('',(0.,-1.));
#11663 = ( GEOMETRIC_REPRESENTATION_CONTEXT(2) 
PARAMETRIC_REPRESENTATION_CONTEXT() REPRESENTATION_CONTEXT('2D SPACE',''
  ) );
#11664 = PCURVE('',#11557,#11665);
#11665 = DEFINITIONAL_REPRESENTATION('',(#11666),#11670);
#11666 = LINE('',#11667,#11668);
#11667 = CARTESIAN_POINT('',(16.000605647664,0.));
#11668 = VECTOR('',#11669,1.);
#11669 = DIRECTION('',(0.,-1.));
#11670 = ( GEOMETRIC_REPRESENTATION_CONTEXT(2) 
PARAMETRIC_REPRESENTATION_CONTEXT() REPRESENTATION_CONTEXT('2D SPACE',''
  ) );
#11671 = ORIENTED_EDGE('',*,*,#11511,.T.);
#11672 = ORIENTED_EDGE('',*,*,#11649,.F.);
#11673 = ORIENTED_EDGE('',*,*,#11674,.F.);
#11674 = EDGE_CURVE('',#11650,#11650,#11675,.T.);
#11675 = SURFACE_CURVE('',#11676,(#11695,#11702),.PCURVE_S1.);
#11676 = B_SPLINE_CURVE_WITH_KNOTS('',2,(#11677,#11678,#11679,#11680,
    #11681,#11682,#11683,#11684,#11685,#11686,#11687,#11688,#11689,
    #11690,#11691,#11692,#11693,#11694),.UNSPECIFIED.,.T.,.F.,(3,1,1,1,1
    ,1,1,1,1,1,1,1,1,1,1,1,3),(0.,1.,2.,3.,4.,5.000075705958,
    6.000151411916,7.000227117874,8.000302823832,9.00037852979,
    10.000454235748,11.000529941706,12.000605647664,13.000605647664,
    14.000605647664,15.000605647664,16.000605647664),.UNSPECIFIED.);
#11677 = CARTESIAN_POINT('',(-109.9700002,46.075,-2.717632267407));
#11678 = CARTESIAN_POINT('',(-109.9700002,46.075,-2.470132267407));
#11679 = CARTESIAN_POINT('',(-110.1570037807,46.075,-2.052117944491));
#11680 = CARTESIAN_POINT('',(-110.4759930385,46.075,-1.74412152522));
#11681 = CARTESIAN_POINT('',(-110.8995037807,46.075,-1.573625105949));
#11682 = CARTESIAN_POINT('',(-111.3725002,46.075,-1.573625105949));
#11683 = CARTESIAN_POINT('',(-111.7959930385,46.075,-1.74412152522));
#11684 = CARTESIAN_POINT('',(-112.1204966192,46.075,-2.052117944491));
#11685 = CARTESIAN_POINT('',(-112.3075002,46.075,-2.470132267407));
#11686 = CARTESIAN_POINT('',(-112.3075002,46.075,-2.965132267407));
#11687 = CARTESIAN_POINT('',(-112.1204966192,46.075,-3.383128686678));
#11688 = CARTESIAN_POINT('',(-111.7959930385,46.075,-3.691125105949));
#11689 = CARTESIAN_POINT('',(-111.3725002,46.075,-3.86162152522));
#11690 = CARTESIAN_POINT('',(-110.8995037807,46.075,-3.86162152522));
#11691 = CARTESIAN_POINT('',(-110.4759930385,46.075,-3.691125105949));
#11692 = CARTESIAN_POINT('',(-110.1570037807,46.075,-3.383128686678));
#11693 = CARTESIAN_POINT('',(-109.9700002,46.075,-2.965132267407));
#11694 = CARTESIAN_POINT('',(-109.9700002,46.075,-2.717632267407));
#11695 = PCURVE('',#11557,#11696);
#11696 = DEFINITIONAL_REPRESENTATION('',(#11697),#11701);
#11697 = LINE('',#11698,#11699);
#11698 = CARTESIAN_POINT('',(0.,0.));
#11699 = VECTOR('',#11700,1.);
#11700 = DIRECTION('',(1.,0.));
#11701 = ( GEOMETRIC_REPRESENTATION_CONTEXT(2) 
PARAMETRIC_REPRESENTATION_CONTEXT() REPRESENTATION_CONTEXT('2D SPACE',''
  ) );
#11702 = PCURVE('',#11703,#11708);
#11703 = PLANE('',#11704);
#11704 = AXIS2_PLACEMENT_3D('',#11705,#11706,#11707);
#11705 = CARTESIAN_POINT('',(-100.,46.075,-1.63));
#11706 = DIRECTION('',(0.,1.,0.));
#11707 = DIRECTION('',(-1.,0.,0.));
#11708 = DEFINITIONAL_REPRESENTATION('',(#11709),#11728);
#11709 = B_SPLINE_CURVE_WITH_KNOTS('',2,(#11710,#11711,#11712,#11713,
    #11714,#11715,#11716,#11717,#11718,#11719,#11720,#11721,#11722,
    #11723,#11724,#11725,#11726,#11727),.UNSPECIFIED.,.T.,.F.,(3,1,1,1,1
    ,1,1,1,1,1,1,1,1,1,1,1,3),(0.,1.,2.,3.,4.,5.000075705958,
    6.000151411916,7.000227117874,8.000302823832,9.00037852979,
    10.000454235748,11.000529941706,12.000605647664,13.000605647664,
    14.000605647664,15.000605647664,16.000605647664),.UNSPECIFIED.);
#11710 = CARTESIAN_POINT('',(9.9700002,-1.087632267407));
#11711 = CARTESIAN_POINT('',(9.9700002,-0.840132267407));
#11712 = CARTESIAN_POINT('',(10.157003780729,-0.422117944491));
#11713 = CARTESIAN_POINT('',(10.475993038542,-0.11412152522));
#11714 = CARTESIAN_POINT('',(10.899503780729,5.637489405111E-02));
#11715 = CARTESIAN_POINT('',(11.3725002,5.637489405111E-02));
#11716 = CARTESIAN_POINT('',(11.795993038542,-0.11412152522));
#11717 = CARTESIAN_POINT('',(12.120496619271,-0.422117944491));
#11718 = CARTESIAN_POINT('',(12.3075002,-0.840132267407));
#11719 = CARTESIAN_POINT('',(12.3075002,-1.335132267407));
#11720 = CARTESIAN_POINT('',(12.120496619271,-1.753128686678));
#11721 = CARTESIAN_POINT('',(11.795993038542,-2.061125105949));
#11722 = CARTESIAN_POINT('',(11.3725002,-2.23162152522));
#11723 = CARTESIAN_POINT('',(10.899503780729,-2.23162152522));
#11724 = CARTESIAN_POINT('',(10.475993038542,-2.061125105949));
#11725 = CARTESIAN_POINT('',(10.157003780729,-1.753128686678));
#11726 = CARTESIAN_POINT('',(9.9700002,-1.335132267407));
#11727 = CARTESIAN_POINT('',(9.9700002,-1.087632267407));
#11728 = ( GEOMETRIC_REPRESENTATION_CONTEXT(2) 
PARAMETRIC_REPRESENTATION_CONTEXT() REPRESENTATION_CONTEXT('2D SPACE',''
  ) );
#11729 = ADVANCED_FACE('',(#11730),#11703,.T.);
#11730 = FACE_BOUND('',#11731,.T.);
#11731 = EDGE_LOOP('',(#11732));
#11732 = ORIENTED_EDGE('',*,*,#11674,.F.);
#11733 = ( GEOMETRIC_REPRESENTATION_CONTEXT(3) 
GLOBAL_UNCERTAINTY_ASSIGNED_CONTEXT((#11737)) 
GLOBAL_UNIT_ASSIGNED_CONTEXT((#11734,#11735,#11736)) 
REPRESENTATION_CONTEXT('Context #1',
  '3D Context with UNIT and UNCERTAINTY') );
#11734 = ( LENGTH_UNIT() NAMED_UNIT(*) SI_UNIT(.MILLI.,.METRE.) );
#11735 = ( NAMED_UNIT(*) PLANE_ANGLE_UNIT() SI_UNIT($,.RADIAN.) );
#11736 = ( NAMED_UNIT(*) SI_UNIT($,.STERADIAN.) SOLID_ANGLE_UNIT() );
#11737 = UNCERTAINTY_MEASURE_WITH_UNIT(LENGTH_MEASURE(5.E-05),#11734,
  'distance_accuracy_value','confusion accuracy');
#11738 = PRODUCT_RELATED_PRODUCT_CATEGORY('part',$,(#7));
ENDSEC;
END-ISO-10303-21;
